timestamp,symbol,side,quantity,price,commission,signal,risk_score
2024-02-12 09:50:00+00:00,SBER,BUY,70.506944934076,283.69,10.001057604174012,1.0,1.0
2024-02-12 09:50:00+00:00,GAZP,BUY,122.4889759921607,163.31,10.001837334639882,1.0,1.0
2024-02-12 09:50:00+00:00,LKOH,BUY,2.7624309392265194,7240.4,10.000552486187846,1.0,1.0
2024-02-12 09:50:00+00:00,GMKN,BUY,127.14558169103623,157.7,10.025429116338206,1.0,1.0
2024-02-12 09:50:00+00:00,ROSN,BUY,33.89256058295204,590.13,10.000508388408745,1.0,1.0
2024-02-12 10:00:00+00:00,LKOH,SELL,5.524957167437332,7239.6,19.999239954689656,-1.0,1.0
2024-02-12 10:10:00+00:00,LKOH,BUY,5.51426402871433,7267.4,20.037181201139262,1.0,1.0
2024-02-12 10:20:00+00:00,SBER,SELL,140.58348701023453,285.27,20.0521256697048,-1.0,1.0
2024-02-12 10:30:00+00:00,SBER,BUY,140.23037588263537,285.01,19.983529715154955,1.0,1.0
2024-02-12 10:30:00+00:00,GAZP,SELL,245.26249329853366,162.81,19.965593266967133,-1.0,1.0
2024-02-12 10:40:00+00:00,GAZP,BUY,245.49132862690416,162.93,19.998951086590747,1.0,1.0
2024-02-12 10:40:00+00:00,ROSN,SELL,67.78090007119502,589.87,19.990959762497905,-1.0,1.0
2024-02-12 10:50:00+00:00,SBER,SELL,140.33927824171928,284.79,19.98361152522962,-1.0,1.0
2024-02-12 10:50:00+00:00,GAZP,SELL,245.47014957073537,162.82,19.983724876553566,-1.0,1.0
2024-02-12 10:50:00+00:00,LKOH,SELL,5.509770124461264,7247.6,19.96630497702273,-1.0,1.0
2024-02-12 10:50:00+00:00,GMKN,SELL,255.2880065887654,155.6,19.861406912605947,-1.0,1.0
2024-02-12 10:50:00+00:00,ROSN,BUY,67.79017665274014,589.68,19.987255684293903,1.0,1.0
2024-02-12 11:00:00+00:00,SBER,BUY,140.25140746103034,285.28,20.005460760241366,1.0,1.0
2024-02-12 11:00:00+00:00,GAZP,BUY,245.5636689194066,162.77,19.985199195005908,1.0,1.0
2024-02-12 11:00:00+00:00,LKOH,BUY,5.516287354747977,7246.4,19.98661234372287,1.0,1.0
2024-02-12 11:00:00+00:00,GMKN,BUY,256.27626226858445,156.4,20.040803709403306,1.0,1.0
2024-02-12 11:00:00+00:00,ROSN,SELL,67.81143328445984,589.37,19.98301221743105,-1.0,1.0
2024-02-12 11:10:00+00:00,ROSN,BUY,67.87707652869605,588.23,19.96366636323744,1.0,1.0
2024-02-12 11:20:00+00:00,GAZP,SELL,245.47551291132243,162.86,19.98907101636899,-1.0,1.0
2024-02-12 11:30:00+00:00,GAZP,BUY,245.40361407655,162.82,19.978308221971936,1.0,1.0
2024-02-12 11:30:00+00:00,GMKN,SELL,256.1171329660824,155.7,19.938718801409514,-1.0,1.0
2024-02-12 11:40:00+00:00,GAZP,SELL,245.50007042316037,162.71,19.972658229276213,-1.0,1.0
2024-02-12 11:40:00+00:00,GMKN,BUY,255.93299665792716,156.5,20.026756988482802,1.0,1.0
2024-02-12 11:50:00+00:00,GAZP,BUY,245.37046368002277,162.94,19.990331676011454,1.0,1.0
2024-02-12 12:00:00+00:00,ROSN,SELL,67.87556186517142,588.97,19.988334835865007,-1.0,1.0
2024-02-12 12:10:00+00:00,GMKN,SELL,256.5657184221737,154.9,19.871014891797355,-1.0,1.0
2024-02-12 12:10:00+00:00,ROSN,BUY,67.82418093097158,588.88,19.97015183331527,1.0,1.0
2024-02-12 12:20:00+00:00,GMKN,BUY,257.2932466077247,155.6,20.01741458608098,1.0,1.0
2024-02-12 12:20:00+00:00,ROSN,SELL,67.86107598918477,588.22,19.958621059179137,-1.0,1.0
2024-02-12 12:30:00+00:00,LKOH,SELL,5.5131373394819025,7247.1,19.97712880647965,-1.0,1.0
2024-02-12 12:40:00+00:00,LKOH,BUY,5.507990726484828,7252.4,19.973075972379284,1.0,1.0
2024-02-12 12:40:00+00:00,GMKN,SELL,257.3211870178127,154.8,19.916659875178702,-1.0,1.0
2024-02-12 12:40:00+00:00,ROSN,BUY,67.9230947002128,587.63,19.956824069343025,1.0,1.0
2024-02-12 12:50:00+00:00,GMKN,BUY,257.2436605347909,155.6,20.01355678960673,1.0,1.0
2024-02-12 13:00:00+00:00,SBER,SELL,140.00516102540888,285.36,19.975936375105338,-1.0,1.0
2024-02-12 13:00:00+00:00,LKOH,SELL,5.508484966262484,7243.6,19.950630850809468,-1.0,1.0
2024-02-12 13:10:00+00:00,SBER,BUY,139.72256309481043,286.02,19.981723748188838,1.0,1.0
2024-02-12 13:10:00+00:00,LKOH,BUY,5.510964340471157,7242.9,19.95768181079927,1.0,1.0
2024-02-12 13:10:00+00:00,GMKN,SELL,257.0418741101465,155.0,19.920745243536356,-1.0,1.0
2024-02-12 13:10:00+00:00,ROSN,SELL,67.96252786384719,587.22,19.954477806104173,-1.0,1.0
2024-02-12 13:20:00+00:00,ROSN,BUY,67.98544641457903,586.93,19.951349032054434,1.0,1.0
2024-02-12 13:30:00+00:00,SBER,SELL,139.45078450997755,286.39,19.968655087906235,-1.0,1.0
2024-02-12 13:30:00+00:00,GMKN,BUY,256.7151352738424,156.0,20.02378055135971,1.0,1.0
2024-02-12 13:40:00+00:00,SBER,BUY,139.3646628946665,286.28,19.94865784674256,1.0,1.0
2024-02-12 14:00:00+00:00,GAZP,SELL,245.36919946332716,162.49,19.935020610398016,-1.0,1.0
2024-02-12 14:10:00+00:00,SBER,SELL,139.32333789687073,286.5,19.95806815372673,-1.0,1.0
2024-02-12 14:10:00+00:00,GAZP,BUY,245.46043122239948,162.62,19.9583876626933,1.0,1.0
2024-02-12 14:20:00+00:00,ROSN,SELL,67.97547698895411,587.12,19.95488102487737,-1.0,1.0
2024-02-12 14:30:00+00:00,SBER,BUY,139.26688568481552,286.47,19.947892371064555,1.0,1.0
2024-02-12 14:40:00+00:00,ROSN,BUY,67.95269078878448,587.08,19.946832854139796,1.0,1.0
2024-02-12 14:50:00+00:00,LKOH,SELL,5.509016107922278,7242.6,19.949800031618945,-1.0,1.0
2024-02-12 14:50:00+00:00,GMKN,SELL,257.1708523222281,154.3,19.8407312566599,-1.0,1.0
2024-02-12 15:00:00+00:00,LKOH,BUY,5.510842650865004,7232.4,19.928309194058027,1.0,1.0
2024-02-12 15:00:00+00:00,GMKN,BUY,257.9531593635269,154.9,19.97847219270516,1.0,1.0
2024-02-12 15:00:00+00:00,ROSN,SELL,68.03738028901705,585.47,19.91692251890541,-1.0,1.0
2024-02-12 15:10:00+00:00,ROSN,BUY,68.11179157517134,585.63,19.9441542500838,1.0,1.0
2024-02-12 15:20:00+00:00,SBER,SELL,139.32761438251777,286.11,19.93151187549108,-1.0,1.0
2024-02-12 15:30:00+00:00,SBER,BUY,139.40197714765014,286.04,19.937270771656923,1.0,1.0
2024-02-12 15:40:00+00:00,ROSN,SELL,68.10385088324537,585.62,19.941488577123078,-1.0,1.0
2024-02-12 15:50:00+00:00,ROSN,BUY,68.04938175825089,586.53,19.956501941333446,1.0,1.0
2024-02-12 17:00:00+00:00,GAZP,SELL,245.23255553950844,162.7,19.94966839313901,-1.0,1.0
2024-02-12 17:00:00+00:00,ROSN,SELL,67.97255081908347,586.87,19.945525449597756,-1.0,1.0
2024-02-12 17:10:00+00:00,GAZP,BUY,245.01793470691769,162.81,19.945684974816636,1.0,1.0
2024-02-12 17:10:00+00:00,ROSN,BUY,67.94665673310206,586.93,19.939965618179794,1.0,1.0
2024-02-12 17:20:00+00:00,GAZP,SELL,244.89033280298338,162.85,19.94019534848292,-1.0,1.0
2024-02-12 17:30:00+00:00,GAZP,BUY,244.85266408096527,162.86,19.938352436113004,1.0,1.0
2024-02-12 17:40:00+00:00,GAZP,SELL,244.82819894397886,162.91,19.9424809449818,-1.0,1.0
2024-02-12 17:40:00+00:00,LKOH,SELL,5.507828761532341,7249.6,19.96477769480243,-1.0,1.0
2024-02-12 18:00:00+00:00,GAZP,BUY,244.73514980919646,162.99,19.944691033700465,1.0,1.0
2024-02-12 18:00:00+00:00,LKOH,BUY,5.496467013216659,7261.4,19.95602278488572,1.0,1.0
2024-02-12 18:00:00+00:00,GMKN,SELL,257.3304114199939,155.0,19.943106885049524,-1.0,1.0
2024-02-12 18:10:00+00:00,GAZP,SELL,244.67344318763458,162.97,19.937215518144402,-1.0,1.0
2024-02-12 18:10:00+00:00,LKOH,SELL,5.487395798418471,7272.6,19.953817341789087,-1.0,1.0
2024-02-12 18:10:00+00:00,ROSN,SELL,67.88298690000998,587.92,19.954882829126934,-1.0,1.0
2024-02-12 18:20:00+00:00,GAZP,BUY,244.62006776170264,163.02,19.938981723256383,1.0,1.0
2024-02-12 18:20:00+00:00,LKOH,BUY,5.479914285066756,7279.4,19.94524402335747,1.0,1.0
2024-02-12 18:20:00+00:00,GMKN,BUY,256.55093737631057,155.8,19.985318021614596,1.0,1.0
2024-02-12 18:20:00+00:00,ROSN,BUY,67.78334562496002,588.53,19.94626620032886,1.0,1.0
2024-02-12 18:30:00+00:00,SBER,SELL,139.0915955876351,287.25,19.977030416274093,-1.0,1.0
2024-02-12 18:40:00+00:00,SBER,BUY,138.6415214779684,287.78,19.94912852546487,1.0,1.0
2024-02-12 19:10:00+00:00,GAZP,SELL,244.54825761522656,162.99,19.92946025435289,-1.0,1.0
2024-02-12 19:10:00+00:00,ROSN,SELL,67.74455169125818,588.32,19.92773732550051,-1.0,1.0
2024-02-12 19:20:00+00:00,SBER,SELL,138.5830272801524,287.46,19.918538510976305,-1.0,1.0
2024-02-12 19:20:00+00:00,GAZP,BUY,244.5724552130356,162.94,19.925317926206013,1.0,1.0
2024-02-12 19:20:00+00:00,ROSN,BUY,67.75477573836852,588.18,19.926001996896797,1.0,1.0
2024-02-12 19:30:00+00:00,SBER,BUY,138.67301095540356,287.35,19.92384484901761,1.0,1.0
2024-02-12 20:50:00+00:00,LKOH,SELL,5.477442582996618,7275.1,19.92447126777935,-1.0,1.0
2024-02-12 21:00:00+00:00,SBER,SELL,138.6476450308781,287.54,19.933371926089347,-1.0,1.0
2024-02-12 21:00:00+00:00,LKOH,BUY,5.477152070733267,7277.4,19.929713239777136,1.0,1.0
2024-02-12 21:10:00+00:00,GAZP,SELL,244.6596051034137,162.85,19.921408345545462,-1.0,1.0
2024-02-12 21:10:00+00:00,LKOH,SELL,5.47663136013829,7276.1,19.924258719751105,-1.0,1.0
2024-02-12 21:20:00+00:00,SBER,BUY,138.64349774019558,287.33,19.918218102845195,1.0,1.0
2024-02-12 21:20:00+00:00,GAZP,BUY,244.6744515767001,162.89,19.92751070866434,1.0,1.0
2024-02-12 21:20:00+00:00,LKOH,BUY,5.476739784177739,7276.4,19.92547468279545,1.0,1.0
2024-02-12 21:20:00+00:00,ROSN,SELL,67.74508100139022,588.37,19.929586654393983,-1.0,1.0
2024-02-12 21:30:00+00:00,GAZP,SELL,244.6386387023129,162.87,19.92214754272285,-1.0,1.0
2024-02-12 21:40:00+00:00,GAZP,BUY,244.65765658611434,162.84,19.92002639924143,1.0,1.0
2024-02-12 21:40:00+00:00,ROSN,BUY,67.69913802578795,588.78,19.929949243411713,1.0,1.0
2024-02-12 21:50:00+00:00,SBER,SELL,138.68729854967543,287.28,19.921043563675376,-1.0,1.0
2024-02-12 21:50:00+00:00,LKOH,SELL,5.476863929296391,7274.1,19.91962795404744,-1.0,1.0
2024-02-12 22:00:00+00:00,SBER,BUY,138.6796660071878,287.3,19.921334021932527,1.0,1.0
2024-02-12 22:00:00+00:00,LKOH,BUY,5.477594246722038,7272.9,19.918997598492357,1.0,1.0
2024-02-12 22:00:00+00:00,ROSN,SELL,67.62583693592212,589.52,19.933391695232405,-1.0,1.0
2024-02-12 22:10:00+00:00,ROSN,BUY,67.58789627125694,589.38,19.91747715217671,1.0,1.0
2024-02-12 22:20:00+00:00,SBER,SELL,138.70742967629846,287.14,19.914225678626167,-1.0,1.0
2024-02-12 22:30:00+00:00,SBER,BUY,138.71041471660538,287.26,19.92297686574603,1.0,1.0
2024-02-12 22:30:00+00:00,GMKN,SELL,256.3844204733284,155.1,19.882611807706617,-1.0,1.0
2024-02-12 22:40:00+00:00,GMKN,BUY,256.2334328072539,155.8,19.96058441568508,1.0,1.0
2024-02-12 22:50:00+00:00,GAZP,SELL,244.81860822385283,162.58,19.901304662517,-1.0,1.0
2024-02-12 22:50:00+00:00,ROSN,SELL,67.60702571703371,588.97,19.90925496828067,-1.0,1.0
2024-02-12 23:00:00+00:00,GAZP,BUY,244.9656509268582,162.57,19.912032935589668,1.0,1.0
2024-02-12 23:00:00+00:00,GMKN,SELL,256.2444881901347,155.0,19.85894783473544,-1.0,1.0
2024-02-12 23:10:00+00:00,GAZP,SELL,244.99509200161623,162.51,19.907076200591323,-1.0,1.0
2024-02-12 23:10:00+00:00,GMKN,BUY,256.2186478827866,155.8,19.95943267006908,1.0,1.0
2024-02-12 23:10:00+00:00,ROSN,BUY,67.60388904114893,589.13,19.913739575406034,1.0,1.0
2024-02-12 23:20:00+00:00,GAZP,BUY,244.93876471409826,162.59,19.91229687743262,1.0,1.0
2024-02-12 23:20:00+00:00,GMKN,SELL,256.1919810788454,155.0,19.854878533610517,-1.0,1.0
2024-02-12 23:20:00+00:00,ROSN,SELL,67.5972774101175,588.87,19.903004374247946,-1.0,1.0
2024-02-12 23:30:00+00:00,GAZP,SELL,244.8955712250551,162.51,19.89898963989185,-1.0,1.0
2024-02-12 23:30:00+00:00,ROSN,BUY,67.60257307691623,588.83,19.903211552440293,1.0,1.0
2024-02-12 23:40:00+00:00,SBER,SELL,138.61929402157142,287.26,19.909889200318304,-1.0,1.0
2024-02-13 09:50:00+00:00,GAZP,BUY,244.84254786565515,162.63,19.909371779695746,1.0,1.0
2024-02-13 09:50:00+00:00,GMKN,BUY,256.0797036427935,155.9,19.961412898955754,1.0,1.0
2024-02-13 10:00:00+00:00,SBER,BUY,138.48868911356328,287.55,19.911211277302563,1.0,1.0
2024-02-13 10:20:00+00:00,SBER,SELL,138.5844397009937,286.82,19.874394497519503,-1.0,1.0
2024-02-13 10:20:00+00:00,ROSN,SELL,67.53017332725221,589.92,19.918699924606315,-1.0,1.0
2024-02-13 10:30:00+00:00,SBER,BUY,138.8023731340706,286.62,19.89176809384366,1.0,1.0
2024-02-13 10:30:00+00:00,GAZP,SELL,244.65019884726297,162.74,19.90718668020179,-1.0,1.0
2024-02-13 10:30:00+00:00,ROSN,BUY,67.44466325372832,590.23,19.903931796124034,1.0,1.0
2024-02-13 10:40:00+00:00,GAZP,BUY,243.96089094552332,163.48,19.941363225887077,1.0,1.0
2024-02-13 10:50:00+00:00,ROSN,SELL,67.43608419421724,590.02,19.894319198136028,-1.0,1.0
2024-02-13 11:00:00+00:00,ROSN,BUY,67.34267281493396,591.73,19.92433989239044,1.0,1.0
2024-02-13 11:10:00+00:00,GAZP,SELL,243.3697934785116,163.47,19.891830069966144,-1.0,1.0
2024-02-13 11:10:00+00:00,GMKN,SELL,255.92323806772134,155.1,19.846847112151792,-1.0,1.0
2024-02-13 11:10:00+00:00,ROSN,SELL,67.25411330588001,591.42,19.887713845681777,-1.0,1.0
2024-02-13 11:20:00+00:00,GAZP,BUY,243.44943864688378,163.35,19.883732901484233,1.0,1.0
2024-02-13 11:20:00+00:00,GMKN,BUY,256.1795319984137,155.5,19.917958612876667,1.0,1.0
2024-02-13 11:20:00+00:00,ROSN,BUY,67.25339094379126,591.63,19.894561842037614,1.0,1.0
2024-02-13 11:30:00+00:00,GAZP,SELL,243.5661059605165,163.29,19.88595472114637,-1.0,1.0
2024-02-13 11:30:00+00:00,LKOH,SELL,5.465470143126494,7294.6,19.93420925302526,-1.0,1.0
2024-02-13 11:40:00+00:00,SBER,SELL,138.52653957789994,287.78,19.93258377986402,-1.0,1.0
2024-02-13 11:40:00+00:00,GAZP,BUY,243.62595447330852,163.23,19.883532274339075,1.0,1.0
2024-02-13 11:40:00+00:00,LKOH,BUY,5.448173959748811,7306.4,19.903269109754355,1.0,1.0
2024-02-13 11:40:00+00:00,ROSN,SELL,67.19227295651251,592.32,19.89966355880075,-1.0,1.0
2024-02-13 11:50:00+00:00,SBER,BUY,138.34484628652643,287.18,19.86493647828233,1.0,1.0
2024-02-13 11:50:00+00:00,LKOH,SELL,5.446262664916492,7298.6,19.875046343079752,-1.0,1.0
2024-02-13 11:50:00+00:00,ROSN,BUY,67.2439193717583,590.58,19.85645695128651,1.0,1.0
2024-02-13 12:00:00+00:00,LKOH,BUY,5.453229636250699,7287.9,19.871296133015736,1.0,1.0
2024-02-13 12:20:00+00:00,SBER,SELL,138.54453174781918,286.97,19.879062137835838,-1.0,1.0
2024-02-13 12:20:00+00:00,ROSN,SELL,67.31718598352886,591.07,19.894584559642205,-1.0,1.0
2024-02-13 12:30:00+00:00,SBER,BUY,138.54541805356146,287.16,19.892351124130357,1.0,1.0
2024-02-13 12:30:00+00:00,ROSN,BUY,67.25551023908314,591.63,19.895188761374378,1.0,1.0
2024-02-13 12:50:00+00:00,SBER,SELL,138.4921565105493,287.12,19.88193398865446,-1.0,1.0
2024-02-13 12:50:00+00:00,LKOH,SELL,5.453296290422359,7297.1,19.8966241804205,-1.0,1.0
2024-02-13 13:00:00+00:00,SBER,BUY,138.48478447668782,287.14,19.882260507318072,1.0,1.0
2024-02-13 13:00:00+00:00,GMKN,SELL,256.6072161511664,154.5,19.822907447677608,-1.0,1.0
2024-02-13 13:10:00+00:00,GAZP,SELL,243.94865459850936,162.77,19.853761254499684,-1.0,1.0
2024-02-13 13:10:00+00:00,LKOH,BUY,5.448817934858997,7296.9,19.879739794436308,1.0,1.0
2024-02-13 13:10:00+00:00,GMKN,BUY,256.89093814873314,155.1,19.921892253434255,1.0,1.0
2024-02-13 13:20:00+00:00,GAZP,BUY,244.2142029878559,162.78,19.876593981181593,1.0,1.0
2024-02-13 13:40:00+00:00,SBER,SELL,138.58447004426046,286.58,19.85776871264208,-1.0,1.0
2024-02-13 13:40:00+00:00,GAZP,SELL,244.22298985302922,162.72,19.869982454442457,-1.0,1.0
2024-02-13 13:50:00+00:00,SBER,BUY,138.66935407009296,286.67,19.876171865636778,1.0,1.0
2024-02-13 13:50:00+00:00,GAZP,BUY,244.32081788849456,162.64,19.868168910692376,1.0,1.0
2024-02-13 13:50:00+00:00,GMKN,SELL,257.1867997792767,154.1,19.816242922993272,-1.0,1.0
2024-02-13 15:40:00+00:00,GMKN,BUY,257.30481992756347,154.8,19.915393062393413,1.0,1.0
2024-02-13 16:10:00+00:00,LKOH,SELL,5.453397897362198,7279.1,19.84791431734459,-1.0,1.0
2024-02-13 16:20:00+00:00,SBER,SELL,138.68393661885807,286.41,19.86023314350357,-1.0,1.0
2024-02-13 16:20:00+00:00,LKOH,BUY,5.4560120380798365,7285.4,19.87461505111342,1.0,1.0
2024-02-13 16:30:00+00:00,SBER,BUY,138.5660847775265,287.02,19.885618826422828,1.0,1.0
2024-02-13 16:40:00+00:00,GAZP,SELL,244.5265729285146,162.35,19.84944455747217,-1.0,1.0
2024-02-13 16:40:00+00:00,LKOH,SELL,5.454216741609423,7282.1,19.859075867036992,-1.0,1.0
2024-02-13 16:50:00+00:00,GAZP,BUY,244.667063291349,162.36,19.862072197991715,1.0,1.0
2024-02-13 16:50:00+00:00,LKOH,BUY,5.457758888840037,7274.4,19.850960630488984,1.0,1.0
2024-02-13 17:20:00+00:00,GAZP,SELL,244.71499210723275,162.28,19.856174459580867,-1.0,1.0
2024-02-13 17:20:00+00:00,LKOH,SELL,5.461589174348951,7271.6,19.857245920097917,-1.0,1.0
2024-02-13 17:30:00+00:00,GAZP,BUY,244.64214023204383,162.44,19.8698346296466,1.0,1.0
2024-02-13 17:30:00+00:00,LKOH,BUY,5.46431420092178,7266.4,19.85294635478901,1.0,1.0
2024-02-13 17:30:00+00:00,GMKN,SELL,257.4846179328529,153.7,19.78769288813975,-1.0,1.0
2024-02-13 17:30:00+00:00,ROSN,SELL,67.12376961234082,592.57,19.887766079592403,-1.0,1.0
2024-02-13 17:40:00+00:00,GMKN,BUY,257.6917456348487,154.5,19.90668735029206,1.0,1.0
2024-02-13 17:40:00+00:00,ROSN,BUY,67.0756242595019,591.63,19.841975790324554,1.0,1.0
2024-02-13 17:50:00+00:00,SBER,SELL,138.48802392256084,286.52,19.839794307146065,-1.0,1.0
2024-02-13 17:50:00+00:00,GAZP,SELL,244.4838995399242,162.41,19.853315062139544,-1.0,1.0
2024-02-13 17:50:00+00:00,LKOH,SELL,5.469740549455395,7253.6,19.83765502476483,-1.0,1.0
2024-02-13 17:50:00+00:00,GMKN,SELL,257.8041455739732,153.5,19.78646817280244,-1.0,1.0
2024-02-13 17:50:00+00:00,ROSN,SELL,67.10945664087923,591.72,19.85500384177053,-1.0,1.0
2024-02-13 18:00:00+00:00,SBER,BUY,138.58357507966286,286.4,19.845167951407724,1.0,1.0
2024-02-13 18:00:00+00:00,GAZP,BUY,244.60058405396717,162.19,19.83588436385647,1.0,1.0
2024-02-13 18:10:00+00:00,SBER,SELL,138.51252865253642,286.78,19.861311483487196,-1.0,1.0
2024-02-13 18:10:00+00:00,LKOH,BUY,5.466747003333007,7270.4,19.872718706516146,1.0,1.0
2024-02-13 18:10:00+00:00,GMKN,BUY,258.0233683690039,154.2,19.893601701250198,1.0,1.0
2024-02-13 18:10:00+00:00,ROSN,BUY,67.08823988885501,591.78,19.85073930071331,1.0,1.0
2024-02-13 18:20:00+00:00,SBER,BUY,138.3290407032327,287.1,19.857133792949057,1.0,1.0
2024-02-13 18:40:00+00:00,GAZP,SELL,244.88004577074798,161.99,19.834059307201734,-1.0,1.0
2024-02-13 18:40:00+00:00,LKOH,SELL,5.465347738391911,7255.1,19.825822188403578,-1.0,1.0
2024-02-13 18:40:00+00:00,GMKN,SELL,257.5500889667329,154.1,19.844234354886773,-1.0,1.0
2024-02-13 19:00:00+00:00,GAZP,BUY,244.79684256210018,162.25,19.85914385285038,1.0,1.0
2024-02-13 19:00:00+00:00,LKOH,BUY,5.470785759971367,7253.4,19.840898715688155,1.0,1.0
2024-02-13 19:00:00+00:00,GMKN,BUY,256.9866466775102,154.8,19.89076645283929,1.0,1.0
2024-02-13 19:00:00+00:00,ROSN,SELL,67.04132622544955,592.27,19.853283141773503,-1.0,1.0
2024-02-13 19:20:00+00:00,ROSN,BUY,66.96019594686413,592.88,19.849680486488403,1.0,1.0
2024-02-13 19:30:00+00:00,GMKN,SELL,257.09843102420984,153.9,19.783724267312948,-1.0,1.0
2024-02-13 19:40:00+00:00,GMKN,BUY,257.2334468236243,154.6,19.88414543946616,1.0,1.0
2024-02-13 20:00:00+00:00,GAZP,SELL,244.5174272373408,162.26,19.837698871765458,-1.0,1.0
2024-02-13 20:10:00+00:00,GAZP,BUY,244.3742416617647,162.36,19.838300938102062,1.0,1.0
2024-02-13 20:50:00+00:00,SBER,SELL,138.20845947512086,287.03,19.83498706157197,-1.0,1.0
2024-02-13 20:50:00+00:00,ROSN,SELL,66.88912011196243,593.22,19.839981916409176,-1.0,1.0
2024-02-13 21:00:00+00:00,SBER,BUY,138.1537338096358,287.14,19.834731563049413,1.0,1.0
2024-02-13 21:00:00+00:00,LKOH,SELL,5.463934538485685,7268.1,19.856211309583905,-1.0,1.0
2024-02-13 21:00:00+00:00,GMKN,SELL,257.3460968475166,153.7,19.777047542731648,-1.0,1.0
2024-02-13 21:00:00+00:00,ROSN,BUY,66.85241146678112,593.33,19.83277064779262,1.0,1.0
2024-02-13 21:10:00+00:00,LKOH,BUY,5.4531668716328365,7276.4,19.839711712374584,1.0,1.0
2024-02-13 21:10:00+00:00,ROSN,SELL,66.83820872086679,593.32,19.828222999132343,-1.0,1.0
2024-02-13 21:20:00+00:00,SBER,SELL,138.11024008736854,287.13,19.827796618143065,-1.0,1.0
2024-02-13 21:20:00+00:00,GMKN,BUY,257.45819398338864,154.4,19.875772575517605,1.0,1.0
2024-02-13 21:30:00+00:00,SBER,BUY,138.06372328058222,287.21,19.82664098170801,1.0,1.0
2024-02-13 21:30:00+00:00,GAZP,SELL,244.2719895715656,162.31,19.823893313680408,-1.0,1.0
2024-02-13 21:30:00+00:00,ROSN,BUY,66.83510813934939,593.13,19.82095384534615,1.0,1.0
2024-02-13 21:40:00+00:00,GAZP,BUY,244.22177433278705,162.34,19.823481422592327,1.0,1.0
2024-02-13 21:50:00+00:00,GAZP,SELL,244.233463928584,162.28,19.817103263165308,-1.0,1.0
2024-02-13 21:50:00+00:00,GMKN,SELL,257.5251313939326,153.5,19.765053834484327,-1.0,1.0
2024-02-13 22:00:00+00:00,GAZP,BUY,244.21820170719144,162.32,19.820749250555654,1.0,1.0
2024-02-13 22:00:00+00:00,GMKN,BUY,257.4140916820239,154.4,19.87236787785225,1.0,1.0
2024-02-13 22:10:00+00:00,SBER,SELL,138.03754523019597,287.05,19.811838679163877,-1.0,1.0
2024-02-13 22:10:00+00:00,GAZP,SELL,244.1706413659167,162.28,19.812005840430484,-1.0,1.0
2024-02-13 22:10:00+00:00,LKOH,SELL,5.452565566623862,7263.1,19.801264483472888,-1.0,1.0
2024-02-13 22:10:00+00:00,GMKN,SELL,257.3973987805031,153.5,19.755250356403618,-1.0,1.0
2024-02-13 22:10:00+00:00,ROSN,SELL,66.84609599007148,592.72,19.810509007617583,-1.0,1.0
2024-02-13 22:20:00+00:00,SBER,BUY,138.0290154846681,287.05,19.81061444743699,1.0,1.0
2024-02-13 22:20:00+00:00,GAZP,BUY,244.16102209105821,162.27,19.81000452735801,1.0,1.0
2024-02-13 22:20:00+00:00,LKOH,BUY,5.453713888113294,7266.9,19.815796726765246,1.0,1.0
2024-02-13 22:20:00+00:00,ROSN,BUY,66.85152741098182,592.63,19.809110344785076,1.0,1.0
2024-02-13 22:30:00+00:00,SBER,SELL,138.024534122791,286.99,19.805830523949897,-1.0,1.0
2024-02-13 22:30:00+00:00,LKOH,SELL,5.452591334236974,7264.1,19.804084355515403,-1.0,1.0
2024-02-13 22:30:00+00:00,GMKN,BUY,257.43866040723424,154.3,19.86139265041812,1.0,1.0
2024-02-13 22:40:00+00:00,LKOH,BUY,5.452080686212675,7266.4,19.80849954914789,1.0,1.0
2024-02-13 22:50:00+00:00,SBER,BUY,138.00242381612,287.06,19.807487890327703,1.0,1.0
2024-02-13 22:50:00+00:00,GAZP,SELL,244.14660692472714,162.22,19.802731287664617,-1.0,1.0
2024-02-13 22:50:00+00:00,LKOH,SELL,5.4516852472295465,7263.6,19.799430480888265,-1.0,1.0
2024-02-13 22:50:00+00:00,GMKN,SELL,257.3758656822751,153.5,19.753597691114614,-1.0,1.0
2024-02-13 23:00:00+00:00,GAZP,BUY,244.08693983105442,162.27,19.803993863192602,1.0,1.0
2024-02-13 23:00:00+00:00,LKOH,BUY,5.4516138382755965,7264.9,19.80271468684419,1.0,1.0
2024-02-13 23:00:00+00:00,GMKN,BUY,257.32220163134366,154.3,19.852407855858164,1.0,1.0
2024-02-13 23:00:00+00:00,ROSN,SELL,66.82280250747115,592.82,19.806946891239527,-1.0,1.0
2024-02-13 23:10:00+00:00,GMKN,SELL,257.27142458133113,153.5,19.745581836617166,-1.0,1.0
2024-02-13 23:10:00+00:00,ROSN,BUY,66.77754046408984,593.03,19.800542410709596,1.0,1.0
2024-02-13 23:20:00+00:00,LKOH,SELL,5.448178763049848,7269.1,19.801678123242827,-1.0,1.0
2024-02-13 23:20:00+00:00,GMKN,BUY,257.29961892597316,154.2,19.83780061919253,1.0,1.0
2024-02-13 23:30:00+00:00,GAZP,SELL,244.0534990989359,162.15,19.78663743944623,-1.0,1.0
2024-02-13 23:30:00+00:00,LKOH,BUY,5.4432523823150785,7274.4,19.7981975649564,1.0,1.0
2024-02-13 23:30:00+00:00,GMKN,SELL,257.32652215240336,153.4,19.736944249089337,-1.0,1.0
2024-02-13 23:30:00+00:00,ROSN,SELL,66.74107465746769,593.17,19.794401627285055,-1.0,1.0
2024-02-13 23:40:00+00:00,SBER,SELL,137.91948610756612,287.02,19.792825451296814,-1.0,1.0
2024-02-13 23:40:00+00:00,LKOH,SELL,5.441843034837719,7270.1,19.781371523786852,-1.0,1.0
2024-02-13 23:40:00+00:00,GMKN,BUY,257.4115143567086,154.1,19.8335571811844,1.0,1.0
2024-02-13 23:40:00+00:00,ROSN,BUY,66.74444228645702,592.68,19.779048027168674,1.0,1.0
2024-02-14 09:50:00+00:00,GAZP,BUY,243.85230820618938,162.41,19.802026687883608,1.0,1.0
2024-02-14 09:50:00+00:00,ROSN,SELL,66.7040389204428,593.72,19.80176099392265,-1.0,1.0
2024-02-14 10:00:00+00:00,SBER,BUY,137.83750993582436,287.11,19.787263738837268,1.0,1.0
2024-02-14 10:00:00+00:00,GAZP,SELL,243.6643493682338,162.35,19.779453559966377,-1.0,1.0
2024-02-14 10:00:00+00:00,LKOH,BUY,5.440628253820947,7275.4,19.791373398924456,1.0,1.0
2024-02-14 10:00:00+00:00,GMKN,SELL,257.10467248711655,153.7,19.758494080634904,-1.0,1.0
2024-02-14 10:10:00+00:00,SBER,SELL,137.83477407121617,286.94,19.775155035997386,-1.0,1.0
2024-02-14 10:10:00+00:00,GAZP,BUY,243.59354303079925,162.47,19.78832146810698,1.0,1.0
2024-02-14 10:10:00+00:00,GMKN,BUY,256.82961586498897,154.4,19.827246344777148,1.0,1.0
2024-02-14 10:10:00+00:00,ROSN,BUY,66.68215108497321,592.88,19.76725686762946,1.0,1.0
2024-02-14 10:30:00+00:00,SBER,BUY,137.52094719640763,288.28,19.822269328890194,1.0,1.0
2024-02-14 10:30:00+00:00,GMKN,SELL,256.8991306635668,153.6,19.72985323496193,-1.0,1.0
2024-02-14 11:30:00+00:00,GMKN,BUY,256.897338573954,154.3,19.819629670980554,1.0,1.0
2024-02-14 11:40:00+00:00,LKOH,SELL,5.441921667027197,7260.6,19.755808227808835,-1.0,1.0
2024-02-14 12:00:00+00:00,GAZP,SELL,243.6882642822361,162.08,19.748496937432414,-1.0,1.0
2024-02-14 12:10:00+00:00,GAZP,BUY,244.00286121888547,161.93,19.755691658587065,1.0,1.0
2024-02-14 12:10:00+00:00,LKOH,BUY,5.444799526663454,7260.9,19.767072441575337,1.0,1.0
2024-02-14 12:40:00+00:00,SBER,SELL,136.930823592354,289.15,19.796773820864576,-1.0,1.0
2024-02-14 12:40:00+00:00,GAZP,SELL,244.38246591540326,161.54,19.73877177198712,-1.0,1.0
2024-02-14 12:50:00+00:00,LKOH,SELL,5.44871182828145,7247.1,19.74367974536925,-1.0,1.0
2024-02-14 12:50:00+00:00,GMKN,SELL,258.0792898508244,152.1,19.626929993155194,-1.0,1.0
2024-02-14 13:00:00+00:00,GAZP,BUY,244.84072663471392,161.28,19.743956195823333,1.0,1.0
2024-02-14 13:00:00+00:00,LKOH,BUY,5.454724023362756,7242.9,19.754010314407054,1.0,1.0
2024-02-14 13:00:00+00:00,GMKN,BUY,259.178071475808,152.9,19.814163564325522,1.0,1.0
2024-02-14 13:10:00+00:00,SBER,BUY,136.63035776356065,289.28,19.762214946921414,1.0,1.0
2024-02-14 13:20:00+00:00,GMKN,SELL,259.33444921912314,151.8,19.683484695731448,-1.0,1.0
2024-02-14 13:20:00+00:00,ROSN,SELL,66.69765582865341,592.62,19.76318239858829,-1.0,1.0
2024-02-14 13:30:00+00:00,GAZP,SELL,244.84213171450233,161.48,19.76855371462892,-1.0,1.0
2024-02-14 13:30:00+00:00,LKOH,SELL,5.450019454233901,7257.1,19.775668090660425,-1.0,1.0
2024-02-14 13:30:00+00:00,GMKN,BUY,259.4536418491956,152.7,19.809285555186086,1.0,1.0
2024-02-14 13:30:00+00:00,ROSN,BUY,66.64912342022146,592.98,19.760798602861463,1.0,1.0
2024-02-14 13:40:00+00:00,GAZP,BUY,244.45731688067173,161.69,19.763151783217907,1.0,1.0
2024-02-14 13:40:00+00:00,LKOH,BUY,5.438987578262749,7267.9,19.765008910027916,1.0,1.0
2024-02-14 13:50:00+00:00,LKOH,SELL,5.436979597980529,7259.1,19.733789299850233,-1.0,1.0
2024-02-14 14:00:00+00:00,SBER,SELL,136.45247274660176,289.67,19.763093890254066,-1.0,1.0
2024-02-14 14:00:00+00:00,LKOH,BUY,5.443814207017857,7248.9,19.73083240262587,1.0,1.0
2024-02-14 14:10:00+00:00,SBER,BUY,136.30423561749188,289.75,19.747076135084136,1.0,1.0
2024-02-14 14:10:00+00:00,GAZP,SELL,244.0868607609711,161.89,19.757610944296804,-1.0,1.0
2024-02-14 14:10:00+00:00,LKOH,SELL,5.44315519456654,7260.6,19.76028630283491,-1.0,1.0
2024-02-14 14:10:00+00:00,ROSN,SELL,66.60919726783527,592.97,19.74862785195414,-1.0,1.0
2024-02-14 14:20:00+00:00,ROSN,BUY,66.59416073888525,592.93,19.742837863453612,1.0,1.0
2024-02-14 14:30:00+00:00,SBER,SELL,136.3041268684791,289.63,19.7388821324588,-1.0,1.0
2024-02-14 14:30:00+00:00,GAZP,BUY,243.77803638014836,162.06,19.753334287883423,1.0,1.0
2024-02-14 14:30:00+00:00,GMKN,SELL,259.8588182882725,151.3,19.65831960350782,-1.0,1.0
2024-02-14 14:40:00+00:00,SBER,BUY,136.33108073989393,289.58,19.739377180329242,1.0,1.0
2024-02-14 14:40:00+00:00,LKOH,BUY,5.439312704091361,7257.4,19.737634009336322,1.0,1.0
2024-02-14 14:40:00+00:00,GMKN,BUY,260.41926806850796,152.0,19.791864373206604,1.0,1.0
2024-02-14 14:40:00+00:00,ROSN,SELL,66.59339973709913,592.87,19.740614451066982,-1.0,1.0
2024-02-14 14:50:00+00:00,ROSN,BUY,66.58174265962714,592.93,19.73915633758636,1.0,1.0
2024-02-14 15:10:00+00:00,SBER,SELL,136.2736579604105,289.76,19.743327565304273,-1.0,1.0
2024-02-14 15:30:00+00:00,SBER,BUY,136.32827261408733,289.27,19.71783970953852,1.0,1.0
2024-02-14 15:40:00+00:00,GAZP,SELL,243.87117392675668,161.68,19.71454570023901,-1.0,1.0
2024-02-14 15:50:00+00:00,GAZP,BUY,244.0675697258735,161.72,19.735303688034133,1.0,1.0
2024-02-14 16:00:00+00:00,ROSN,SELL,66.59097563421997,592.52,19.72824244139401,-1.0,1.0
2024-02-14 16:10:00+00:00,LKOH,SELL,5.445879854472317,7239.6,19.712995897218896,-1.0,1.0
2024-02-14 16:10:00+00:00,GMKN,SELL,260.17969026651355,151.5,19.7086115376884,-1.0,1.0
2024-02-14 16:10:00+00:00,ROSN,BUY,66.58495997120784,592.98,19.741774781863413,1.0,1.0
2024-02-14 16:20:00+00:00,LKOH,BUY,5.447412880283558,7248.9,19.74387561394374,1.0,1.0
2024-02-14 16:20:00+00:00,GMKN,BUY,259.5871775287071,152.6,19.806501645440353,1.0,1.0
2024-02-14 16:40:00+00:00,LKOH,SELL,5.4437573634413,7246.6,19.724366054956864,-1.0,1.0
2024-02-14 16:50:00+00:00,GAZP,SELL,243.58768029421103,162.26,19.76226850226934,-1.0,1.0
2024-02-14 16:50:00+00:00,LKOH,BUY,5.44368851346695,7248.4,19.729015910506916,1.0,1.0
2024-02-14 17:00:00+00:00,GAZP,BUY,243.16787207594814,162.22,19.723346104080154,1.0,1.0
2024-02-14 17:10:00+00:00,GAZP,SELL,243.1299143425802,162.3,19.729992548900384,-1.0,1.0
2024-02-14 17:10:00+00:00,GMKN,SELL,259.1331767634143,151.9,19.68116477518132,-1.0,1.0
2024-02-14 17:20:00+00:00,GAZP,BUY,243.0290939431647,162.33,19.725456409896964,1.0,1.0
2024-02-14 17:30:00+00:00,GMKN,BUY,259.0318193836554,152.6,19.764127818972906,1.0,1.0
2024-02-14 17:50:00+00:00,ROSN,SELL,66.53300440036321,593.02,19.727701134751698,-1.0,1.0
2024-02-14 18:00:00+00:00,ROSN,BUY,66.50492404357121,593.03,19.719707552779518,1.0,1.0
2024-02-14 18:10:00+00:00,SBER,SELL,136.34855782819773,289.44,19.732363288896774,-1.0,1.0
2024-02-14 18:20:00+00:00,SBER,BUY,136.2491980325192,289.44,19.71798393926618,1.0,1.0
2024-02-14 18:30:00+00:00,LKOH,SELL,5.446712331849304,7234.6,19.70239251799849,-1.0,1.0
2024-02-14 18:40:00+00:00,LKOH,BUY,5.444643292690055,7250.4,19.737920864659987,1.0,1.0
2024-02-14 19:00:00+00:00,SBER,SELL,136.25768596863463,289.34,19.71239942908237,-1.0,1.0
2024-02-14 19:00:00+00:00,GAZP,SELL,243.07418637711405,162.15,19.70723966052452,-1.0,1.0
2024-02-14 19:00:00+00:00,LKOH,SELL,5.438901987533237,7249.1,19.713572198913596,-1.0,1.0
2024-02-14 19:10:00+00:00,SBER,BUY,136.23306220702756,289.5,19.719735754467237,1.0,1.0
2024-02-14 19:10:00+00:00,GAZP,BUY,243.25118293521984,162.03,19.706994585496837,1.0,1.0
2024-02-14 19:10:00+00:00,LKOH,BUY,5.443307695025677,7237.9,19.699058382913172,1.0,1.0
2024-02-14 19:20:00+00:00,SBER,SELL,136.21565686945576,289.4,19.710405549010247,-1.0,1.0
2024-02-14 19:30:00+00:00,SBER,BUY,136.24579075253638,289.34,19.710678548169437,1.0,1.0
2024-02-14 19:40:00+00:00,LKOH,SELL,5.447615565437641,7237.1,19.712469304314375,-1.0,1.0
2024-02-14 19:40:00+00:00,GMKN,SELL,259.15481334516767,151.7,19.656892592230964,-1.0,1.0
2024-02-14 19:50:00+00:00,GMKN,BUY,259.13215818208914,152.6,19.7717836692934,1.0,1.0
2024-02-14 20:00:00+00:00,ROSN,SELL,66.50975061588161,592.52,19.704178717461087,-1.0,1.0
2024-02-14 20:10:00+00:00,LKOH,BUY,5.446165046676969,7238.4,19.710760536933286,1.0,1.0
2024-02-14 20:10:00+00:00,ROSN,BUY,66.50592180545661,592.68,19.708364867829008,1.0,1.0
2024-02-14 20:20:00+00:00,GAZP,SELL,243.3779365724592,161.9,19.701443965540573,-1.0,1.0
2024-02-14 20:20:00+00:00,GMKN,SELL,259.0768672637701,151.7,19.650980381956963,-1.0,1.0
2024-02-14 20:30:00+00:00,GAZP,BUY,243.35395042251386,161.95,19.705586135463058,1.0,1.0
2024-02-14 20:30:00+00:00,GMKN,BUY,259.12467537616413,152.4,19.745300263663708,1.0,1.0
2024-02-14 20:30:00+00:00,ROSN,SELL,66.48899276125407,592.67,19.703015669906225,-1.0,1.0
2024-02-14 20:40:00+00:00,ROSN,BUY,66.47949152908228,592.63,19.698870532440015,1.0,1.0
2024-02-14 21:30:00+00:00,GMKN,SELL,259.08780491626123,151.7,19.65181000289841,-1.0,1.0
2024-02-14 21:40:00+00:00,GMKN,BUY,258.9729653899964,152.5,19.746688610987224,1.0,1.0
2024-02-14 22:00:00+00:00,GAZP,SELL,243.35380137573236,161.78,19.684888993282993,-1.0,1.0
2024-02-14 22:10:00+00:00,SBER,SELL,136.37069864214016,288.53,19.67351883960835,-1.0,1.0
2024-02-14 22:10:00+00:00,GAZP,BUY,243.3754926931734,161.83,19.69272799126813,1.0,1.0
2024-02-14 22:10:00+00:00,GMKN,SELL,259.0350943540794,151.6,19.634860152039217,-1.0,1.0
2024-02-14 22:10:00+00:00,ROSN,SELL,66.49163503602432,592.12,19.68551346876536,-1.0,1.0
2024-02-14 22:20:00+00:00,ROSN,BUY,66.50496241275658,592.03,19.68646644861214,1.0,1.0
2024-02-14 22:30:00+00:00,SBER,BUY,136.3573211762597,289.0,19.703632909969524,1.0,1.0
2024-02-14 22:30:00+00:00,GMKN,BUY,259.18378327169415,152.3,19.73684509613951,1.0,1.0
2024-02-14 23:00:00+00:00,LKOH,SELL,5.4461119090397005,7226.1,19.67707463295589,-1.0,1.0
2024-02-14 23:00:00+00:00,ROSN,SELL,66.5061054986001,591.87,19.681484330728225,-1.0,1.0
2024-02-14 23:10:00+00:00,SBER,SELL,136.25790965884963,288.83,19.67768602338277,-1.0,1.0
2024-02-14 23:10:00+00:00,LKOH,BUY,5.447525272162094,7225.9,19.68163643205804,1.0,1.0
2024-02-14 23:10:00+00:00,ROSN,BUY,66.50978744580593,591.83,19.68124375202566,1.0,1.0
2024-02-14 23:30:00+00:00,SBER,BUY,136.21486951405518,289.08,19.688497239561535,1.0,1.0
2024-02-14 23:30:00+00:00,GAZP,SELL,243.3516119159816,161.72,19.677411339526273,-1.0,1.0
2024-02-14 23:40:00+00:00,GAZP,BUY,243.3420537761485,161.74,19.67907188887713,1.0,1.0
2024-02-14 23:40:00+00:00,GMKN,SELL,259.23802332221146,151.4,19.624318365491412,-1.0,1.0
2024-02-15 09:50:00+00:00,SBER,SELL,136.0852676560857,289.27,19.682692687437953,-1.0,1.0
2024-02-15 10:00:00+00:00,SBER,BUY,136.02712792389252,289.29,19.675643918551437,1.0,1.0
2024-02-15 10:00:00+00:00,LKOH,SELL,5.449282917900426,7219.1,19.669459156307482,-1.0,1.0
2024-02-15 10:00:00+00:00,GMKN,BUY,258.93700523526286,152.6,19.756893499450555,1.0,1.0
2024-02-15 10:10:00+00:00,LKOH,BUY,5.450478287406277,7218.9,19.673228854478584,1.0,1.0
2024-02-15 10:20:00+00:00,GAZP,SELL,242.8678211995532,162.27,19.70508067302575,-1.0,1.0
2024-02-15 10:20:00+00:00,LKOH,SELL,5.455675294706639,7202.6,19.64752343882702,-1.0,1.0
2024-02-15 10:30:00+00:00,SBER,SELL,136.1844655214387,288.47,19.642566384484716,-1.0,1.0
2024-02-15 10:30:00+00:00,GAZP,BUY,242.33491591343966,162.35,19.671536799273465,1.0,1.0
2024-02-15 10:30:00+00:00,LKOH,BUY,5.458611083339697,7208.9,19.67529071934377,1.0,1.0
2024-02-15 10:50:00+00:00,SBER,BUY,136.35205328246167,288.41,19.662647843597387,1.0,1.0
2024-02-15 11:00:00+00:00,SBER,SELL,136.40635425232614,288.24,19.658883774845243,-1.0,1.0
2024-02-15 11:00:00+00:00,LKOH,SELL,5.4521089375997365,7218.6,19.67829678847873,-1.0,1.0
2024-02-15 11:10:00+00:00,SBER,BUY,136.44835982564734,288.18,19.660844167277528,1.0,1.0
2024-02-15 11:10:00+00:00,LKOH,BUY,5.4437711536403315,7229.4,19.677599589063707,1.0,1.0
2024-02-15 11:10:00+00:00,GMKN,SELL,259.2383353775223,150.9,19.55953240423406,-1.0,1.0
2024-02-15 11:30:00+00:00,GMKN,BUY,259.9922084742629,151.5,19.694409791925413,1.0,1.0
2024-02-15 11:40:00+00:00,GAZP,SELL,242.58443819066724,161.82,19.627506894006885,-1.0,1.0
2024-02-15 11:40:00+00:00,GMKN,SELL,260.1378793492846,150.7,19.601389208968595,-1.0,1.0
2024-02-15 11:50:00+00:00,GAZP,BUY,243.06455690026985,161.62,19.642046843110805,1.0,1.0
2024-02-15 11:50:00+00:00,GMKN,BUY,260.28596049485316,151.3,19.690632911435642,1.0,1.0
2024-02-15 12:10:00+00:00,SBER,SELL,136.41477971334643,288.18,19.656005608896088,-1.0,1.0
2024-02-15 12:10:00+00:00,LKOH,SELL,5.441109567901445,7220.6,19.644037872994588,-1.0,1.0
2024-02-15 12:20:00+00:00,SBER,BUY,136.25419141920366,288.66,19.665567447533668,1.0,1.0
2024-02-15 12:20:00+00:00,LKOH,BUY,5.4373497823700445,7234.4,19.667981632788923,1.0,1.0
2024-02-15 12:20:00+00:00,GMKN,SELL,260.65383317319436,150.2,19.575102871306896,-1.0,1.0
2024-02-15 12:30:00+00:00,LKOH,SELL,5.432416187772647,7231.6,19.64253045174834,-1.0,1.0
2024-02-15 12:30:00+00:00,GMKN,BUY,261.13313761406187,150.7,19.67638191921956,1.0,1.0
2024-02-15 12:30:00+00:00,ROSN,SELL,66.59143367632467,589.32,19.62183184706583,-1.0,1.0
2024-02-15 12:40:00+00:00,LKOH,BUY,5.426679229404832,7247.4,19.664657523594286,1.0,1.0
2024-02-15 12:40:00+00:00,ROSN,BUY,66.68318799999554,588.98,19.637532034118685,1.0,1.0
2024-02-15 12:50:00+00:00,GAZP,SELL,243.19370353402832,161.53,19.6415394659258,-1.0,1.0
2024-02-15 12:50:00+00:00,LKOH,SELL,5.421013542623206,7244.6,19.63653735544404,-1.0,1.0
2024-02-15 13:00:00+00:00,GAZP,BUY,243.12873151203505,161.58,19.642370218857312,1.0,1.0
2024-02-15 13:00:00+00:00,LKOH,BUY,5.4216725525673715,7244.9,19.639737738047675,1.0,1.0
2024-02-15 13:10:00+00:00,GAZP,SELL,243.1483986097939,161.49,19.63301744574781,-1.0,1.0
2024-02-15 13:10:00+00:00,ROSN,SELL,66.71022327889375,588.62,19.63348581321122,-1.0,1.0
2024-02-15 13:20:00+00:00,GAZP,BUY,243.16411806030973,161.57,19.64401327750212,1.0,1.0
2024-02-15 13:20:00+00:00,ROSN,BUY,66.72323429857738,588.73,19.640984864300734,1.0,1.0
2024-02-15 13:40:00+00:00,LKOH,SELL,5.4074785026858425,7282.6,19.69025147182996,-1.0,1.0
2024-02-15 13:40:00+00:00,GMKN,SELL,261.42928678062174,149.8,19.58105357986857,-1.0,1.0
2024-02-15 13:50:00+00:00,LKOH,BUY,5.399068006863791,7266.9,19.61724364953924,1.0,1.0
2024-02-15 13:50:00+00:00,GMKN,BUY,261.25348188491733,150.9,19.711575208217017,1.0,1.0
2024-02-15 14:00:00+00:00,SBER,SELL,135.98808983737825,289.05,19.653678683747096,-1.0,1.0
2024-02-15 14:00:00+00:00,LKOH,SELL,5.40718987815341,7258.6,19.624314224782175,-1.0,1.0
2024-02-15 14:10:00+00:00,SBER,BUY,135.82363081839958,289.13,19.635343189261935,1.0,1.0
2024-02-15 14:10:00+00:00,GMKN,SELL,260.9926816890771,150.1,19.587500760765234,-1.0,1.0
2024-02-15 14:10:00+00:00,ROSN,SELL,66.65273928382123,589.67,19.651560386745434,-1.0,1.0
2024-02-15 14:20:00+00:00,LKOH,BUY,5.404175643698183,7271.4,19.647961387793483,1.0,1.0
2024-02-15 14:20:00+00:00,GMKN,BUY,260.8931728467493,150.9,19.684389891287235,1.0,1.0
2024-02-15 14:20:00+00:00,ROSN,BUY,66.5748743965136,589.73,19.63060033892798,1.0,1.0
2024-02-15 14:40:00+00:00,SBER,SELL,135.77901628601356,289.17,19.63160906971327,-1.0,1.0
2024-02-15 14:40:00+00:00,LKOH,SELL,5.398872530952296,7271.1,19.62787102990362,-1.0,1.0
2024-02-15 14:50:00+00:00,SBER,BUY,135.6709550945609,289.51,19.639049104713163,1.0,1.0
2024-02-15 14:50:00+00:00,GAZP,SELL,242.64000739891762,162.09,19.664759399645277,-1.0,1.0
2024-02-15 14:50:00+00:00,LKOH,BUY,5.392920480269897,7286.9,19.648836123839356,1.0,1.0
2024-02-15 14:50:00+00:00,GMKN,SELL,260.3558713137526,150.6,19.604797109925567,-1.0,1.0
2024-02-15 15:00:00+00:00,GAZP,BUY,242.08565218897186,162.15,19.627094251220893,1.0,1.0
2024-02-15 15:00:00+00:00,GMKN,BUY,259.87899564983934,151.4,19.67283997069284,1.0,1.0
2024-02-15 15:00:00+00:00,ROSN,SELL,66.5425464100523,589.92,19.627389489109024,-1.0,1.0
2024-02-15 15:10:00+00:00,GAZP,SELL,242.0126934094264,162.13,19.61875899123515,-1.0,1.0
2024-02-15 15:10:00+00:00,LKOH,SELL,5.385093000694432,7288.6,19.62489442243072,-1.0,1.0
2024-02-15 15:10:00+00:00,ROSN,BUY,66.52246275340917,589.83,19.618472102921668,1.0,1.0
2024-02-15 15:20:00+00:00,GMKN,SELL,259.67955688889515,150.8,19.579838589422696,-1.0,1.0
2024-02-15 15:30:00+00:00,GAZP,BUY,241.97819230482222,162.15,19.618381941113462,1.0,1.0
2024-02-15 15:30:00+00:00,LKOH,BUY,5.384710668352331,7283.9,19.61084701860577,1.0,1.0
2024-02-15 15:30:00+00:00,GMKN,BUY,259.64251504069364,151.4,19.65493838858051,1.0,1.0
2024-02-15 15:30:00+00:00,ROSN,SELL,66.54400810898714,589.37,19.609521029596877,-1.0,1.0
2024-02-15 15:40:00+00:00,LKOH,SELL,5.38569529613674,7283.1,19.612278705646748,-1.0,1.0
2024-02-15 15:40:00+00:00,ROSN,BUY,66.54798929551002,589.53,19.616018064691012,1.0,1.0
2024-02-15 15:50:00+00:00,LKOH,BUY,5.3849905672312435,7283.9,19.611866396327827,1.0,1.0
2024-02-15 16:00:00+00:00,SBER,SELL,135.5769213256516,289.3,19.611201669755506,-1.0,1.0
2024-02-15 16:00:00+00:00,LKOH,SELL,5.383014919748404,7288.1,19.615975518309174,-1.0,1.0
2024-02-15 16:00:00+00:00,GMKN,SELL,259.70457577872475,150.7,19.56873978492691,-1.0,1.0
2024-02-15 16:10:00+00:00,SBER,BUY,135.54200499512746,289.37,19.610894992720016,1.0,1.0
2024-02-15 16:10:00+00:00,LKOH,BUY,5.380674478121978,7288.9,19.60959910179164,1.0,1.0
2024-02-15 16:10:00+00:00,GMKN,BUY,259.47501466719854,151.6,19.66820611177365,1.0,1.0
2024-02-15 16:20:00+00:00,GMKN,SELL,259.37316520308957,150.7,19.543767998052797,-1.0,1.0
2024-02-15 16:40:00+00:00,GAZP,SELL,241.97515552127507,161.98,19.597567845668067,-1.0,1.0
2024-02-15 16:40:00+00:00,LKOH,SELL,5.379108232314856,7288.6,19.603084131025028,-1.0,1.0
2024-02-15 16:40:00+00:00,GMKN,BUY,259.3504061841209,151.6,19.658760788756364,1.0,1.0
2024-02-15 16:40:00+00:00,ROSN,SELL,66.54552518964283,588.97,19.596658985471972,-1.0,1.0
2024-02-15 16:50:00+00:00,GAZP,BUY,241.9412571222656,162.04,19.60208065204596,1.0,1.0
2024-02-15 16:50:00+00:00,LKOH,BUY,5.37809529941465,7287.9,19.597510366302014,1.0,1.0
2024-02-15 16:50:00+00:00,ROSN,BUY,66.5482225235624,589.03,19.599449756526983,1.0,1.0
2024-02-15 17:00:00+00:00,SBER,SELL,135.50632637379027,289.22,19.595569856913816,-1.0,1.0
2024-02-15 17:00:00+00:00,ROSN,SELL,66.54424296722742,588.87,19.592954178055606,-1.0,1.0
2024-02-15 17:10:00+00:00,SBER,BUY,135.49592396709488,289.21,19.593388085261754,1.0,1.0
2024-02-15 17:10:00+00:00,ROSN,BUY,66.51525299527125,589.43,19.603042786501366,1.0,1.0
2024-02-15 17:30:00+00:00,LKOH,SELL,5.382197625664514,7274.6,19.576667423829537,-1.0,1.0
2024-02-15 17:40:00+00:00,LKOH,BUY,5.384733405059414,7279.4,19.59881417439475,1.0,1.0
2024-02-15 18:00:00+00:00,LKOH,SELL,5.379769520633175,7288.6,19.605494064043484,-1.0,1.0
2024-02-15 18:00:00+00:00,GMKN,SELL,259.27538911338564,150.8,19.54936433914928,-1.0,1.0
2024-02-15 18:10:00+00:00,LKOH,BUY,5.375251224207105,7290.4,19.593865762479737,1.0,1.0
2024-02-15 18:10:00+00:00,ROSN,SELL,66.44851317034743,589.87,19.597992231896416,-1.0,1.0
2024-02-15 18:20:00+00:00,SBER,SELL,135.29315772699027,289.97,19.615478473047688,-1.0,1.0
2024-02-15 18:20:00+00:00,GMKN,BUY,258.7238674854193,152.1,19.675950122266137,1.0,1.0
2024-02-15 18:20:00+00:00,ROSN,BUY,66.41886594640066,589.78,19.58625937893409,1.0,1.0
2024-02-15 18:30:00+00:00,SBER,BUY,135.0761826662372,290.03,19.58807262934439,1.0,1.0
2024-02-15 18:30:00+00:00,GAZP,SELL,241.90727223681884,161.9,19.582393687570487,-1.0,1.0
2024-02-15 18:30:00+00:00,ROSN,SELL,66.41026423004166,589.92,19.588371537293085,-1.0,1.0
2024-02-15 18:40:00+00:00,SBER,SELL,135.06290878395498,289.97,19.582095830041716,-1.0,1.0
2024-02-15 18:40:00+00:00,ROSN,BUY,66.36998870912237,590.38,19.591756967045832,1.0,1.0
2024-02-15 19:00:00+00:00,GAZP,BUY,241.8938833169645,161.94,19.586147732174613,1.0,1.0
2024-02-15 19:10:00+00:00,SBER,BUY,135.06176876433466,289.97,19.581930544297062,1.0,1.0
2024-02-15 19:20:00+00:00,GAZP,SELL,241.95469980517328,161.78,19.57171566724047,-1.0,1.0
2024-02-15 19:20:00+00:00,LKOH,SELL,5.374310493703447,7286.1,19.578881844086343,-1.0,1.0
2024-02-15 19:30:00+00:00,GAZP,BUY,242.024068292912,161.83,19.583377485920977,1.0,1.0
2024-02-15 19:30:00+00:00,LKOH,BUY,5.374419041927655,7286.9,19.581427058311313,1.0,1.0
2024-02-15 20:00:00+00:00,GAZP,SELL,241.92098263839543,161.91,19.5847131494913,-1.0,1.0
2024-02-15 20:10:00+00:00,SBER,SELL,135.00887285619277,290.14,19.585737185247883,-1.0,1.0
2024-02-15 20:10:00+00:00,GAZP,BUY,241.84004048051003,161.93,19.580578877504497,1.0,1.0
2024-02-15 20:10:00+00:00,LKOH,SELL,5.373840415726826,7287.1,19.579856246721477,-1.0,1.0
2024-02-15 20:20:00+00:00,SBER,BUY,134.93279108789804,290.25,19.5821213066312,1.0,1.0
2024-02-15 20:20:00+00:00,LKOH,BUY,5.3746240454059055,7283.9,19.57411204216604,1.0,1.0
2024-02-15 20:20:00+00:00,GMKN,SELL,258.068954812121,151.4,19.535819879277557,-1.0,1.0
2024-02-15 20:30:00+00:00,GAZP,SELL,241.8718445925162,161.82,19.569850945980484,-1.0,1.0
2024-02-15 20:30:00+00:00,GMKN,BUY,257.93302452915066,152.2,19.628703166668366,1.0,1.0
2024-02-15 20:30:00+00:00,ROSN,SELL,66.34509332874434,590.02,19.57246598291287,-1.0,1.0
2024-02-15 20:40:00+00:00,GAZP,BUY,241.88953264996042,161.84,19.573700982034797,1.0,1.0
2024-02-15 20:40:00+00:00,GMKN,SELL,257.9060668314611,151.4,19.523489259141606,-1.0,1.0
2024-02-15 20:40:00+00:00,ROSN,BUY,66.34180632773352,590.08,19.5734865389345,1.0,1.0
2024-02-15 20:50:00+00:00,SBER,SELL,134.9477973730908,289.9,19.560683229229507,-1.0,1.0
2024-02-15 20:50:00+00:00,LKOH,SELL,5.37263052366793,7288.1,19.578134259772124,-1.0,1.0
2024-02-15 20:50:00+00:00,GMKN,BUY,257.8450962324745,152.2,19.622011823291306,1.0,1.0
2024-02-15 20:50:00+00:00,ROSN,SELL,66.32768201951023,590.07,19.568987664626206,-1.0,1.0
2024-02-15 21:00:00+00:00,SBER,BUY,134.9549049682222,290.01,19.56913599491706,1.0,1.0
2024-02-15 21:10:00+00:00,LKOH,BUY,5.371229580443843,7282.4,19.557721148312122,1.0,1.0
2024-02-15 21:10:00+00:00,ROSN,BUY,66.32610728658076,589.88,19.562222083104132,1.0,1.0
2024-02-15 21:20:00+00:00,SBER,SELL,134.91649078434318,290.0,19.562891163729763,-1.0,1.0
2024-02-15 21:30:00+00:00,SBER,BUY,134.9069927820525,290.03,19.56353755828934,1.0,1.0
2024-02-15 21:30:00+00:00,LKOH,SELL,5.372564738102181,7282.6,19.56311998085147,-1.0,1.0
2024-02-15 21:40:00+00:00,LKOH,BUY,5.373007213943867,7280.4,19.558820860198466,1.0,1.0
2024-02-15 21:50:00+00:00,ROSN,SELL,66.32111501516206,589.97,19.563734112747582,-1.0,1.0
2024-02-15 22:00:00+00:00,SBER,SELL,134.91239944443373,289.95,19.55892510945678,-1.0,1.0
2024-02-15 22:00:00+00:00,GAZP,SELL,241.90714884453575,161.69,19.556983448336496,-1.0,1.0
2024-02-15 22:00:00+00:00,GMKN,SELL,257.8300576179762,151.3,19.5048438587999,-1.0,1.0
2024-02-15 22:00:00+00:00,ROSN,BUY,66.31133043302827,589.98,19.561179364439013,1.0,1.0
2024-02-15 22:10:00+00:00,SBER,BUY,134.89577585463357,290.02,19.561236456680415,1.0,1.0
2024-02-15 22:10:00+00:00,GAZP,BUY,241.8707221458165,161.77,19.56371336076437,1.0,1.0
2024-02-15 22:10:00+00:00,GMKN,BUY,257.82857549924825,152.1,19.607863166717827,1.0,1.0
2024-02-15 22:10:00+00:00,ROSN,SELL,66.31813488734048,589.72,19.554565252881215,-1.0,1.0
2024-02-15 22:20:00+00:00,GMKN,SELL,257.80636319319456,151.3,19.50305137556517,-1.0,1.0
2024-02-15 22:30:00+00:00,GMKN,BUY,257.79638852617154,152.1,19.605415347415345,1.0,1.0
2024-02-15 22:30:00+00:00,ROSN,BUY,66.31352302339575,589.73,19.55353696629359,1.0,1.0
2024-02-15 22:40:00+00:00,SBER,SELL,134.85523249575442,289.92,19.548614502584563,-1.0,1.0
2024-02-15 22:40:00+00:00,LKOH,SELL,5.372247064802322,7279.1,19.552561804701295,-1.0,1.0
2024-02-15 22:50:00+00:00,SBER,BUY,134.81049505491544,290.05,19.55089204533911,1.0,1.0
2024-02-15 22:50:00+00:00,ROSN,SELL,66.28933437144266,589.82,19.54938759948216,-1.0,1.0
2024-02-15 23:00:00+00:00,LKOH,BUY,5.369063537460244,7282.9,19.551176418484605,1.0,1.0
2024-02-15 23:00:00+00:00,ROSN,BUY,66.26935757634291,589.93,19.547141057505986,1.0,1.0
2024-02-15 23:10:00+00:00,LKOH,SELL,5.3676077297671245,7281.6,19.542386222536148,-1.0,1.0
2024-02-15 23:30:00+00:00,SBER,SELL,134.7895297539207,289.96,19.541786023723425,-1.0,1.0
2024-02-15 23:30:00+00:00,LKOH,BUY,5.368392058456353,7280.4,19.542020771192814,1.0,1.0
2024-02-15 23:30:00+00:00,ROSN,SELL,66.26337748438337,589.87,19.54338923835661,-1.0,1.0
2024-02-15 23:40:00+00:00,SBER,BUY,134.76016435995075,290.13,19.548983242876258,1.0,1.0
2024-02-15 23:40:00+00:00,ROSN,BUY,66.23990855155137,590.28,19.550046609904868,1.0,1.0
2024-02-16 10:00:00+00:00,GAZP,SELL,241.56838045683668,161.95,19.56099960749235,-1.0,1.0
2024-02-16 10:10:00+00:00,ROSN,SELL,66.26573868012724,589.47,19.530832489887302,-1.0,1.0
2024-02-16 10:20:00+00:00,GAZP,BUY,241.4151563678805,161.88,19.540142756416248,1.0,1.0
2024-02-16 10:20:00+00:00,ROSN,BUY,66.29818416007508,589.78,19.55067152696454,1.0,1.0
2024-02-16 10:30:00+00:00,SBER,SELL,134.41059141944083,291.46,19.58765548755511,-1.0,1.0
2024-02-16 10:30:00+00:00,ROSN,SELL,66.31034980626129,589.17,19.53403439767748,-1.0,1.0
2024-02-16 10:40:00+00:00,ROSN,BUY,66.3176591616492,589.53,19.54812480278353,1.0,1.0
2024-02-16 10:50:00+00:00,SBER,BUY,133.99856383572606,291.89,19.556420399005038,1.0,1.0
2024-02-16 11:10:00+00:00,GAZP,SELL,241.6627540726355,161.59,19.525142215298583,-1.0,1.0
2024-02-16 11:10:00+00:00,GMKN,SELL,257.038635742464,152.1,19.54778824821439,-1.0,1.0
2024-02-16 11:20:00+00:00,SBER,SELL,133.96493033778523,291.52,19.526728246035574,-1.0,1.0
2024-02-16 11:20:00+00:00,GAZP,BUY,241.83055241078807,161.59,19.538699482029624,1.0,1.0
2024-02-16 11:20:00+00:00,GMKN,BUY,256.29565240522516,152.9,19.593802626379464,1.0,1.0
2024-02-16 11:30:00+00:00,SBER,BUY,134.0799516235233,291.27,19.526733754691815,1.0,1.0
2024-02-16 11:50:00+00:00,ROSN,SELL,66.28503584498137,589.42,19.53486291387446,-1.0,1.0
2024-02-16 12:10:00+00:00,ROSN,BUY,66.3080826155157,588.88,19.523751845312443,1.0,1.0
2024-02-16 12:20:00+00:00,SBER,SELL,134.07622671468613,291.48,19.54026928139836,-1.0,1.0
2024-02-16 12:30:00+00:00,SBER,BUY,134.020586520738,291.51,19.534170588330166,1.0,1.0
2024-02-16 12:40:00+00:00,ROSN,SELL,66.28995737180226,589.72,19.546256830649614,-1.0,1.0
2024-02-16 12:50:00+00:00,ROSN,BUY,66.24031950688554,589.73,19.531951811397803,1.0,1.0
2024-02-16 13:00:00+00:00,GAZP,SELL,241.57258576300453,161.87,19.55167722872877,-1.0,1.0
2024-02-16 13:10:00+00:00,SBER,SELL,134.08746830043196,291.15,19.519783197835384,-1.0,1.0
2024-02-16 13:10:00+00:00,GMKN,SELL,256.4034721411313,151.9,19.473843709118924,-1.0,1.0
2024-02-16 13:20:00+00:00,SBER,BUY,134.13344459045942,291.24,19.5325122012627,1.0,1.0
2024-02-16 13:20:00+00:00,GAZP,BUY,241.23946158823642,161.96,19.535571599415388,1.0,1.0
2024-02-16 13:20:00+00:00,GMKN,BUY,256.5619424068842,152.6,19.575676205645266,1.0,1.0
2024-02-16 13:20:00+00:00,ROSN,SELL,66.2235050538667,589.92,19.533285050688523,-1.0,1.0
2024-02-16 13:30:00+00:00,LKOH,SELL,5.371169338136169,7266.6,19.515069556250143,-1.0,1.0
2024-02-16 13:30:00+00:00,GMKN,SELL,256.49528083632623,151.9,19.48081657951898,-1.0,1.0
2024-02-16 13:30:00+00:00,ROSN,BUY,66.1944244793932,589.98,19.526693277176204,1.0,1.0
2024-02-16 13:40:00+00:00,LKOH,BUY,5.377239781411001,7255.4,19.507012755024686,1.0,1.0
2024-02-16 13:40:00+00:00,GMKN,BUY,256.514852043274,152.5,19.55925746829964,1.0,1.0
2024-02-16 14:40:00+00:00,ROSN,SELL,66.26827352666048,588.12,19.486848513249782,-1.0,1.0
2024-02-16 14:50:00+00:00,SBER,SELL,134.50453922205003,289.23,19.451373939596767,-1.0,1.0
2024-02-16 14:50:00+00:00,ROSN,BUY,66.35163938600144,588.08,19.510036045059863,1.0,1.0
2024-02-16 15:00:00+00:00,GAZP,SELL,241.28455540372542,161.62,19.498204922175052,-1.0,1.0
2024-02-16 15:00:00+00:00,ROSN,SELL,66.35845082590987,587.92,19.506730204784464,-1.0,1.0
2024-02-16 15:10:00+00:00,SBER,BUY,134.92622448026756,289.13,19.505609641989878,1.0,1.0
2024-02-16 15:10:00+00:00,GAZP,BUY,241.387225784697,161.66,19.51132946017706,1.0,1.0
2024-02-16 15:10:00+00:00,LKOH,SELL,5.394552353601904,7214.6,19.459768705148154,-1.0,1.0
2024-02-16 15:20:00+00:00,LKOH,BUY,5.404037405962038,7223.9,19.519112908464585,1.0,1.0
2024-02-16 15:20:00+00:00,ROSN,BUY,66.36143395945842,587.88,19.50627989804321,1.0,1.0
2024-02-16 15:40:00+00:00,ROSN,SELL,66.43347280667462,586.42,19.478958561645065,-1.0,1.0
2024-02-16 15:50:00+00:00,SBER,SELL,135.2956751475973,287.54,19.451459215970065,-1.0,1.0
2024-02-16 15:50:00+00:00,ROSN,BUY,66.4766471032317,587.03,19.51189307450505,1.0,1.0
2024-02-16 16:00:00+00:00,SBER,BUY,135.5711525849997,287.82,19.510044568507308,1.0,1.0
2024-02-16 16:00:00+00:00,GAZP,SELL,241.4154393689053,161.5,19.494296729039103,-1.0,1.0
2024-02-16 16:10:00+00:00,GAZP,BUY,241.40175162925811,161.6,19.505261531644052,1.0,1.0
2024-02-16 16:10:00+00:00,LKOH,SELL,5.3995470003509745,7223.1,19.50073396911756,-1.0,1.0
2024-02-16 16:10:00+00:00,ROSN,SELL,66.49184113386193,586.07,19.48443666666123,-1.0,1.0
2024-02-16 16:20:00+00:00,SBER,SELL,135.3827836425047,288.26,19.512720606394204,-1.0,1.0
2024-02-16 16:20:00+00:00,LKOH,BUY,5.39671251412075,7228.4,19.504798368535216,1.0,1.0
2024-02-16 16:30:00+00:00,SBER,BUY,135.26277645365496,288.27,19.496100284147555,1.0,1.0
2024-02-16 16:30:00+00:00,GAZP,SELL,241.54845986372328,161.27,19.477260061111327,-1.0,1.0
2024-02-16 16:30:00+00:00,LKOH,SELL,5.395070651358571,7226.1,19.492660016891087,-1.0,1.0
2024-02-16 16:40:00+00:00,GAZP,BUY,241.68233998941074,161.38,19.501348013745552,1.0,1.0
2024-02-16 16:50:00+00:00,GAZP,SELL,241.70806928263758,161.22,19.48408746487342,-1.0,1.0
2024-02-16 16:50:00+00:00,LKOH,BUY,5.398789219447943,7217.4,19.48261065622179,1.0,1.0
2024-02-16 16:50:00+00:00,ROSN,BUY,66.53719053516733,585.98,19.494731454898677,1.0,1.0
2024-02-16 17:00:00+00:00,GAZP,BUY,241.7688411377565,161.28,19.496239349348684,1.0,1.0
2024-02-16 17:10:00+00:00,ROSN,SELL,66.53673015913421,585.87,19.49093704916598,-1.0,1.0
2024-02-16 17:20:00+00:00,ROSN,BUY,66.53065430620947,586.03,19.494479671533966,1.0,1.0
2024-02-16 17:40:00+00:00,GMKN,SELL,257.4196147344952,150.6,19.383696989507488,-1.0,1.0
2024-02-16 17:50:00+00:00,GMKN,BUY,258.20542859629757,151.4,19.546150944739725,1.0,1.0
2024-02-16 18:00:00+00:00,LKOH,SELL,5.389697228370094,7247.1,19.529837391860458,-1.0,1.0
2024-02-16 18:10:00+00:00,LKOH,BUY,5.379327069210678,7242.4,19.479619183025704,1.0,1.0
2024-02-16 18:20:00+00:00,LKOH,SELL,5.386469459014119,7226.6,19.462930096255718,-1.0,1.0
2024-02-16 18:20:00+00:00,ROSN,SELL,66.62533691394972,583.92,19.45193336539676,-1.0,1.0
2024-02-16 18:30:00+00:00,LKOH,BUY,5.394929078790131,7218.9,19.472726763439038,1.0,1.0
2024-02-16 18:30:00+00:00,ROSN,BUY,66.78017804674576,583.08,19.46909310774826,1.0,1.0
2024-02-16 19:10:00+00:00,GMKN,SELL,258.7286250239613,149.9,19.391710445545897,-1.0,1.0
2024-02-16 19:20:00+00:00,GMKN,BUY,259.15567107527414,150.8,19.540337599075674,1.0,1.0
2024-02-16 19:30:00+00:00,GMKN,SELL,259.0764728306218,150.0,19.430735462296635,-1.0,1.0
2024-02-16 19:30:00+00:00,ROSN,SELL,66.69034920272796,585.42,19.5209321151305,-1.0,1.0
2024-02-16 19:40:00+00:00,SBER,SELL,135.18421343985366,288.31,19.487480288422105,-1.0,1.0
2024-02-16 19:40:00+00:00,GMKN,BUY,259.0740600202705,150.8,19.534184125528398,1.0,1.0
2024-02-16 19:40:00+00:00,ROSN,BUY,66.51920433544493,585.88,19.48613571802524,1.0,1.0
2024-02-16 19:50:00+00:00,SBER,BUY,135.04184813696656,288.55,19.483162639960852,1.0,1.0
2024-02-16 20:00:00+00:00,GMKN,SELL,259.07773375840554,149.9,19.417876145192494,-1.0,1.0
2024-02-16 20:10:00+00:00,SBER,SELL,134.96957073736462,288.52,19.47071027457222,-1.0,1.0
2024-02-16 20:10:00+00:00,GMKN,BUY,258.99893149383865,150.8,19.528519434635438,1.0,1.0
2024-02-16 20:20:00+00:00,SBER,BUY,134.96341924377742,288.49,19.467798408818677,1.0,1.0
2024-02-16 20:30:00+00:00,SBER,SELL,134.99005562728735,288.35,19.462191270064157,-1.0,1.0
2024-02-16 20:30:00+00:00,GMKN,SELL,258.9398860734527,149.9,19.407544461205283,-1.0,1.0
2024-02-16 20:40:00+00:00,SBER,BUY,135.00773220767755,288.36,19.46541482970295,1.0,1.0
2024-02-16 20:40:00+00:00,GMKN,BUY,258.93019578538537,150.8,19.52333676221806,1.0,1.0
2024-02-16 21:00:00+00:00,SBER,SELL,135.07306231120188,287.97,19.448494876878407,-1.0,1.0
2024-02-16 21:10:00+00:00,SBER,BUY,135.1900437266084,287.8,19.45384729225895,1.0,1.0
2024-02-16 21:10:00+00:00,ROSN,SELL,66.45017452255115,586.02,19.47056563685271,-1.0,1.0
2024-02-16 21:20:00+00:00,LKOH,SELL,5.389412872061941,7232.6,19.4897337692376,-1.0,1.0
2024-02-16 21:20:00+00:00,ROSN,BUY,66.4078884922447,586.08,19.460167643767385,1.0,1.0
2024-02-16 21:30:00+00:00,LKOH,BUY,5.380892595175698,7232.4,19.45838380267436,1.0,1.0
2024-02-16 21:30:00+00:00,GMKN,SELL,258.8768355160847,149.9,19.402818821930552,-1.0,1.0
2024-02-16 21:30:00+00:00,ROSN,SELL,66.39762203408304,586.17,19.460147053859227,-1.0,1.0
2024-02-16 21:40:00+00:00,SBER,SELL,135.19593632399625,287.87,19.4594270947944,-1.0,1.0
2024-02-16 21:40:00+00:00,LKOH,SELL,5.383100514459949,7225.1,19.44671976351229,-1.0,1.0
2024-02-16 21:40:00+00:00,GMKN,BUY,258.8510718720466,150.7,19.50442826555871,1.0,1.0
2024-02-16 21:40:00+00:00,ROSN,BUY,66.38475135513985,586.18,19.45670677467794,1.0,1.0
2024-02-16 21:50:00+00:00,SBER,BUY,135.10144473151593,288.07,19.459336591903895,1.0,1.0
2024-02-16 21:50:00+00:00,LKOH,BUY,5.384052065170229,7226.9,19.45500293488936,1.0,1.0
2024-02-16 22:00:00+00:00,SBER,SELL,135.03972931535063,288.06,19.44977221328995,-1.0,1.0
2024-02-16 22:00:00+00:00,GMKN,SELL,258.8785496598783,149.8,19.390003369524887,-1.0,1.0
2024-02-16 22:10:00+00:00,SBER,BUY,134.97321289342506,288.28,19.455038906458284,1.0,1.0
2024-02-16 22:10:00+00:00,GMKN,BUY,258.8528407990447,150.7,19.504561554208017,1.0,1.0
2024-02-16 22:20:00+00:00,LKOH,SELL,5.382619534789152,7224.6,19.443636545518853,-1.0,1.0
2024-02-16 22:30:00+00:00,SBER,SELL,134.9262846394845,288.15,19.439504459433728,-1.0,1.0
2024-02-16 22:30:00+00:00,LKOH,BUY,5.382769062787849,7223.4,19.440947024070876,1.0,1.0
2024-02-16 22:40:00+00:00,SBER,BUY,134.93653367884997,288.18,19.443005137785494,1.0,1.0
2024-02-16 22:40:00+00:00,LKOH,SELL,5.380750775906815,7229.6,19.450337904747958,-1.0,1.0
2024-02-16 23:00:00+00:00,SBER,SELL,134.97602591174797,287.96,19.433848210773473,-1.0,1.0
2024-02-16 23:00:00+00:00,GAZP,SELL,241.49482890038723,161.15,19.458445838648704,-1.0,1.0
2024-02-16 23:10:00+00:00,SBER,BUY,135.01499692065994,287.98,19.440809406605826,1.0,1.0
2024-02-16 23:10:00+00:00,LKOH,BUY,5.379443350769412,7225.9,19.435659854162346,1.0,1.0
2024-02-16 23:10:00+00:00,ROSN,SELL,66.37501731099894,585.77,19.440246945131925,-1.0,1.0
2024-02-16 23:20:00+00:00,GAZP,BUY,241.17238020241703,161.27,19.4469348776219,1.0,1.0
2024-02-16 23:20:00+00:00,GMKN,SELL,258.83107591638793,149.8,19.386447586137457,-1.0,1.0
2024-02-16 23:20:00+00:00,ROSN,BUY,66.36191103412654,585.93,19.441717266112878,1.0,1.0
2024-02-16 23:30:00+00:00,SBER,SELL,134.9720586389265,288.05,19.43935074547139,-1.0,1.0
2024-02-16 23:30:00+00:00,GAZP,SELL,241.06603938587335,161.24,19.434744095289112,-1.0,1.0
2024-02-16 23:30:00+00:00,LKOH,SELL,5.3784344624645115,7229.6,19.441964894916715,-1.0,1.0
2024-02-16 23:30:00+00:00,GMKN,BUY,258.74009129545874,150.7,19.496065879112816,1.0,1.0
2024-02-16 23:30:00+00:00,ROSN,SELL,66.35333854669764,585.77,19.433897560249537,-1.0,1.0
2024-02-16 23:40:00+00:00,GMKN,SELL,258.63735807054763,149.8,19.37193811948402,-1.0,1.0
