symbol,trade_id,entry_dt,exit_dt,entry_price,exit_price,direction,qty,pnl_abs,pnl_rel,bars_in_trade,max_favorable_excursion,max_adverse_excursion,exit_reason,profile
NVTK,1,2022-01-05 14:30:00+00:00,2022-01-05 20:00:00+00:00,1765.6,1749.0,1,119.86301369862971,-2220.3304794520363,-0.002220330479452036,12,13.200000000000045,-10.599999999999909,stop_atr,range_v0_aggressive
NVTK,2,2022-01-05 20:00:00+00:00,2022-01-05 21:30:00+00:00,1749.0,1734.0,1,110.51357099119966,-1868.497150176609,-0.0018726550632911345,4,0.0,-5.7999999999999545,stop_atr,range_v0_aggressive
NVTK,3,2022-01-05 21:30:00+00:00,2022-01-05 23:00:00+00:00,1734.0,1716.0,1,109.95864679168125,-2186.81358393424,-0.0021957917981072525,4,0.20000000000004547,-13.799999999999955,stop_atr,range_v0_aggressive
NVTK,4,2022-01-05 23:00:00+00:00,2022-01-06 18:30:00+00:00,1716.0,1745.8,1,85.77152295320664,2391.277466756675,0.00240637903822441,27,39.0,-8.200000000000045,signal_change,range_v0_aggressive
NVTK,5,2022-01-13 13:30:00+00:00,2022-01-13 14:00:00+00:00,1766.0,1747.0,1,94.86815583363767,-1984.8030959046173,-0.0019925428571428605,2,0.0,0.0,stop_atr,range_v0_aggressive
NVTK,6,2022-01-13 14:00:00+00:00,2022-01-13 15:30:00+00:00,1747.0,1725.8,1,95.8528351529068,-2214.045210439204,-0.002227116528925627,4,0.0,-16.0,stop_atr,range_v0_aggressive
NVTK,7,2022-01-13 15:30:00+00:00,2022-01-14 11:00:00+00:00,1725.8,1777.0,1,83.35435192830688,4104.810067015055,0.004138260504201693,27,25.0,-5.0,take_atr,range_v0_aggressive
NVTK,8,2022-01-14 13:00:00+00:00,2022-01-17 10:00:00+00:00,1708.8,1732.0,1,47.98452296006237,1021.8208195299383,0.001025902271163114,30,30.200000000000045,-8.799999999999955,signal_change,range_v0_aggressive
NVTK,9,2022-01-17 12:00:00+00:00,2022-01-17 14:00:00+00:00,1704.6,1674.2,1,64.20702789175508,-2070.1385946153596,-0.0020762772769089186,5,0.0,-21.0,stop_atr,range_v0_aggressive
NVTK,10,2022-01-17 14:00:00+00:00,2022-01-17 17:30:00+00:00,1674.2,1640.0,1,62.464690239205886,-2248.9787073723714,-0.0022603408071748907,8,2.599999999999909,-14.400000000000091,stop_atr,range_v0_aggressive
NVTK,11,2022-01-17 17:30:00+00:00,2022-01-18 08:00:00+00:00,1640.0,1617.6,1,55.28297621893267,-1336.7069838690168,-0.0013465037390612592,17,17.0,-9.400000000000091,stop_atr,range_v0_aggressive
NVTK,12,2022-01-18 08:00:00+00:00,2022-01-18 11:00:00+00:00,1617.6,1578.8,1,88.2915160538521,-3579.0449329898615,-0.0036101368956743003,7,13.400000000000091,-21.199999999999818,stop_atr,range_v0_aggressive
NVTK,13,2022-01-18 11:00:00+00:00,2022-01-18 14:30:00+00:00,1578.8,1546.4,1,54.23262625334784,-1849.3889571704574,-0.0018722139607843093,8,0.0,-23.59999999999991,stop_atr,range_v0_aggressive
NVTK,14,2022-01-18 14:30:00+00:00,2022-01-18 18:00:00+00:00,1546.4,1578.0,1,46.601715898728266,1391.7229639427965,0.0014115422012153929,8,25.59999999999991,0.0,signal_change,range_v0_aggressive
NVTK,15,2022-01-19 08:00:00+00:00,2022-01-19 10:00:00+00:00,1531.4,1610.0,1,55.02751739927757,4227.709134269091,0.004281871019108286,5,10.599999999999909,0.0,take_atr,range_v0_aggressive
NVTK,16,2022-01-20 23:00:00+00:00,2022-01-21 09:00:00+00:00,1590.4,1570.6,1,78.2531020212982,-1684.6061742598347,-0.0016989134160090389,8,0.0,-16.200000000000045,stop_atr,range_v0_aggressive
NVTK,17,2022-01-21 09:00:00+00:00,2022-01-21 12:00:00+00:00,1570.6,1610.0,1,93.76533025804225,3528.2956122798805,0.003564316644113682,7,31.0,0.0,signal_change,range_v0_aggressive
NVTK,18,2022-01-24 10:30:00+00:00,2022-01-24 11:30:00+00:00,1573.2,1549.2,1,93.97237804534177,-2415.47728196283,-0.0024314708108108185,3,0.0,-3.2000000000000455,stop_atr,range_v0_aggressive
NVTK,19,2022-01-24 11:30:00+00:00,2022-01-24 12:00:00+00:00,1549.2,1521.2,1,72.26091285814101,-2144.221190731733,-0.002163679583333336,2,0.0,0.0,stop_atr,range_v0_aggressive
NVTK,20,2022-01-24 12:00:00+00:00,2022-01-24 13:30:00+00:00,1521.2,1466.4,1,58.315400893398575,-3289.7490432153268,-0.003326801010951979,4,2.2000000000000455,-10.400000000000091,stop_atr,range_v0_aggressive
NVTK,21,2022-01-24 13:30:00+00:00,2022-01-24 23:00:00+00:00,1466.4,1528.4,1,44.944689529276225,2711.0079409909254,0.0027506926384364824,20,52.59999999999991,0.0,take_atr,range_v0_aggressive
NVTK,22,2022-01-24 23:00:00+00:00,2022-01-25 09:30:00+00:00,1528.4,1549.8,1,51.3966337171682,1012.2680083190385,0.0010242684992570513,9,13.599999999999909,-3.2000000000000455,signal_change,range_v0_aggressive
NVTK,23,2022-01-26 23:30:00+00:00,2022-01-27 11:00:00+00:00,1523.4,1580.2,1,52.264700184068545,2877.787423301139,0.0029089242264150965,11,24.199999999999818,-19.40000000000009,take_atr,range_v0_aggressive
NVTK,24,2022-01-28 22:30:00+00:00,2022-01-31 07:00:00+00:00,1586.0,1619.4,1,98.65365463568486,3119.296363683153,0.003143900852272753,5,19.0,0.0,take_atr,range_v0_aggressive
NVTK,25,2022-02-01 18:00:00+00:00,2022-02-02 09:00:00+00:00,1628.0,1633.8,1,104.29719103140648,417.4828822043298,0.0004194571856287374,18,8.200000000000045,-6.599999999999909,signal_change,range_v0_aggressive
NVTK,26,2022-02-02 12:00:00+00:00,2022-02-02 15:00:00+00:00,1621.6,1630.8,1,128.59731994600395,952.4071831985046,0.0009565099630996401,7,1.800000000000182,-11.599999999999909,signal_change,range_v0_aggressive
NVTK,27,2022-02-02 19:30:00+00:00,2022-02-03 09:30:00+00:00,1612.0,1602.6,1,88.42384779918635,-987.0630336436333,-0.0009903678073510886,16,8.0,-7.0,stop_atr,range_v0_aggressive
NVTK,28,2022-02-03 09:30:00+00:00,2022-02-03 12:30:00+00:00,1602.6,1576.4,1,169.99346707610567,-4748.604309042588,-0.004769226341463423,7,2.800000000000182,-3.7999999999999545,stop_atr,range_v0_aggressive
NVTK,29,2022-02-03 12:30:00+00:00,2022-02-03 18:00:00+00:00,1576.4,1613.6,1,104.4652397583886,3700.6852970504874,0.003734567469879513,12,27.399999999999864,0.0,signal_change,range_v0_aggressive
NVTK,30,2022-02-07 12:00:00+00:00,2022-02-08 09:30:00+00:00,1607.8,1618.4,1,100.17837002929988,883.5491808496317,0.0008883211510791521,31,8.400000000000091,-14.399999999999864,signal_change,range_v0_aggressive
NVTK,31,2022-02-10 16:30:00+00:00,2022-02-10 17:30:00+00:00,1641.2,1654.6,1,87.32558347496607,1011.2250171050866,0.0010157842105263059,3,5.7999999999999545,0.0,signal_change,range_v0_aggressive
NVTK,32,2022-02-10 22:30:00+00:00,2022-02-11 07:30:00+00:00,1641.8,1623.0,1,102.28240669240466,-2105.514026485153,-0.0021128607038123073,6,1.6000000000001364,-9.799999999999955,stop_atr,range_v0_aggressive
NVTK,33,2022-02-11 07:30:00+00:00,2022-02-11 11:30:00+00:00,1623.0,1600.4,1,105.7890811282158,-2577.068563479024,-0.00259153617021275,9,6.2000000000000455,-9.599999999999909,stop_atr,range_v0_aggressive
NVTK,34,2022-02-11 11:30:00+00:00,2022-02-11 12:30:00+00:00,1600.4,1580.2,1,81.6809653916737,-1791.9349885749275,-0.0018066769411764743,3,0.0,-7.2000000000000455,stop_atr,range_v0_aggressive
NVTK,35,2022-02-11 12:30:00+00:00,2022-02-11 21:30:00+00:00,1580.2,1557.0,1,74.2801555559726,-1850.519231319282,-0.0018691200428724588,19,31.59999999999991,-7.600000000000136,stop_atr,range_v0_aggressive
NVTK,36,2022-02-11 21:30:00+00:00,2022-02-14 11:00:00+00:00,1557.0,1564.8,1,74.70178054808858,454.09120745327357,0.00045951447084232894,15,26.40000000000009,-4.400000000000091,signal_change,range_v0_aggressive
NVTK,37,2022-02-16 13:00:00+00:00,2022-02-16 18:30:00+00:00,1599.8,1615.8,1,66.73638878693515,949.1662978888396,0.0009600611378977816,12,10.200000000000045,0.0,signal_change,range_v0_aggressive
NVTK,38,2022-02-17 08:30:00+00:00,2022-02-17 11:00:00+00:00,1594.0,1573.6,1,110.48178120080415,-2445.0678804837585,-0.002470761084529523,6,1.7999999999999545,-2.7999999999999545,stop_atr,range_v0_aggressive
NVTK,39,2022-02-17 11:00:00+00:00,2022-02-17 14:00:00+00:00,1573.6,1552.8,1,82.1651867553747,-1849.3805967049104,-0.0018734430439952398,7,0.0,-12.0,stop_atr,range_v0_aggressive
NVTK,40,2022-02-17 14:00:00+00:00,2022-02-17 17:30:00+00:00,1552.8,1532.8,1,75.37865073169475,-1634.6674500595907,-0.001659044371584697,8,10.799999999999955,-10.799999999999955,stop_atr,range_v0_aggressive
NVTK,41,2022-02-17 17:30:00+00:00,2022-02-18 07:00:00+00:00,1532.8,1567.0,1,76.93523876871141,2498.571894824306,0.002540045810055873,15,27.200000000000045,0.0,take_atr,range_v0_aggressive
NVTK,42,2022-02-18 07:00:00+00:00,2022-02-18 11:30:00+00:00,1567.0,1542.2,1,95.21646721466789,-2522.895506236066,-0.0025582750344827505,10,0.0,-8.400000000000091,stop_atr,range_v0_aggressive
NVTK,43,2022-02-18 11:30:00+00:00,2022-02-18 14:30:00+00:00,1542.2,1543.2,1,89.77227646049276,-62.617958276722916,-6.365893089960902e-05,7,12.399999999999864,-2.0,signal_change,range_v0_aggressive
NVTK,44,2022-02-18 15:30:00+00:00,2022-02-18 16:00:00+00:00,1532.0,1501.2,1,79.68860276402609,-2586.0003486482915,-0.0026291578703703713,2,0.0,0.0,stop_atr,range_v0_aggressive
NVTK,45,2022-02-18 16:00:00+00:00,2022-02-21 07:30:00+00:00,1501.2,1532.2,1,69.15401083959027,2027.2207830780362,0.0020664860020141017,19,26.399999999999864,-8.400000000000091,signal_change,range_v0_aggressive
NVTK,46,2022-02-21 10:30:00+00:00,2022-02-21 11:30:00+00:00,1479.2,1444.6,1,55.538206794615526,-2009.8754979827565,-0.002044579661016961,3,0.0,-5.600000000000136,stop_atr,range_v0_aggressive
NVTK,47,2022-02-21 11:30:00+00:00,2022-02-21 14:00:00+00:00,1444.6,1384.6,1,45.267730345200945,-2785.009290091619,-0.002838901911667771,6,6.400000000000091,-25.59999999999991,stop_atr,range_v0_aggressive
NVTK,48,2022-02-21 14:00:00+00:00,2022-02-21 17:30:00+00:00,1384.6,1310.4,1,39.28640062155101,-2971.679915431006,-0.003037808835341363,8,5.400000000000091,-42.59999999999991,stop_atr,range_v0_aggressive
NVTK,49,2022-02-21 17:30:00+00:00,2022-02-21 19:30:00+00:00,1310.4,1358.0,1,29.824455521748856,1375.0923111768545,0.0014099755351681931,5,72.0,-12.200000000000045,signal_change,range_v0_aggressive
NVTK,50,2022-02-24 07:30:00+00:00,2022-02-24 10:00:00+00:00,1179.6,916.8,1,28.133512407845874,-7421.85914537496,-0.007599421234567897,3,0.0,0.0,stop_atr,range_v0_aggressive
NVTK,51,2022-04-01 13:30:00+00:00,2022-04-05 12:00:00+00:00,1372.0,1358.8,1,69.44207268258893,-1020.429036607389,-0.0010528429887410491,36,24.0,-14.0,stop_atr,range_v0_aggressive
NVTK,52,2022-04-05 12:00:00+00:00,2022-04-05 13:00:00+00:00,1358.8,1336.4,1,111.46953121435347,-2660.7821688678505,-0.0027481953947368328,3,0.0,-7.2000000000000455,stop_atr,range_v0_aggressive
NVTK,53,2022-04-05 13:00:00+00:00,2022-04-05 13:30:00+00:00,1336.4,1306.6,1,101.02723501719882,-3155.8140073133623,-0.00326847264573993,2,0.0,0.0,stop_atr,range_v0_aggressive
NVTK,54,2022-04-05 13:30:00+00:00,2022-04-05 18:00:00+00:00,1306.6,1308.6,1,81.3602816980605,45.60569230303085,4.7388647342995215e-05,10,24.800000000000182,-12.199999999999818,signal_change,range_v0_aggressive
NVTK,55,2022-04-05 18:30:00+00:00,2022-04-06 17:30:00+00:00,1298.0,1272.0,1,49.35494919007721,-1352.2861238487633,-0.0014050871794871818,18,15.599999999999909,-11.799999999999955,stop_atr,range_v0_aggressive
NVTK,56,2022-04-06 17:30:00+00:00,2022-04-07 18:00:00+00:00,1272.0,1262.4,1,112.87725774460752,-1240.3675495426937,-0.0012906120805369064,21,8.400000000000091,-9.400000000000091,stop_atr,range_v0_aggressive
NVTK,57,2022-04-07 18:00:00+00:00,2022-04-08 10:00:00+00:00,1262.4,1249.0,1,150.9843143535241,-2230.627161827543,-0.0023239842696629476,4,9.599999999999909,0.0,stop_atr,range_v0_aggressive
NVTK,58,2022-04-08 10:00:00+00:00,2022-04-08 11:30:00+00:00,1249.0,1223.0,1,139.94128598327828,-3826.7364475985396,-0.003996181628392505,4,0.0,-8.599999999999909,stop_atr,range_v0_aggressive
NVTK,59,2022-04-08 11:30:00+00:00,2022-04-08 13:30:00+00:00,1223.0,1210.8,1,117.95760500823019,-1596.1881560587753,-0.0016735540636042521,5,0.0,-8.0,signal_change,range_v0_aggressive
NVTK,60,2022-04-08 14:00:00+00:00,2022-04-08 14:30:00+00:00,1207.0,1190.0,1,104.96420671454182,-1921.7896607365462,-0.0020183149606299252,2,0.0,0.0,stop_atr,range_v0_aggressive
NVTK,61,2022-04-08 14:30:00+00:00,2022-04-11 13:30:00+00:00,1190.0,1166.4,1,90.25474353796801,-2245.8123936449915,-0.002363382360922653,18,19.59999999999991,-12.200000000000045,stop_atr,range_v0_aggressive
NVTK,62,2022-04-11 13:30:00+00:00,2022-04-11 15:00:00+00:00,1166.4,1143.6,1,88.83606307888526,-2137.2144521093146,-0.002254427309236967,4,0.0,-12.400000000000091,stop_atr,range_v0_aggressive
NVTK,63,2022-04-11 15:00:00+00:00,2022-04-12 10:00:00+00:00,1143.6,1121.0,1,87.46490635175658,-2084.5598595720417,-0.0022038533685601026,10,5.400000000000091,-7.0,stop_atr,range_v0_aggressive
NVTK,64,2022-04-12 10:00:00+00:00,2022-04-12 10:30:00+00:00,1121.0,1098.4,1,82.89211407542004,-1973.5153460149709,-0.0020910624843161855,2,0.0,0.0,stop_atr,range_v0_aggressive
NVTK,65,2022-04-12 10:30:00+00:00,2022-04-12 12:30:00+00:00,1098.4,1078.6,1,69.25091265114358,-1453.3315083167313,-0.0015431220588235477,5,0.0,-18.600000000000136,stop_atr,range_v0_aggressive
NVTK,66,2022-04-12 12:30:00+00:00,2022-04-12 17:00:00+00:00,1078.6,1118.4,1,75.22872644377884,2901.5539240422167,0.0030855808000000225,10,22.800000000000182,0.0,take_atr,range_v0_aggressive
NVTK,67,2022-04-12 17:00:00+00:00,2022-04-12 18:30:00+00:00,1118.4,1116.2,1,71.45913897509674,-244.94906576161935,-0.00025968333333333725,4,1.599999999999909,-0.20000000000004547,signal_change,range_v0_aggressive
NVTK,68,2022-04-14 12:00:00+00:00,2022-04-14 15:30:00+00:00,1068.0,1050.0,1,91.04979031501541,-1744.0587334841202,-0.0018494482758620752,8,5.2000000000000455,-9.0,stop_atr,range_v0_aggressive
NVTK,69,2022-04-14 15:30:00+00:00,2022-04-14 17:00:00+00:00,1050.0,1029.0,1,81.84970666713333,-1811.4895229863282,-0.0019245130434782686,4,0.0,-20.0,stop_atr,range_v0_aggressive
NVTK,70,2022-04-14 17:00:00+00:00,2022-04-18 09:30:00+00:00,1029.0,1065.0,1,75.6757302651706,2635.672171540494,0.002805517836593796,24,27.0,-16.0,take_atr,range_v0_aggressive
NVTK,71,2022-04-19 14:30:00+00:00,2022-04-21 12:00:00+00:00,1008.4,1058.0,1,57.79728891537326,2799.481045362804,0.002971546012269942,34,11.800000000000068,-19.799999999999955,take_atr,range_v0_aggressive
NVTK,72,2022-04-22 18:00:00+00:00,2022-04-26 10:30:00+00:00,960.8,996.4,1,92.76671854925159,3200.8191461546367,0.003387485553997204,24,23.600000000000023,-10.0,take_atr,range_v0_aggressive
NVTK,73,2022-05-04 09:30:00+00:00,2022-05-04 16:30:00+00:00,1037.0,1016.0,1,81.53160646909984,-1803.2834592409627,-0.0019020049140049196,15,0.0,-14.799999999999955,stop_atr,range_v0_aggressive
NVTK,74,2022-05-04 16:30:00+00:00,2022-05-04 18:30:00+00:00,1016.0,1007.0,1,107.53327568782537,-1086.9140906698324,-0.0011486022727272764,5,0.0,-4.399999999999977,stop_atr,range_v0_aggressive
NVTK,75,2022-05-04 18:30:00+00:00,2022-05-06 10:00:00+00:00,1007.0,995.0,1,167.92998435876564,-2198.9591801858564,-0.002326434010152296,22,14.600000000000023,0.0,stop_atr,range_v0_aggressive
NVTK,76,2022-05-06 10:00:00+00:00,2022-05-06 14:00:00+00:00,995.0,988.6,1,138.09725249945686,-1033.99765419958,-0.0010964899581589935,9,6.600000000000023,-5.0,signal_change,range_v0_aggressive
NVTK,77,2022-05-06 17:00:00+00:00,2022-05-12 10:00:00+00:00,992.4,974.0,1,173.5213338393325,-3378.703299719175,-0.0035868368421052596,25,10.399999999999977,-9.199999999999932,stop_atr,range_v0_aggressive
NVTK,78,2022-05-12 10:00:00+00:00,2022-05-12 15:00:00+00:00,974.0,964.0,1,178.05311010288955,-1969.3386189819996,-0.0020981788617886257,11,0.0,-7.2000000000000455,stop_atr,range_v0_aggressive
NVTK,79,2022-05-12 15:00:00+00:00,2022-05-12 16:30:00+00:00,964.0,952.8,1,155.3643220962973,-1902.914646181224,-0.0020316720379147057,4,0.0,-9.200000000000045,stop_atr,range_v0_aggressive
NVTK,80,2022-05-12 16:30:00+00:00,2022-05-13 12:00:00+00:00,952.8,953.4,1,131.9164110875096,-59.196170311406064,-6.333024193548085e-05,11,11.200000000000045,-5.399999999999977,signal_change,range_v0_aggressive
NVTK,81,2022-05-19 10:00:00+00:00,2022-05-19 17:00:00+00:00,990.4,1009.4,1,162.3483775868061,2904.3572765795816,0.003107385111662535,15,17.600000000000023,0.0,take_atr,range_v0_aggressive
NVTK,82,2022-05-20 14:00:00+00:00,2022-05-23 10:00:00+00:00,995.0,977.4,1,138.4592851832137,-2585.7465350964444,-0.0027579320675105495,12,2.0,-6.2000000000000455,stop_atr,range_v0_aggressive
NVTK,83,2022-05-23 10:00:00+00:00,2022-05-23 13:00:00+00:00,977.4,963.0,1,145.11906634010361,-2243.4391822715606,-0.0023994478935698465,7,0.0,-7.0,stop_atr,range_v0_aggressive
NVTK,84,2022-05-23 13:00:00+00:00,2022-05-24 10:00:00+00:00,963.0,948.6,1,164.87792468845387,-2546.2856348091464,-0.002729904545454548,14,11.0,-2.2000000000000455,stop_atr,range_v0_aggressive
NVTK,85,2022-05-24 10:00:00+00:00,2022-05-24 12:00:00+00:00,948.6,930.4,1,133.70311741723006,-2570.233855483083,-0.0027631227926078134,5,1.0,-5.600000000000023,stop_atr,range_v0_aggressive
NVTK,86,2022-05-24 12:00:00+00:00,2022-05-24 18:00:00+00:00,930.4,947.0,1,136.70210907854147,2126.852423676675,0.0022928021052631637,13,14.800000000000068,0.0,take_atr,range_v0_aggressive
NVTK,87,2022-05-24 18:00:00+00:00,2022-05-24 18:30:00+00:00,947.0,943.0,1,171.26942495253866,-862.735474313423,-0.0009279236842105291,2,0.0,0.0,signal_change,range_v0_aggressive
NVTK,88,2022-05-30 11:30:00+00:00,2022-05-31 10:00:00+00:00,940.8,931.2,1,142.59208333061994,-1514.9439227711591,-0.0016309263157894634,17,5.400000000000091,-4.399999999999977,stop_atr,range_v0_aggressive
NVTK,89,2022-05-31 10:00:00+00:00,2022-05-31 10:30:00+00:00,931.2,922.0,1,179.8225593467275,-1836.7435856793522,-0.001980592797783944,2,0.0,0.0,stop_atr,range_v0_aggressive
NVTK,90,2022-05-31 10:30:00+00:00,2022-05-31 18:00:00+00:00,922.0,914.0,1,157.25090260478407,-1416.1072783171226,-0.001530043689320389,16,0.0,-6.0,stop_atr,range_v0_aggressive
NVTK,91,2022-05-31 18:00:00+00:00,2022-06-01 12:30:00+00:00,914.0,904.6,1,199.04075188827295,-2069.040558323706,-0.0022389359999999913,9,0.20000000000004547,-6.0,stop_atr,range_v0_aggressive
NVTK,92,2022-06-01 12:30:00+00:00,2022-06-01 16:00:00+00:00,904.6,902.8,1,152.9464728071232,-427.1917342681301,-0.00046330710900474944,8,6.399999999999977,-0.6000000000000227,signal_change,range_v0_aggressive
NVTK,93,2022-06-02 10:00:00+00:00,2022-06-02 10:30:00+00:00,893.0,878.6,1,171.1233636689852,-2629.5603228849104,-0.0028531888594164425,2,0.0,0.0,stop_atr,range_v0_aggressive
NVTK,94,2022-06-02 10:30:00+00:00,2022-06-02 14:30:00+00:00,878.6,866.2,1,148.56683344250675,-1983.7861849277697,-0.002158654503464199,9,0.0,-8.800000000000068,stop_atr,range_v0_aggressive
NVTK,95,2022-06-02 14:30:00+00:00,2022-06-03 10:00:00+00:00,866.2,848.0,1,119.31333428933164,-2282.7981622909297,-0.002489397769516731,11,0.0,-6.2000000000000455,stop_atr,range_v0_aggressive
NVTK,96,2022-06-03 10:00:00+00:00,2022-06-03 10:30:00+00:00,848.0,833.8,1,144.86601352104108,-2189.9656022800186,-0.002394123529411773,2,0.0,0.0,stop_atr,range_v0_aggressive
NVTK,97,2022-06-03 10:30:00+00:00,2022-06-03 12:30:00+00:00,833.8,820.6,1,123.79356663593136,-1745.8185804538753,-0.0019131515503875889,5,0.0,-12.599999999999909,stop_atr,range_v0_aggressive
NVTK,98,2022-06-03 12:30:00+00:00,2022-06-06 10:00:00+00:00,820.6,804.4,1,109.3572437109926,-1868.35101164332,-0.002051353001715269,15,4.399999999999977,-7.399999999999977,stop_atr,range_v0_aggressive
NVTK,99,2022-06-06 10:00:00+00:00,2022-06-06 12:30:00+00:00,804.4,788.0,1,126.99498705128498,-2192.7970424171244,-0.0024125269461077827,6,4.800000000000068,-9.399999999999977,stop_atr,range_v0_aggressive
NVTK,100,2022-06-06 12:30:00+00:00,2022-06-06 14:30:00+00:00,788.0,791.0,1,107.57795376224529,229.13028371820624,0.0002527000000000007,5,6.399999999999977,0.0,signal_change,range_v0_aggressive
NVTK,101,2022-06-06 15:30:00+00:00,2022-06-07 10:00:00+00:00,782.0,768.6,1,94.75676393967898,-1349.853690432137,-0.0014883316417910446,9,9.600000000000023,-6.0,stop_atr,range_v0_aggressive
NVTK,102,2022-06-07 10:00:00+00:00,2022-06-07 14:30:00+00:00,768.6,811.0,1,123.57220678607112,5129.2228020555585,0.0056638460038986255,10,18.0,0.0,take_atr,range_v0_aggressive
NVTK,103,2022-06-24 10:00:00+00:00,2022-06-27 16:00:00+00:00,989.6,1009.4,1,94.02889037964388,1757.3679913728108,0.0019296109144542758,32,20.0,0.0,signal_change,range_v0_aggressive
NVTK,104,2022-06-29 15:00:00+00:00,2022-06-29 16:30:00+00:00,996.2,1007.8,1,225.70531249750803,2367.9692296425856,0.0025950508833922133,4,6.199999999999932,0.0,signal_change,range_v0_aggressive
NVTK,105,2022-06-30 10:30:00+00:00,2022-06-30 13:30:00+00:00,996.8,1010.4,1,90.07083162147616,1124.8549849547044,0.001229534739803097,7,7.0,-17.399999999999977,signal_change,range_v0_aggressive
NVTK,106,2022-07-05 10:30:00+00:00,2022-07-05 12:30:00+00:00,1017.8,980.0,1,65.89835676445664,-2561.9963142885417,-0.002796978417266181,5,0.20000000000004547,-22.799999999999955,stop_atr,range_v0_aggressive
NVTK,107,2022-07-05 12:30:00+00:00,2022-07-06 17:30:00+00:00,980.0,1002.2,1,55.84258636665162,1178.1434332773442,0.0012898083842794775,30,23.0,-10.0,take_atr,range_v0_aggressive
NVTK,108,2022-07-06 17:30:00+00:00,2022-07-06 18:00:00+00:00,1002.2,1011.0,1,142.58848870856534,1096.206042342573,0.0011985590200445414,2,0.0,0.0,signal_change,range_v0_aggressive
NVTK,109,2022-07-11 10:00:00+00:00,2022-07-11 11:00:00+00:00,974.0,996.0,1,164.3563227002809,3435.7703122557523,0.003752071794871795,3,9.0,0.0,take_atr,range_v0_aggressive
NVTK,110,2022-07-11 11:00:00+00:00,2022-07-11 12:30:00+00:00,996.0,976.6,1,130.50602388431543,-2672.014264573681,-0.002907095740365111,4,0.0,-10.799999999999955,stop_atr,range_v0_aggressive
NVTK,111,2022-07-11 12:30:00+00:00,2022-07-12 10:00:00+00:00,976.6,947.0,1,106.56549630639088,-3265.34796817154,-0.003562988372093027,15,6.0,-9.600000000000023,stop_atr,range_v0_aggressive
NVTK,112,2022-07-12 10:00:00+00:00,2022-07-12 11:00:00+00:00,947.0,933.8,1,120.38390662650733,-1712.7235086785179,-0.0018755227871939827,3,0.0,-2.7999999999999545,stop_atr,range_v0_aggressive
NVTK,113,2022-07-12 11:00:00+00:00,2022-07-12 11:30:00+00:00,933.8,919.0,1,115.16960969867849,-1820.9351819848305,-0.0019977671480144376,2,0.0,0.0,stop_atr,range_v0_aggressive
NVTK,114,2022-07-12 11:30:00+00:00,2022-07-13 14:30:00+00:00,919.0,920.4,1,97.51377995456185,37.79244055918778,4.1545482388971564e-05,26,26.399999999999977,-9.0,signal_change,range_v0_aggressive
NVTK,115,2022-07-19 15:30:00+00:00,2022-07-21 10:00:00+00:00,930.6,917.8,1,154.9370894918937,-2139.6161323054757,-0.002351996593673989,28,7.399999999999977,-6.600000000000023,stop_atr,range_v0_aggressive
NVTK,116,2022-07-21 10:00:00+00:00,2022-07-21 10:30:00+00:00,917.8,909.8,1,193.68710564605766,-1743.3350267569228,-0.0019208981707317166,2,0.0,0.0,stop_atr,range_v0_aggressive
NVTK,117,2022-07-21 10:30:00+00:00,2022-07-22 10:00:00+00:00,909.8,930.2,1,177.11546703920084,3431.927439415862,0.003788755865921822,19,15.800000000000068,-2.599999999999909,take_atr,range_v0_aggressive
NVTK,118,2022-08-02 10:00:00+00:00,2022-08-02 10:30:00+00:00,1023.0,1011.0,1,140.50236671256724,-1842.281082571853,-0.0020261523178808022,2,0.0,0.0,stop_atr,range_v0_aggressive
NVTK,119,2022-08-02 10:30:00+00:00,2022-08-03 13:30:00+00:00,1011.0,1001.8,1,127.80404918513655,-1316.634758624299,-0.0014509830985915595,26,3.2000000000000455,-11.0,stop_atr,range_v0_aggressive
NVTK,120,2022-08-03 13:30:00+00:00,2022-08-03 17:00:00+00:00,1001.8,991.4,1,158.56612002977252,-1822.0103448468988,-0.002010844499999996,8,0.0,-8.799999999999955,stop_atr,range_v0_aggressive
NVTK,121,2022-08-03 17:00:00+00:00,2022-08-04 10:00:00+00:00,991.4,979.6,1,164.84090439523374,-2122.7486368038785,-0.002347471874999993,6,0.0,-4.199999999999932,stop_atr,range_v0_aggressive
NVTK,122,2022-08-04 10:00:00+00:00,2022-08-04 14:30:00+00:00,979.6,984.8,1,149.64529593173808,616.0477826680946,0.0006828682464454865,10,12.399999999999977,-1.3999999999999773,signal_change,range_v0_aggressive
NVTK,123,2022-08-05 10:30:00+00:00,2022-08-08 10:00:00+00:00,980.2,1007.4,1,128.18141628393568,3344.491568282161,0.0037047265720081077,19,5.7999999999999545,-10.400000000000091,signal_change,range_v0_aggressive
NVTK,124,2022-08-12 10:00:00+00:00,2022-08-12 11:00:00+00:00,1017.0,1030.8,1,164.74688996820723,2086.703877964101,0.0023029309090908936,3,12.0,0.0,signal_change,range_v0_aggressive
NVTK,125,2022-08-31 11:00:00+00:00,2022-09-01 17:00:00+00:00,1127.4,1139.8,1,130.27381538774142,1452.0606065511333,0.0015988430327868745,32,10.599999999999909,-2.400000000000091,signal_change,range_v0_aggressive
NVTK,126,2022-09-14 10:00:00+00:00,2022-09-14 18:00:00+00:00,1164.4,1178.0,1,248.73150840498317,3060.442225716571,0.0033644296874999566,17,10.399999999999864,-5.400000000000091,signal_change,range_v0_aggressive
NVTK,127,2022-09-19 09:30:00+00:00,2022-09-19 19:00:00+00:00,1174.8,1164.8,1,349.122935013532,-3938.5535843094585,-0.004315243715847006,20,8.600000000000136,-8.799999999999955,stop_atr,range_v0_aggressive
NVTK,128,2022-09-19 19:00:00+00:00,2022-09-20 10:00:00+00:00,1164.8,1150.6,1,147.93906594552217,-2287.975294631031,-0.002517665581395356,12,7.0,-5.7999999999999545,stop_atr,range_v0_aggressive
NVTK,129,2022-09-20 10:00:00+00:00,2022-09-20 10:30:00+00:00,1150.6,1124.8,1,206.6893813874609,-5588.31867759956,-0.006164852117263846,2,0.0,0.0,stop_atr,range_v0_aggressive
NVTK,130,2022-09-20 10:30:00+00:00,2022-09-20 13:30:00+00:00,1124.8,1090.2,1,146.99873608046292,-5262.440092666417,-0.005841364568764572,7,4.600000000000136,-12.799999999999955,stop_atr,range_v0_aggressive
