symbol,entry_dt,exit_dt,direction,begin,ma_close,std_close,band_lower,band_upper,dist_from_ma,band_pos,atr_14,atr_14_pct,bar_range,bar_range_pct,bar_body,bar_body_pct,pnl_rel,pnl_abs,bars_in_trade,max_adverse_excursion,profile
OZON,2022-01-04 18:00:00+00:00,2022-01-04 19:00:00+00:00,1,2022-01-04 18:00:00+00:00,2260.98,20.525981544553797,2230.1910276831695,2291.7689723168305,-0.019230599120735263,-0.20609696797564261,14.928571428571429,0.006732162989209213,31.5,0.014205186020293123,21.0,0.00947012401352875,-0.002371489473684211,-2371.4894736842107,3,-20.0,range_v0_conservative
OZON,2022-01-04 19:00:00+00:00,2022-01-05 17:30:00+00:00,1,2022-01-04 19:00:00+00:00,2256.51,23.047752114925263,2221.938371827612,2291.0816281723883,-0.03191211206686441,-0.5414609291892385,17.428571428571427,0.007978288591701271,32.0,0.014648661020828565,5.5,0.0025177386129549098,-0.002057890983606558,-2053.0107168009454,32,0.0,range_v0_conservative
OZON,2022-01-05 17:30:00+00:00,2022-01-05 18:30:00+00:00,1,2022-01-05 17:30:00+00:00,2222.2,32.67418003280902,2173.188729950786,2271.2112700492135,-0.032040320403203953,-0.22636354789934882,13.821428571428571,0.006425582785415421,43.0,0.0199907019990702,38.5,0.01789865178986518,-0.003025928165374677,-3012.539945630582,3,-19.0,range_v0_conservative
OZON,2022-01-05 18:30:00+00:00,2022-01-05 22:00:00+00:00,1,2022-01-05 18:30:00+00:00,2216.98,37.670288189035816,2160.4745677164465,2273.4854322835536,-0.04757823706122744,-0.4333615878795869,15.678571428571429,0.007425323906498427,20.5,0.009708737864077669,20.5,0.009708737864077669,-0.003907100227790433,-3878.0429665805286,8,-29.0,range_v0_conservative
OZON,2022-01-05 22:00:00+00:00,2022-01-06 07:00:00+00:00,1,2022-01-05 22:00:00+00:00,2192.15,52.30846987255879,2113.687295191162,2270.6127048088383,-0.06370458225942571,-0.3899132418404061,23.25,0.011327649208282583,42.0,0.02046285018270402,31.5,0.015347137637028014,-0.0004193333333333334,-414.5885418189361,6,-23.0,range_v0_conservative
OZON,2022-01-06 07:30:00+00:00,2022-01-06 17:30:00+00:00,1,2022-01-06 07:30:00+00:00,2164.3,63.024938374767466,2069.762592437849,2258.8374075621514,-0.04772905789400738,-0.046344577579453074,25.928571428571427,0.012580578082761489,23.0,0.011159631246967491,16.0,0.0077632217370208634,-0.0016477016528925622,-1628.3746535360076,21,-23.5,range_v0_conservative
OZON,2022-01-06 17:30:00+00:00,2022-01-06 19:30:00+00:00,1,2022-01-06 17:30:00+00:00,2108.16,66.9784034641985,2007.6923948037022,2208.6276051962977,-0.041581284153005396,0.06373997454838189,20.964285714285715,0.010375790999399018,48.5,0.024003959415986143,15.5,0.0076713684731502104,0.0031816752981260648,3139.174332188331,5,0.0,range_v0_conservative
OZON,2022-01-06 19:30:00+00:00,2022-01-10 06:30:00+00:00,1,2022-01-06 19:30:00+00:00,2095.7,60.89552780067878,2004.3567082989816,2187.043291701018,-0.0029584387078302327,0.4660620945197954,22.892857142857142,0.010956141250470036,24.0,0.01148600143575018,12.0,0.00574300071787509,-0.0007985394695787831,-790.3792969794695,10,-30.0,range_v0_conservative
OZON,2022-01-10 17:00:00+00:00,2022-01-10 18:00:00+00:00,1,2022-01-10 17:00:00+00:00,2068.31,18.942418116031646,2039.8963728259525,2096.7236271740476,-0.01562144939588357,-0.06856521348163909,17.071428571428573,0.008384788099915802,24.5,0.012033398821218075,17.0,0.008349705304518664,-0.0020036050209205018,-1981.5468298136957,3,-8.0,range_v0_conservative
OZON,2022-01-10 18:00:00+00:00,2022-01-11 16:00:00+00:00,1,2022-01-10 18:00:00+00:00,2065.18,20.94739767581415,2033.7589034862785,2096.601096513721,-0.02962453636002665,-0.4735497291331496,21.25,0.01060379241516966,31.5,0.015718562874251496,21.5,0.010728542914171657,0.0013299788235294119,1312.701337165433,32,-34.5,range_v0_conservative
OZON,2022-01-13 14:30:00+00:00,2022-01-13 15:30:00+00:00,1,2022-01-13 14:30:00+00:00,2073.4,11.513966674103935,2056.129049988844,2090.670950011156,-0.011768110350149557,-0.20638847267345534,12.035714285714286,0.005873945478630692,31.5,0.015373352855051245,18.0,0.008784773060029283,-0.0021791394658753705,-2153.6912643491696,3,-4.5,range_v0_conservative
OZON,2022-01-13 15:30:00+00:00,2022-01-13 18:00:00+00:00,1,2022-01-13 15:30:00+00:00,2072.42,13.720370673911242,2051.839443989133,2093.000556010867,-0.022881462251860177,-0.6520582819764751,14.857142857142858,0.007336860670194004,29.0,0.014320987654320988,18.0,0.008888888888888889,-0.0023686384615384617,-2335.8759564428224,6,-23.0,range_v0_conservative
OZON,2022-01-13 18:00:00+00:00,2022-01-13 18:30:00+00:00,1,2022-01-13 18:00:00+00:00,2068.23,21.235850030822423,2036.3762249537663,2100.0837750462338,-0.036857602877823074,-0.6965614733160664,20.5,0.010291164658634538,32.5,0.01631526104417671,10.0,0.0050200803212851405,-0.0019097804878048781,-1878.9037986095877,2,0.0,range_v0_conservative
OZON,2022-01-13 18:30:00+00:00,2022-01-13 22:00:00+00:00,1,2022-01-13 18:30:00+00:00,2066.09,26.59229019772763,2026.2015647034086,2105.9784352965917,-0.05376822887676729,-0.8925088709796146,22.571428571428573,0.011545487760321521,38.0,0.019437340153452685,37.5,0.01918158567774936,-0.0019982430379746835,-1962.1816095591669,8,-41.0,range_v0_conservative
OZON,2022-01-13 22:00:00+00:00,2022-01-14 06:30:00+00:00,1,2022-01-13 22:00:00+00:00,2045.81,57.1449008563196,1960.0926487155205,2131.527351284479,-0.06540685596414132,-0.2805304176741895,25.821428571428573,0.013504931261207413,11.0,0.005753138075313808,5.0,0.002615062761506276,-0.0015127939142461962,-1482.5247999457208,5,-35.0,range_v0_conservative
OZON,2022-01-14 06:30:00+00:00,2022-01-14 12:00:00+00:00,1,2022-01-14 06:30:00+00:00,2031.25,70.78562418908119,1925.0715637163783,2137.428436283622,-0.07692307692307693,-0.23578970207579636,24.107142857142858,0.012857142857142857,0.0,0.0,0.0,0.0,-0.0018465792592592593,-1806.8939180952975,12,-9.5,range_v0_conservative
OZON,2022-01-14 12:00:00+00:00,2022-01-14 13:00:00+00:00,1,2022-01-14 12:00:00+00:00,1985.29,86.89943108243153,1854.9408533763526,2115.6391466236473,-0.0769610485118043,-0.08607978631860674,22.964285714285715,0.012531670239719354,42.5,0.023192360163710776,38.0,0.020736698499317873,-0.001871194712286159,-1827.599303326821,3,0.0,range_v0_conservative
OZON,2022-01-14 13:00:00+00:00,2022-01-14 20:30:00+00:00,1,2022-01-14 13:00:00+00:00,1974.72,91.33640220278153,1837.7153966958276,2111.7246033041724,-0.0927827742667315,-0.16866366377931827,26.714285714285715,0.014911686136916392,64.5,0.036003349148758024,42.0,0.023444041306168017,-0.0016442307486631016,-1602.9181893106963,16,-45.5,range_v0_conservative
OZON,2022-01-18 13:00:00+00:00,2022-01-18 17:30:00+00:00,1,2022-01-18 13:00:00+00:00,1788.95,26.719680509552823,1748.8704792356707,1829.0295207643294,-0.023170015931132812,-0.017097001280644338,27.285714285714285,0.015614142652769262,11.0,0.006294706723891273,2.5,0.001430615164520744,-0.003969296858638744,-3863.2027708704522,10,-32.0,range_v0_conservative
OZON,2022-01-18 17:30:00+00:00,2022-01-19 07:30:00+00:00,1,2022-01-18 17:30:00+00:00,1781.33,38.97835741717133,1722.8624638742428,1839.797536125757,-0.07877821627660228,-0.700067672581293,35.07142857142857,0.021371985722991205,98.0,0.05971968312004875,81.5,0.049664838513101765,-0.00123346700610998,-1195.7329211559188,16,0.0,range_v0_conservative
OZON,2022-01-19 07:30:00+00:00,2022-01-19 10:00:00+00:00,1,2022-01-19 07:30:00+00:00,1746.13,70.28170792880469,1640.707438106793,1851.5525618932072,-0.08397427453855102,-0.1954393697458049,24.678571428571427,0.015428928683070602,92.0,0.05751797436698968,45.5,0.028446389496717725,0.004401348769898697,4261.440362048466,6,-9.5,range_v0_conservative
OZON,2022-01-19 10:00:00+00:00,2022-01-19 16:00:00+00:00,1,2022-01-19 10:00:00+00:00,1727.86,74.73361126737626,1615.7595830989355,1839.9604169010643,-0.010336485594897677,0.42033927930989556,33.392857142857146,0.019527986633249794,88.0,0.05146198830409357,65.0,0.038011695906432746,-0.00040033561497326197,-389.31590440474366,13,-39.5,range_v0_conservative
OZON,2022-01-19 18:00:00+00:00,2022-01-19 19:00:00+00:00,1,2022-01-19 18:00:00+00:00,1684.05,44.432159937784434,1617.4017600933232,1750.6982399066767,-0.04189305543184582,-0.029271291325821985,26.107142857142858,0.016180441807959627,32.0,0.019832661915091417,6.0,0.0037186241090796405,-0.0017706227086183312,-1721.1948960096333,3,-19.0,range_v0_conservative
OZON,2022-01-19 19:00:00+00:00,2022-01-20 11:30:00+00:00,1,2022-01-19 19:00:00+00:00,1676.68,45.58304375042543,1608.305434374362,1745.0545656256381,-0.06422215330295587,-0.2874273058608202,27.392857142857142,0.017458799963580077,42.5,0.02708731676226896,27.0,0.017208413001912046,-0.0017221953063885267,-1671.1551350019488,21,-26.0,range_v0_conservative
OZON,2022-01-20 11:30:00+00:00,2022-01-21 06:30:00+00:00,1,2022-01-20 11:30:00+00:00,1629.65,50.85154965232744,1553.3726755215089,1705.9273244784913,-0.06513668579142766,-0.19581622537070253,27.035714285714285,0.01774579211402316,24.5,0.01608139153265507,20.0,0.013127666557269446,-0.0012997252311756932,-1259.0336326772854,26,-23.5,range_v0_conservative
OZON,2022-01-21 07:00:00+00:00,2022-01-21 22:00:00+00:00,1,2022-01-21 07:00:00+00:00,1558.27,37.89906169753406,1501.421407453699,1615.118592546301,-0.0665930807883101,-0.4126875033492103,23.107142857142858,0.01588665717232235,52.5,0.036094877964936406,43.0,0.029563423856995532,-0.001603872024729521,-1551.6389161737657,31,-32.5,range_v0_conservative
OZON,2022-01-21 22:00:00+00:00,2022-01-24 10:30:00+00:00,1,2022-01-21 22:00:00+00:00,1498.51,41.21428447638723,1436.6885732854191,1560.3314267145809,-0.053059372309827754,-0.14306183329514777,22.178571428571427,0.01562971911809121,13.0,0.009161381254404511,5.0,0.0035236081747709656,-0.0015116257648953304,-1460.0513318960375,13,-22.5,range_v0_conservative
OZON,2022-01-24 10:30:00+00:00,2022-01-24 12:00:00+00:00,1,2022-01-24 10:30:00+00:00,1464.06,45.84920269489696,1395.2861959576544,1532.8338040423455,-0.05263445487206805,-0.060242384967918935,17.178571428571427,0.012385415593778967,30.0,0.021629416005767843,7.0,0.005046863734679163,-0.0025891792099792107,-2497.059914295137,4,-21.0,range_v0_conservative
OZON,2022-01-24 12:00:00+00:00,2022-01-24 13:00:00+00:00,1,2022-01-24 12:00:00+00:00,1453.65,48.18927922946891,1381.3660811557968,1525.9339188442034,-0.07543081209369525,-0.2584674555092506,25.107142857142858,0.018680909863945577,81.0,0.060267857142857144,35.5,0.026413690476190476,-0.0017298742532005692,-1664.0082000551308,3,-12.0,range_v0_conservative
OZON,2022-01-24 13:30:00+00:00,2022-01-24 16:00:00+00:00,1,2022-01-24 13:30:00+00:00,1440.96,59.95388023393254,1351.0291796491013,1530.8908203508988,-0.1318287808127915,-0.5561451527896661,33.32142857142857,0.026635834189791024,56.5,0.0451638689048761,51.0,0.0407673860911271,0.0016074760986066455,1543.5955789789741,6,0.0,range_v0_conservative
OZON,2022-01-24 19:00:00+00:00,2022-01-24 23:30:00+00:00,1,2022-01-24 19:00:00+00:00,1396.12,81.53661754084945,1273.8150736887258,1518.424926311274,-0.1089591152622983,-0.1218882778803383,36.607142857142854,0.029426963711529624,32.5,0.02612540192926045,16.0,0.012861736334405145,0.0024457385365853662,2352.3210015985997,10,-7.5,range_v0_conservative
OZON,2022-01-24 23:30:00+00:00,2022-01-25 09:00:00+00:00,1,2022-01-24 23:30:00+00:00,1355.46,73.39214215851081,1245.3717867622338,1465.5482132377663,-0.015094506661945048,0.4070745205219611,29.785714285714285,0.02231139646869984,29.5,0.022097378277153558,28.0,0.020973782771535582,0.00025252374100719424,243.4723501666773,7,-17.5,range_v0_conservative
OZON,2022-01-28 18:00:00+00:00,2022-01-31 08:30:00+00:00,1,2022-01-28 18:00:00+00:00,1438.67,30.39814206195812,1393.072786907063,1484.2672130929373,-0.04738404220564832,-0.24752375612358776,21.357142857142858,0.015583467973106791,43.0,0.03137541043414812,34.5,0.025173294418095585,0.0028760003344481607,2773.614003757776,17,-5.5,range_v0_conservative
OZON,2022-02-03 07:00:00+00:00,2022-02-03 08:00:00+00:00,1,2022-02-03 07:00:00+00:00,1659.6,32.10696408661267,1611.439553870081,1707.7604461299188,-0.04766208724993969,-0.3212133229270513,29.392857142857142,0.018597188954670763,83.5,0.052831382473900665,74.5,0.04713698196773173,0.002710583718104496,2621.604373256566,3,0.0,range_v0_conservative
OZON,2022-02-03 12:30:00+00:00,2022-02-03 17:00:00+00:00,1,2022-02-03 12:30:00+00:00,1657.11,33.00066325866963,1607.6090051119954,1706.6109948880044,-0.0368774553288556,-0.11726032111335027,33.32142857142857,0.020878088077336196,35.5,0.022243107769423558,29.5,0.018483709273182956,-0.0016115275455519831,-1562.8513051983357,10,-14.5,range_v0_conservative
OZON,2022-02-03 17:00:00+00:00,2022-02-04 10:30:00+00:00,1,2022-02-03 17:00:00+00:00,1646.64,40.923652160143114,1585.2545217597853,1708.0254782402149,-0.062332993246854256,-0.3360283485806481,25.071428571428573,0.0162379718726869,63.5,0.04112694300518135,39.0,0.025259067357512953,0.002163418803418803,2094.691568309685,23,-28.0,range_v0_conservative
OZON,2022-02-07 12:00:00+00:00,2022-02-08 10:00:00+00:00,1,2022-02-07 12:00:00+00:00,1554.89,23.982410646356666,1518.916384030465,1590.8636159695352,-0.024689849442725915,-0.03358550378298576,18.0,0.011869436201780416,23.5,0.015496208374546653,8.5,0.00560501153972964,0.00029578611111111107,287.00919325673834,32,-25.0,range_v0_conservative
OZON,2022-02-10 16:30:00+00:00,2022-02-10 17:30:00+00:00,1,2022-02-10 16:30:00+00:00,1645.64,9.372691552636855,1631.5809626710447,1659.6990373289555,-0.019226562310104334,-0.625254854215224,15.0,0.00929368029739777,52.0,0.0322180916976456,42.0,0.026022304832713755,0.002045923333333334,1985.8014577147628,3,-10.5,range_v0_conservative
OZON,2022-02-11 07:30:00+00:00,2022-02-11 11:30:00+00:00,1,2022-02-11 07:30:00+00:00,1641.81,11.67278799575913,1624.3008180063612,1659.3191819936387,-0.018765874248542733,-0.3798240834778421,15.714285714285714,0.009754367296266737,22.5,0.013966480446927373,15.0,0.00931098696461825,-0.0022740263636363634,-2211.7171757014767,9,-1.5,range_v0_conservative
OZON,2022-02-11 11:30:00+00:00,2022-02-11 20:30:00+00:00,1,2022-02-11 11:30:00+00:00,1637.16,17.200925461637475,1611.3586118075439,1662.9613881924563,-0.03674656111803372,-0.6658287443927068,17.535714285714285,0.011119666636470694,42.5,0.026949904882688648,38.0,0.024096385542168676,-0.0020926549898167006,-2030.6870855767493,19,-26.5,range_v0_conservative
OZON,2022-02-11 20:30:00+00:00,2022-02-11 21:30:00+00:00,1,2022-02-11 20:30:00+00:00,1610.13,35.23880774701007,1557.271788379485,1662.9882116205151,-0.04231335358014577,-0.14445994209117255,21.642857142857142,0.014035575319622013,14.5,0.00940337224383917,8.5,0.005512321660181583,-0.001993754785478548,-1930.6668316681576,3,-10.5,range_v0_conservative
OZON,2022-02-11 21:30:00+00:00,2022-02-14 07:00:00+00:00,1,2022-02-11 21:30:00+00:00,1604.92,39.13703814935683,1546.214442775965,1663.6255572240352,-0.06506243301846826,-0.38935362287344566,22.964285714285715,0.015304422335412007,38.5,0.025658113962012664,31.5,0.020993002332555816,-0.0022685225505443235,-2192.360418202634,7,-20.5,range_v0_conservative
OZON,2022-02-14 07:00:00+00:00,2022-02-14 13:30:00+00:00,1,2022-02-14 07:00:00+00:00,1586.16,53.70729817774496,1505.5990527333827,1666.7209472666175,-0.08584253795329606,-0.34507447230838134,28.964285714285715,0.01997536945812808,98.0,0.06758620689655172,29.5,0.020344827586206895,0.0012209622688039454,1177.2935616618574,14,-4.0,range_v0_conservative
OZON,2022-02-17 11:30:00+00:00,2022-02-17 18:00:00+00:00,1,2022-02-17 11:30:00+00:00,1689.33,26.798494094196926,1649.1322588587045,1729.5277411412953,-0.02446532057087717,-0.014083612991145668,24.0,0.014563106796116505,36.5,0.022148058252427185,11.0,0.006674757281553398,-0.0015946937500000001,-1539.5356555935055,14,-20.0,range_v0_conservative
OZON,2022-02-17 18:00:00+00:00,2022-02-17 22:30:00+00:00,1,2022-02-17 18:00:00+00:00,1674.2,26.278337474249966,1634.782493788625,1713.617506211375,-0.037450722733245755,-0.2953318972511035,21.142857142857142,0.01311998581623155,33.0,0.020477815699658702,16.5,0.010238907849829351,-0.0015248222972972974,-1469.7334346359166,10,-26.0,range_v0_conservative
OZON,2022-02-17 22:30:00+00:00,2022-02-18 16:00:00+00:00,1,2022-02-17 22:30:00+00:00,1656.02,36.81115070639493,1600.8032739404075,1711.2367260595925,-0.04530138524897041,-0.17932314493831894,19.5,0.012333965844402278,12.0,0.007590132827324478,5.5,0.003478810879190386,-0.0027016923076923073,-2600.1146539485735,23,-18.5,range_v0_conservative
OZON,2022-02-18 16:00:00+00:00,2022-02-18 17:30:00+00:00,1,2022-02-18 16:00:00+00:00,1614.12,32.60142102828616,1565.2178684575706,1663.0221315424292,-0.0521150843803434,-0.3600852084230141,23.821428571428573,0.015569561157796452,51.0,0.03333333333333333,46.5,0.030392156862745098,-0.0006157775112443776,-591.024546991939,4,-24.5,range_v0_conservative
OZON,2022-02-18 18:00:00+00:00,2022-02-21 13:00:00+00:00,1,2022-02-18 18:00:00+00:00,1601.02,42.86999331155734,1536.715010032664,1665.324989967336,-0.09026745449775767,-0.6237075075620838,29.892857142857142,0.020523760482565837,61.5,0.042224510813594233,59.5,0.040851355990387916,-0.0024595491039426523,-2359.2267353978486,26,-42.5,range_v0_conservative
OZON,2022-02-21 13:00:00+00:00,2022-02-21 15:30:00+00:00,1,2022-02-21 13:00:00+00:00,1527.42,64.39121184810632,1430.8331822278406,1624.0068177721596,-0.09356954865066587,-0.2398525145384579,37.142857142857146,0.02682763246143528,39.0,0.028169014084507043,31.5,0.02275189599133261,-0.0008478063461538459,-811.2250676986071,6,-49.5,range_v0_conservative
OZON,2022-04-05 12:00:00+00:00,2022-04-06 10:00:00+00:00,1,2022-04-05 12:00:00+00:00,1399.01,42.0323599827229,1335.9614600259156,1462.0585399740844,-0.06648272707128612,-0.2376062953894809,23.142857142857142,0.0177204112885583,53.0,0.04058192955589587,31.0,0.023736600306278714,-0.002090705555555555,-1998.7994383356659,16,-35.0,range_v0_conservative
OZON,2022-04-06 10:00:00+00:00,2022-04-06 17:30:00+00:00,1,2022-04-06 10:00:00+00:00,1362.69,54.55458696742669,1280.85811954886,1444.52188045114,-0.07609214127938126,-0.13355503642563257,28.357142857142858,0.02252354476341768,78.5,0.06235107227958697,39.0,0.030976965845909452,-0.0014402526448362722,-1374.0612572530354,16,-11.0,range_v0_conservative
OZON,2022-04-06 17:30:00+00:00,2022-04-07 10:30:00+00:00,1,2022-04-06 17:30:00+00:00,1315.1,55.37801449852335,1232.032978252215,1398.167021747785,-0.07269409170405286,-0.07543895271861652,14.214285714285714,0.011655830844022726,31.0,0.025420254202542025,26.0,0.02132021320213202,0.004473460804020102,4261.721886417943,6,-4.5,range_v0_conservative
OZON,2022-04-07 10:30:00+00:00,2022-04-07 11:30:00+00:00,1,2022-04-07 10:30:00+00:00,1300.48,52.39936516209385,1221.8809522568592,1379.0790477431408,-0.012287770669291353,0.3983448244040936,20.035714285714285,0.015598064839014623,22.0,0.017127286882055275,8.0,0.006228104320747372,-0.0017656245989304813,-1689.578233767291,3,-19.5,range_v0_conservative
OZON,2022-04-07 11:30:00+00:00,2022-04-07 16:30:00+00:00,1,2022-04-07 11:30:00+00:00,1295.54,50.31024563972247,1220.0746315404162,1371.0053684595837,-0.034765425999969096,0.20158497255518193,22.5,0.01799280287884846,25.0,0.019992003198720514,14.5,0.011595361855257898,-0.0013930022222222223,-1330.6513094167262,11,-28.0,range_v0_conservative
OZON,2022-04-07 17:00:00+00:00,2022-04-08 13:30:00+00:00,1,2022-04-07 17:00:00+00:00,1264.69,28.513493046570847,1221.9197604301437,1307.4602395698564,-0.03691813804173359,-0.045823456561911204,17.071428571428573,0.014015951208069435,10.0,0.008210180623973728,1.5,0.0012315270935960591,-0.0009561765690376567,-912.1056766782357,13,0.0,range_v0_conservative
OZON,2022-04-08 13:30:00+00:00,2022-04-08 14:00:00+00:00,1,2022-04-08 13:30:00+00:00,1246.61,24.86253841282141,1209.3161923807677,1283.903807619232,-0.03498287355307587,-0.08468151663750288,9.892857142857142,0.008223488896805605,18.0,0.014962593516209476,15.5,0.012884455527847049,-0.00366777761732852,-3495.381606220786,2,0.0,range_v0_conservative
OZON,2022-04-08 14:00:00+00:00,2022-04-11 17:00:00+00:00,1,2022-04-08 14:00:00+00:00,1244.37,26.765384666187977,1204.2219230007179,1284.518076999282,-0.06137242138592211,-0.451104084030795,12.535714285714286,0.010732632093933464,49.5,0.04238013698630137,33.5,0.02868150684931507,-0.0032898643874643874,-3123.7320447689167,26,-27.5,range_v0_conservative
OZON,2022-04-11 17:00:00+00:00,2022-04-12 10:30:00+00:00,1,2022-04-11 17:00:00+00:00,1194.2,38.037709538575974,1137.143435692136,1251.256564307864,-0.055434600569418895,-0.0801260626454851,19.214285714285715,0.017033941236068897,18.0,0.015957446808510637,13.0,0.01152482269503546,-0.002118077695167286,-2004.502204254336,7,-6.5,range_v0_conservative
OZON,2022-04-12 10:30:00+00:00,2022-04-12 12:00:00+00:00,1,2022-04-12 10:30:00+00:00,1178.95,38.61323792249737,1121.030143116254,1236.869856883746,-0.07672081089104715,-0.28082029951789284,14.464285714285714,0.013288273508760417,35.0,0.03215434083601286,32.5,0.029857602204869087,0.00036610864197530877,345.7433111122621,4,0.0,range_v0_conservative
OZON,2022-04-12 12:30:00+00:00,2022-04-13 10:30:00+00:00,1,2022-04-12 12:30:00+00:00,1167.92,41.960788304132706,1104.978817543801,1230.8611824561992,-0.07099801356257283,-0.15871021773148444,15.25,0.014055299539170507,13.0,0.011981566820276499,8.0,0.007373271889400922,0.0026728065573770493,2525.0518724304243,16,-3.0,range_v0_conservative
OZON,2022-04-13 10:30:00+00:00,2022-04-13 13:30:00+00:00,1,2022-04-13 10:30:00+00:00,1130.69,35.05213172943328,1078.11180240585,1183.26819759415,-0.0032634939727069793,0.4649094095191025,12.571428571428571,0.011154772467993408,24.0,0.02129547471162378,18.0,0.015971606033717833,0.00013976136363636363,132.3881587854623,7,-18.0,range_v0_conservative
OZON,2022-04-14 14:30:00+00:00,2022-04-14 16:30:00+00:00,1,2022-04-14 14:30:00+00:00,1100.09,16.60977398517687,1075.1753390222345,1125.0046609777653,-0.02553427446845251,-0.06372430724761437,13.857142857142858,0.012926439232409381,12.5,0.01166044776119403,10.0,0.009328358208955223,-0.0019953644329896904,-1890.3618013156633,5,-15.0,range_v0_conservative
OZON,2022-04-14 16:30:00+00:00,2022-04-15 17:00:00+00:00,1,2022-04-14 16:30:00+00:00,1095.28,18.72904543373873,1067.186431849392,1123.373568150608,-0.04544956540793219,-0.38596791502475314,15.107142857142858,0.01444968231194917,18.0,0.01721664275466284,11.5,0.010999521759923482,-0.0017622127659574465,-1666.1481212584981,21,-25.0,range_v0_conservative
OZON,2022-04-15 17:00:00+00:00,2022-04-18 13:30:00+00:00,1,2022-04-15 17:00:00+00:00,1072.21,35.196545806890406,1019.4151812896645,1125.0048187103357,-0.04869381930778489,0.005538599474544991,13.107142857142858,0.01285014005602241,5.0,0.004901960784313725,3.5,0.003431372549019608,-0.0012668626702997277,-1195.6905850091703,13,-9.0,range_v0_conservative
OZON,2022-04-18 13:30:00+00:00,2022-04-18 15:30:00+00:00,1,2022-04-18 13:30:00+00:00,1048.65,30.630492010709123,1002.7042619839364,1094.5957380160637,-0.042101749868879115,0.01954194331839666,7.607142857142857,0.007573064068833108,13.0,0.012941762070681932,7.5,0.007466401194624191,-0.0032967107981220663,-3107.56041477815,5,-14.5,range_v0_conservative
OZON,2022-04-18 15:30:00+00:00,2022-04-19 09:30:00+00:00,1,2022-04-18 15:30:00+00:00,1039.3,29.25119917307656,995.4232012403851,1083.1767987596147,-0.05657654190320404,-0.17005799946965058,10.107142857142858,0.01030815181758578,10.0,0.010198878123406425,7.5,0.007649158592554819,0.0005356904593639576,503.2902685925018,8,-3.5,range_v0_conservative
OZON,2022-04-19 10:00:00+00:00,2022-04-19 12:30:00+00:00,1,2022-04-19 10:00:00+00:00,1022.24,29.643500853625245,977.7747487195621,1066.7052512804378,-0.07115745813116295,-0.31794207730027385,14.5,0.015271195365982097,40.5,0.04265402843601896,31.5,0.03317535545023697,-0.0024142793103448276,-2269.4714267005033,6,-20.5,range_v0_conservative
OZON,2022-04-19 12:30:00+00:00,2022-04-19 14:30:00+00:00,1,2022-04-19 12:30:00+00:00,1008.98,35.572139981435726,955.6217900278464,1062.3382099721537,-0.0926480207734544,-0.3759664168717894,16.642857142857142,0.01817898104080518,23.5,0.025669033315128344,17.0,0.018569087930092845,-0.0020711708154506443,-1942.2420325826304,5,-9.5,range_v0_conservative
OZON,2022-04-19 14:30:00+00:00,2022-04-19 17:30:00+00:00,1,2022-04-19 14:30:00+00:00,997.17,43.861052641007205,931.3784210384891,1062.9615789615107,-0.1154968561027708,-0.3752639913641257,19.928571428571427,0.02259475218658892,44.0,0.049886621315192746,29.0,0.032879818594104306,0.005966197849462366,5583.21884317677,7,0.0,range_v0_conservative
OZON,2022-04-22 12:30:00+00:00,2022-04-25 10:00:00+00:00,1,2022-04-22 12:30:00+00:00,1049.12,31.11164228574452,1002.4525365713831,1095.7874634286168,-0.05206268110416339,-0.08520429424611246,14.821428571428571,0.014903397256338432,12.5,0.01256913021618904,8.0,0.008044243338360985,-0.003072915662650602,-2892.817451761305,15,0.0,range_v0_conservative
OZON,2022-04-25 10:00:00+00:00,2022-04-25 15:00:00+00:00,1,2022-04-25 10:00:00+00:00,1037.78,31.12387363754505,991.0941895436824,1084.4658104563175,-0.08458440131819844,-0.44011434247385495,12.464285714285714,0.013120300751879699,62.0,0.06526315789473684,43.5,0.045789473684210526,-0.00248806876790831,-2335.0498815710043,11,-23.0,range_v0_conservative
OZON,2022-04-25 15:00:00+00:00,2022-04-26 17:00:00+00:00,1,2022-04-25 15:00:00+00:00,1012.51,49.5945283766226,938.1182074350661,1086.9017925649339,-0.09136699884445584,-0.12177558041266025,18.892857142857142,0.020535714285714286,14.0,0.015217391304347827,6.5,0.007065217391304348,0.0014797179584120981,1385.258508474553,24,0.0,range_v0_conservative
OZON,2022-05-05 09:30:00+00:00,2022-05-05 17:00:00+00:00,1,2022-05-05 09:30:00+00:00,1015.0,18.570054894295893,987.1449176585562,1042.855082341444,-0.02807881773399015,-0.011576301420525278,6.178571428571429,0.006263123597132721,0.0,0.0,0.0,0.0,-0.003894079768786128,-3650.8911409873326,16,-11.5,range_v0_conservative
OZON,2022-05-05 17:00:00+00:00,2022-05-06 10:00:00+00:00,1,2022-05-05 17:00:00+00:00,999.07,17.898526333180204,972.2222105002297,1025.9177894997704,-0.03560311089313066,-0.16243814970883053,10.642857142857142,0.011046037512046853,16.0,0.01660612350804359,11.0,0.011416709911779968,-0.001976710738255034,-1846.0466983127799,6,0.0,range_v0_conservative
OZON,2022-05-06 10:00:00+00:00,2022-05-11 10:30:00+00:00,1,2022-05-06 10:00:00+00:00,993.25,19.75029062047942,963.6245640692808,1022.8754359307192,-0.05008809463881198,-0.339650091839042,10.178571428571429,0.01078809902339314,34.5,0.03656597774244833,21.5,0.02278749337572867,0.002498680701754386,2328.900852280175,21,-13.0,range_v0_conservative
OZON,2022-05-11 16:30:00+00:00,2022-05-12 14:30:00+00:00,1,2022-05-11 16:30:00+00:00,952.98,17.680832467281252,926.4587512990781,979.5012487009219,-0.033557892085878,-0.10291278816914044,13.392857142857142,0.014541647277803629,33.5,0.03637350705754615,10.5,0.011400651465798045,-0.0010452437333333332,-976.6559931862173,16,-15.0,range_v0_conservative
OZON,2022-05-12 14:30:00+00:00,2022-05-12 16:30:00+00:00,1,2022-05-12 14:30:00+00:00,935.25,15.978700746690938,911.2819488799636,959.2180511200364,-0.02913659449345095,-0.06846507593644084,8.035714285714286,0.008849905601006923,3.0,0.003303964757709251,1.0,0.0011013215859030838,-0.0027347537777777774,-2552.6313395574107,5,-7.5,range_v0_conservative
OZON,2022-05-12 16:30:00+00:00,2022-05-16 11:30:00+00:00,1,2022-05-12 16:30:00+00:00,930.69,17.396601239757572,904.5950981403637,956.7849018596364,-0.04694366545251378,-0.3371366988656856,8.428571428571429,0.009502335319697214,16.0,0.018038331454340473,14.5,0.016347237880496055,0.0005360635593220338,498.99573788254946,29,-12.0,range_v0_conservative
OZON,2022-05-20 11:30:00+00:00,2022-05-20 15:30:00+00:00,1,2022-05-20 11:30:00+00:00,954.82,27.20064525047678,914.0190321242849,995.6209678757152,-0.04589346683144472,-0.03699706503876605,8.035714285714286,0.008820762113846636,13.0,0.014270032930845226,7.0,0.007683863885839737,0.004101751111111111,3820.169228381422,9,0.0,range_v0_conservative
OZON,2022-05-20 15:30:00+00:00,2022-05-23 10:00:00+00:00,1,2022-05-20 15:30:00+00:00,953.55,28.415152971061183,910.9272705434082,996.1727294565917,-0.008966493629070269,0.39970140217430783,10.714285714285714,0.011337868480725623,9.0,0.009523809523809525,7.5,0.007936507936507936,0.0003691333333333334,345.2027815757909,9,-7.5,range_v0_conservative
OZON,2022-05-23 13:00:00+00:00,2022-05-23 15:00:00+00:00,1,2022-05-23 13:00:00+00:00,937.42,13.949383718422904,916.4959244223656,958.3440755776343,-0.028183738345672123,-0.13133016084687216,10.25,0.011251372118551043,13.0,0.014270032930845226,6.5,0.007135016465422613,0.003946560975609756,3692.0716642751154,5,0.0,range_v0_conservative
OZON,2022-05-27 10:00:00+00:00,2022-05-30 11:30:00+00:00,1,2022-05-27 10:00:00+00:00,944.8,14.262481107729888,923.4062783384052,966.1937216615947,-0.023602878916172687,-0.021180941603818518,12.785714285714286,0.013859852884243129,44.5,0.048238482384823846,32.0,0.034688346883468835,-0.0010168810055865922,-955.0630355909003,23,-8.0,range_v0_conservative
OZON,2022-05-30 11:30:00+00:00,2022-05-30 13:00:00+00:00,1,2022-05-30 11:30:00+00:00,941.68,16.55441244592998,916.848381331105,966.5116186688949,-0.033111035595956115,-0.12782858451062631,6.857142857142857,0.007531183807954813,8.0,0.008786381109280615,5.0,0.0054914881933003845,-0.0029866812500000013,-2802.2632185167968,4,-6.0,range_v0_conservative
OZON,2022-05-30 13:00:00+00:00,2022-05-31 11:30:00+00:00,1,2022-05-30 13:00:00+00:00,939.28,19.308758718951328,910.316861921573,968.2431380784269,-0.051401073162422255,-0.3334732215353611,8.571428571428571,0.00962000962000962,26.5,0.02974186307519641,15.0,0.016835016835016835,0.004780264999999999,4471.703337621178,17,-8.5,range_v0_conservative
OZON,2022-06-02 18:00:00+00:00,2022-06-03 15:30:00+00:00,1,2022-06-02 18:00:00+00:00,905.41,6.84350578502642,895.1447413224604,915.6752586775395,-0.011497553594504113,-0.007050057237090632,6.785714285714286,0.007581803671189146,8.0,0.008938547486033519,1.0,0.0011173184357541898,-0.00213236947368421,-2004.2623299390727,15,-7.5,range_v0_conservative
OZON,2022-06-03 15:30:00+00:00,2022-06-03 16:00:00+00:00,1,2022-06-03 15:30:00+00:00,900.55,8.445654600665234,887.881518099002,913.2184819009979,-0.02115373938148904,-0.2518659358269034,6.214285714285714,0.007049671825621911,8.5,0.009642654566080544,7.5,0.008508224617129892,-0.007148335632183909,-6704.555308151696,2,0.0,range_v0_conservative
OZON,2022-06-03 16:00:00+00:00,2022-06-06 10:00:00+00:00,1,2022-06-03 16:00:00+00:00,898.89,11.82495199977536,881.1525720003369,916.627427999663,-0.06773910044610573,-1.2164269814416349,9.25,0.0110381861575179,45.5,0.054295942720763726,45.0,0.05369928400954654,-0.00333932972972973,-3109.6299779110773,8,0.0,range_v0_conservative
OZON,2022-06-06 10:00:00+00:00,2022-06-06 16:30:00+00:00,1,2022-06-06 10:00:00+00:00,888.97,23.467174207968107,853.7692386880478,924.1707613119522,-0.0910829386818453,-0.6501171705128318,16.535714285714285,0.020464992927864214,82.0,0.10148514851485149,32.5,0.040222772277227724,-0.0018358051835853132,-1703.8184741811838,14,-18.0,range_v0_conservative
OZON,2022-06-06 16:30:00+00:00,2022-06-07 10:00:00+00:00,1,2022-06-06 16:30:00+00:00,860.94,42.87304942907299,796.6304258563905,925.2495741436096,-0.09575580179803476,-0.14096210477077248,15.714285714285714,0.02018533810441325,29.5,0.03789338471419396,14.5,0.018625561978163133,-0.0025971495454545452,-2406.0002914694383,7,-1.5,range_v0_conservative
OZON,2022-06-07 10:00:00+00:00,2022-06-07 13:00:00+00:00,1,2022-06-07 10:00:00+00:00,845.81,48.89366742520348,772.4694988621948,919.1505011378051,-0.12687246544732264,-0.23158758349882852,12.785714285714286,0.017313086371989556,56.0,0.07582938388625593,42.5,0.05754908598510494,0.0016552418994413406,1529.4341902454485,7,0.0,range_v0_conservative
OZON,2022-06-10 14:30:00+00:00,2022-06-10 18:30:00+00:00,1,2022-06-10 14:30:00+00:00,808.86,12.636616700409538,789.9050749493857,827.8149250506143,-0.03258907598348294,-0.1953337966151899,8.607142857142858,0.010999543587403012,10.0,0.012779552715654952,7.5,0.009584664536741214,-0.0014346340248962656,-1327.787935292839,9,-3.5,range_v0_conservative
OZON,2022-06-10 18:30:00+00:00,2022-06-15 10:30:00+00:00,1,2022-06-10 18:30:00+00:00,804.03,15.238046502910771,781.1729302456338,826.8870697543662,-0.04108055669564565,-0.22253356084041634,6.357142857142857,0.00824532147489346,8.0,0.010376134889753566,8.0,0.010376134889753566,0.002380676404494382,2200.211640645884,23,-13.5,range_v0_conservative
OZON,2022-06-22 11:00:00+00:00,2022-06-23 16:00:00+00:00,1,2022-06-22 11:00:00+00:00,867.06,13.060159076475442,847.4697613852868,886.6502386147131,-0.023135653818651472,-0.011989680027020954,8.142857142857142,0.009613762860516106,8.0,0.009445100354191263,1.0,0.0011806375442739079,0.0033817307017543863,3132.822553960297,30,-11.0,range_v0_conservative
OZON,2022-06-29 13:00:00+00:00,2022-06-30 10:30:00+00:00,1,2022-06-29 13:00:00+00:00,900.14,16.66722311999362,875.1391653200095,925.1408346799905,-0.03126180371942141,-0.06278121031138922,10.714285714285714,0.0122870249017038,13.5,0.01548165137614679,5.0,0.005733944954128441,-0.005683365333333334,-5282.853161645811,15,0.0,range_v0_conservative
OZON,2022-06-30 10:30:00+00:00,2022-06-30 12:00:00+00:00,1,2022-06-30 10:30:00+00:00,900.95,18.022732244364697,873.915901633453,927.9840983665471,-0.09872911926300021,-1.1451445650961676,17.285714285714285,0.02128782547501759,100.0,0.12315270935960591,83.5,0.10283251231527094,0.001913105785123967,1768.1807401761955,4,0.0,range_v0_conservative
OZON,2022-06-30 17:30:00+00:00,2022-07-04 09:30:00+00:00,1,2022-06-30 17:30:00+00:00,882.9,27.631688404484272,841.4524673932735,924.3475326067264,-0.05085513648204777,-0.04164864801521674,21.892857142857142,0.026125127855438118,6.5,0.007756563245823389,1.5,0.0017899761336515514,0.0007791765089722675,721.5286475873485,23,-0.5,range_v0_conservative
OZON,2022-07-04 09:30:00+00:00,2022-07-04 10:00:00+00:00,1,2022-07-04 09:30:00+00:00,859.96,22.696722769828618,825.9149158452572,894.0050841547429,-0.004604865342574115,0.44184182388856924,5.25,0.006133177570093458,0.0,0.0,0.0,0.0,0.0031503142857142855,2919.5093547956494,2,0.0,range_v0_conservative
OZON,2022-07-29 17:00:00+00:00,2022-08-01 10:30:00+00:00,1,2022-07-29 17:00:00+00:00,1427.11,24.109505704416783,1390.9457414433748,1463.274258556625,-0.03616399576767026,-0.21354981492556027,13.035714285714286,0.009477073272056914,28.0,0.020356234096692113,17.5,0.01272264631043257,-0.004139036712328766,-3847.877882195976,7,-19.5,range_v0_conservative
OZON,2022-08-01 10:30:00+00:00,2022-08-01 12:30:00+00:00,1,2022-08-01 10:30:00+00:00,1424.19,30.29916985467957,1378.7412452179808,1469.6387547820193,-0.07105091315063303,-0.6132318199401311,16.964285714285715,0.012822589353201599,44.0,0.03325774754346183,32.5,0.02456538170823885,-0.002117233263157895,-1960.1505075971847,5,-26.5,range_v0_conservative
OZON,2022-08-01 12:30:00+00:00,2022-08-02 10:00:00+00:00,1,2022-08-01 12:30:00+00:00,1414.15,46.276261159950124,1344.735608260075,1483.5643917399252,-0.0888519605416682,-0.4050716778645335,19.428571428571427,0.015078441155274682,11.0,0.008537058595265812,8.0,0.006208769887466045,-0.0020266827205882355,-1872.3455298580166,15,0.0,range_v0_conservative
OZON,2022-08-02 10:00:00+00:00,2022-08-02 17:00:00+00:00,1,2022-08-02 10:00:00+00:00,1375.94,62.65923714828478,1281.951144277573,1469.9288557224272,-0.09116676599270321,-0.1673131566281436,15.25,0.012195121951219513,59.0,0.047181127548980406,48.5,0.03878448620551779,-0.0014984852459016392,-1381.5659924179356,15,0.0,range_v0_conservative
OZON,2022-08-02 17:00:00+00:00,2022-08-02 18:00:00+00:00,1,2022-08-02 17:00:00+00:00,1325.92,58.24564098610619,1238.5515385208407,1413.2884614791594,-0.07309641607336798,-0.05466239395276019,13.75,0.011187957689178194,31.0,0.025223759153783564,22.0,0.01790073230268511,-0.002459356363636364,-2264.067415156974,3,-6.0,range_v0_conservative
OZON,2022-08-02 18:00:00+00:00,2022-08-03 10:00:00+00:00,1,2022-08-02 18:00:00+00:00,1317.23,58.76954386175782,1229.0756842073633,1405.3843157926367,-0.09165445670080397,-0.18476511282777325,15.0,0.012536564981195153,40.5,0.03384872544922691,26.5,0.0221479314667781,0.005039943333333334,4628.328163457252,4,0.0,range_v0_conservative
OZON,2022-08-03 10:00:00+00:00,2022-08-03 12:00:00+00:00,1,2022-08-03 10:00:00+00:00,1305.69,55.96298795108164,1221.7455180733775,1389.6344819266226,-0.02465363141327578,0.30826613458560653,20.142857142857142,0.015816927477704863,78.5,0.06164114644680016,64.0,0.0502552021986651,-0.0008382028368794326,-773.6257904110153,5,-10.0,range_v0_conservative
OZON,2022-08-03 13:30:00+00:00,2022-08-04 10:00:00+00:00,1,2022-08-03 13:30:00+00:00,1284.52,43.04055515162135,1219.959167272568,1349.080832727432,-0.058013888456388364,-0.07713010235334512,29.178571428571427,0.024114521841794568,66.0,0.05454545454545454,14.0,0.011570247933884297,0.0018372558139534887,1694.288113143302,13,-39.5,range_v0_conservative
OZON,2022-08-18 10:30:00+00:00,2022-08-19 11:30:00+00:00,1,2022-08-18 10:30:00+00:00,1394.6,10.605158544812113,1378.6922621827816,1410.5077378172182,-0.015129786318657615,-0.16319926322778633,9.464285714285714,0.006890633938322325,13.0,0.009464870768110666,4.5,0.0032763014197306154,-0.002112203773584906,-1951.4194336665448,22,-2.0,range_v0_conservative
OZON,2022-08-19 11:30:00+00:00,2022-08-19 18:30:00+00:00,1,2022-08-19 11:30:00+00:00,1385.28,10.978717816913244,1368.81192327463,1401.7480767253699,-0.02185839685839684,-0.4193544730500357,9.928571428571429,0.007327358987875593,22.5,0.016605166051660517,19.0,0.014022140221402213,0.0020632676258992805,1902.1820835104718,15,0.0,range_v0_conservative
OZON,2022-08-30 10:00:00+00:00,2022-08-31 09:30:00+00:00,1,2022-08-30 10:00:00+00:00,1499.36,5.223612012296726,1491.5245819815548,1507.195418018445,-0.00891046846654566,-0.3525390712116137,6.892857142857143,0.004638531051720823,32.0,0.021534320323014805,9.0,0.006056527590847914,-0.006758460103626942,-6243.662509068089,19,-11.0,range_v0_conservative
OZON,2022-08-31 09:30:00+00:00,2022-08-31 17:00:00+00:00,1,2022-08-31 09:30:00+00:00,1491.92,10.561462484045329,1476.077806273932,1507.762193726068,-0.034130516381575465,-1.1071006604411202,10.357142857142858,0.007187469019530089,0.0,0.0,0.0,0.0,0.0032225489655172412,2956.964190296813,16,0.0,range_v0_conservative
OZON,2022-08-31 17:00:00+00:00,2022-09-01 10:30:00+00:00,1,2022-08-31 17:00:00+00:00,1484.16,12.0650617193462,1466.062407420981,1502.2575925790193,-0.005498059508408852,0.2745556497536559,10.535714285714286,0.007138017808749517,4.5,0.003048780487804878,4.0,0.0027100271002710027,0.0021213559322033897,1952.7982083671736,7,0.0,range_v0_conservative
OZON,2022-09-06 14:00:00+00:00,2022-09-06 14:30:00+00:00,1,2022-09-06 14:00:00+00:00,1520.64,9.980613862256993,1505.6690792066147,1535.6109207933855,-0.015874894781144847,-0.3062296345414461,11.892857142857142,0.007947114696195886,42.0,0.028065486134313398,40.5,0.027063147343802205,-0.005303897897897898,-4892.820660834818,2,0.0,range_v0_conservative
OZON,2022-09-09 12:00:00+00:00,2022-09-09 13:30:00+00:00,1,2022-09-09 12:00:00+00:00,1452.72,12.056482717436591,1434.6352759238453,1470.8047240761548,-0.013230354094388476,-0.031387703762153336,10.714285714285714,0.00747421396183168,8.5,0.005929543076386466,8.0,0.0055807464248343215,-0.0029907080000000008,-2744.280950794418,4,-15.5,range_v0_conservative
OZON,2022-09-09 13:30:00+00:00,2022-09-12 10:00:00+00:00,1,2022-09-09 13:30:00+00:00,1451.1,14.948209912811208,1428.6776851307832,1473.5223148692166,-0.033147267590104,-0.5725921984539538,12.25,0.008731290092658588,16.5,0.011760513186029936,13.0,0.009265858873841768,0.0036249877551020404,3316.3496153202323,13,-12.0,range_v0_conservative
OZON,2022-09-14 10:00:00+00:00,2022-09-14 23:30:00+00:00,1,2022-09-14 10:00:00+00:00,1444.41,8.025272581388462,1432.3720911279174,1456.4479088720827,-0.014476499054977521,-0.36850632540062117,7.464285714285714,0.005243614832655928,32.0,0.02247980330172111,20.5,0.014401123990165085,0.0014630200956937797,1343.3077539426938,28,-11.5,range_v0_conservative
OZON,2022-09-20 10:30:00+00:00,2022-09-20 14:00:00+00:00,1,2022-09-20 10:30:00+00:00,1477.8,16.102984892707045,1453.6455226609394,1501.9544773390605,-0.03166869671132762,-0.468764493287523,9.892857142857142,0.006913247479285215,64.5,0.04507337526205451,44.0,0.030747728860936407,-0.005409650541516246,-4974.270040257746,8,-31.0,range_v0_conservative
OZON,2022-09-20 14:00:00+00:00,2022-09-20 16:00:00+00:00,1,2022-09-20 14:00:00+00:00,1474.26,24.66494662152108,1437.2625800677183,1511.2574199322817,-0.06461546809924978,-0.7873870688058706,25.785714285714285,0.018698850098415,32.0,0.023205221174764323,23.0,0.016678752719361856,-0.0007948587257617728,-726.9329159788738,5,-35.0,range_v0_conservative
OZON,2022-09-23 10:00:00+00:00,2022-09-23 10:30:00+00:00,1,2022-09-23 10:00:00+00:00,1251.65,14.563460706825287,1229.804808939762,1273.495191060238,-0.023289258179203524,-0.16719489702834658,11.821428571428571,0.009669880222027461,61.0,0.049897750511247445,31.5,0.025766871165644172,-0.002352981268882175,-2150.193368900553,2,0.0,range_v0_conservative
OZON,2022-09-23 10:30:00+00:00,2022-09-23 15:00:00+00:00,1,2022-09-23 10:30:00+00:00,1250.96,16.29975585155995,1226.5103662226602,1275.4096337773399,-0.043934258489480106,-0.6239432152750177,14.321428571428571,0.011974438604873388,51.0,0.042642140468227424,26.5,0.022157190635451504,-0.0021843211970074814,-1991.3722806539179,10,-22.0,range_v0_conservative
OZON,2022-09-23 15:00:00+00:00,2022-09-26 09:30:00+00:00,1,2022-09-23 15:00:00+00:00,1240.23,31.51970714933053,1192.9504392760043,1287.5095607239957,-0.05985180168194611,-0.28501152361940424,19.071428571428573,0.016356285224209753,17.5,0.015008576329331046,7.5,0.006432246998284734,-0.0027908449438202245,-2538.7620008643853,19,-10.0,range_v0_conservative
OZON,2022-09-26 09:30:00+00:00,2022-09-26 11:30:00+00:00,1,2022-09-26 09:30:00+00:00,1206.59,43.937651790937764,1140.6835223135934,1272.4964776864065,-0.07673691974904477,-0.20243474731389663,17.535714285714285,0.01574121569633239,0.0,0.0,0.0,0.0,-0.004427606924643585,-4016.4428897995213,5,-30.5,range_v0_conservative
OZON,2022-09-26 11:30:00+00:00,2022-09-26 12:30:00+00:00,1,2022-09-26 11:30:00+00:00,1192.08,54.49146722197513,1110.3427991670374,1273.8172008329625,-0.12967250520099316,-0.4455914713540182,27.714285714285715,0.026712564543889847,77.0,0.07421686746987952,47.0,0.04530120481927711,-0.0012305909793814435,-1111.3711289828536,3,-18.0,range_v0_conservative
OZON,2022-09-29 14:00:00+00:00,2022-09-30 13:00:00+00:00,1,2022-09-29 14:00:00+00:00,1073.46,23.76561570417125,1037.8115764437432,1109.1084235562569,-0.038622771225756,-0.08151239050686139,18.678571428571427,0.01809939091915836,32.5,0.031492248062015504,15.0,0.014534883720930232,-0.0015849097514340348,-1429.602018934747,28,-12.0,range_v0_conservative
OZON,2022-09-30 13:00:00+00:00,2022-09-30 20:00:00+00:00,1,2022-09-30 13:00:00+00:00,1046.78,22.15832639378561,1013.5425104093216,1080.0174895906785,-0.04134584153308238,-0.15107203541837388,17.428571428571427,0.01736778418392768,28.5,0.028400597907324365,24.0,0.02391629297458894,0.0025444483606557383,2291.4764225990048,15,-2.0,range_v0_conservative
OZON,2022-10-05 11:00:00+00:00,2022-10-05 16:00:00+00:00,1,2022-10-05 11:00:00+00:00,1192.62,23.72838651351187,1157.0274202297321,1228.2125797702677,-0.056698696986466686,-0.44991709559201704,14.714285714285714,0.01307936507936508,47.0,0.041777777777777775,42.0,0.037333333333333336,0.004735833009708738,4275.843177393381,11,-0.5,range_v0_conservative
OZON,2022-10-06 22:30:00+00:00,2022-10-07 13:00:00+00:00,1,2022-10-06 22:30:00+00:00,1184.6,15.97606628308227,1160.6359005753766,1208.5640994246232,-0.023721087286847808,-0.0862936783496839,14.428571428571429,0.012476066950775123,6.5,0.005620406398616515,2.5,0.00216169476869866,-0.0018535514851485146,-1681.4421620163191,11,-22.5,range_v0_conservative
OZON,2022-10-07 13:00:00+00:00,2022-10-07 17:30:00+00:00,1,2022-10-07 13:00:00+00:00,1178.57,20.618500212775093,1147.6422496808373,1209.4977503191626,-0.04036247316663409,-0.2690504402857556,16.964285714285715,0.014999368447644311,8.5,0.007515473032714412,7.5,0.006631299734748011,-0.0015159583157894735,-1372.6468094732818,10,-21.0,range_v0_conservative
OZON,2022-10-07 17:30:00+00:00,2022-10-10 09:30:00+00:00,1,2022-10-07 17:30:00+00:00,1168.43,28.445617646114666,1125.7615735308282,1211.098426469172,-0.05300274727625965,-0.2257122552286377,13.178571428571429,0.011910141372409786,14.5,0.013104383190239493,9.0,0.008133755083596927,-0.006194040108401084,-5599.982716394725,14,-1.5,range_v0_conservative
OZON,2022-10-10 09:30:00+00:00,2022-10-10 10:00:00+00:00,1,2022-10-10 09:30:00+00:00,1145.21,32.096806694798794,1097.0647899578018,1193.3552100421982,-0.10409444556020296,-0.7380255470431552,15.607142857142858,0.015211640211640213,0.0,0.0,0.0,0.0,0.006231957437070937,5599.364619683632,2,0.0,range_v0_conservative
