{
  "timestamp": "2025-11-11T13:43:12.585059",
  "calibration": {
    "GAZP": {
      "optimal_threshold": 0.45,
      "f1_score": 0.6344,
      "auc_score": 0.6186,
      "samples": 57906
    },
    "GMKN": {
      "optimal_threshold": 0.45,
      "f1_score": 0.6235,
      "auc_score": 0.6282,
      "samples": 57573
    },
    "LKOH": {
      "optimal_threshold": 0.45,
      "f1_score": 0.6345,
      "auc_score": 0.6146,
      "samples": 57910
    },
    "ROSN": {
      "optimal_threshold": 0.45,
      "f1_score": 0.6275,
      "auc_score": 0.5846,
      "samples": 57908
    },
    "SBER": {
      "optimal_threshold": 0.45,
      "f1_score": 0.6496,
      "auc_score": 0.6184,
      "samples": 57910
    },
    "YNDX": {
      "optimal_threshold": 0.45,
      "f1_score": 0.6497,
      "auc_score": 0.6099,
      "samples": 46075
    }
  },
  "results": {
    "GAZP": {
      "final_equity": 1076049.49,
      "total_return": 0.076049,
      "max_drawdown": -0.002992,
      "win_rate": 0.5962,
      "profit_factor": 2.3022,
      "expectancy_ratio": 9.18,
      "total_trades": 8287,
      "winning_trades": 4941,
      "losing_trades": 3346,
      "total_commissions": 41435.0,
      "gross_pnl": 117484.49,
      "net_pnl": 76049.49
    },
    "GMKN": {
      "final_equity": 1045669.62,
      "total_return": 0.04567,
      "max_drawdown": -0.002399,
      "win_rate": 0.5595,
      "profit_factor": 2.0414,
      "expectancy_ratio": 5.4,
      "total_trades": 8461,
      "winning_trades": 4734,
      "losing_trades": 3727,
      "total_commissions": 42305.0,
      "gross_pnl": 87974.62,
      "net_pnl": 45669.62
    },
    "LKOH": {
      "final_equity": 1050075.29,
      "total_return": 0.050075,
      "max_drawdown": -0.006785,
      "win_rate": 0.5479,
      "profit_factor": 1.9995,
      "expectancy_ratio": 5.68,
      "total_trades": 8821,
      "winning_trades": 4833,
      "losing_trades": 3988,
      "total_commissions": 44105.0,
      "gross_pnl": 94180.29,
      "net_pnl": 50075.29
    },
    "ROSN": {
      "final_equity": 1042857.45,
      "total_return": 0.042857,
      "max_drawdown": -0.007438,
      "win_rate": 0.5725,
      "profit_factor": 1.7668,
      "expectancy_ratio": 5.29,
      "total_trades": 8105,
      "winning_trades": 4640,
      "losing_trades": 3465,
      "total_commissions": 40525.0,
      "gross_pnl": 83382.45,
      "net_pnl": 42857.45
    },
    "SBER": {
      "final_equity": 1062871.0,
      "total_return": 0.062871,
      "max_drawdown": -0.006858,
      "win_rate": 0.5327,
      "profit_factor": 2.2481,
      "expectancy_ratio": 6.09,
      "total_trades": 10323,
      "winning_trades": 5499,
      "losing_trades": 4824,
      "total_commissions": 51615.0,
      "gross_pnl": 114486.0,
      "net_pnl": 62871.0
    },
    "YNDX": {
      "final_equity": 1075486.73,
      "total_return": 0.075487,
      "max_drawdown": -0.003747,
      "win_rate": 0.5902,
      "profit_factor": 1.9892,
      "expectancy_ratio": 9.19,
      "total_trades": 8216,
      "winning_trades": 4849,
      "losing_trades": 3367,
      "total_commissions": 41080.0,
      "gross_pnl": 116566.73,
      "net_pnl": 75486.73
    }
  }
}