dt,side,conf
2022-01-17 07:00:00+00:00,1,0.75
2022-01-17 07:10:00+00:00,-1,0.75
2022-01-17 07:30:00+00:00,1,0.75
2022-01-17 12:00:00+00:00,-1,0.75
2022-01-17 13:30:00+00:00,1,0.75
2022-01-17 14:20:00+00:00,-1,0.75
2022-01-17 14:40:00+00:00,1,0.75
2022-01-17 17:00:00+00:00,-1,0.75
2022-01-17 17:20:00+00:00,1,0.75
2022-01-17 17:50:00+00:00,-1,0.75
2022-01-17 18:30:00+00:00,1,0.75
2022-01-18 08:10:00+00:00,-1,0.75
2022-01-19 10:00:00+00:00,1,0.75
2022-01-19 17:30:00+00:00,-1,0.75
2022-01-20 07:30:00+00:00,1,0.75
2022-01-20 11:10:00+00:00,-1,0.75
2022-01-20 16:40:00+00:00,1,0.75
2022-01-20 21:20:00+00:00,-1,0.75
2022-01-21 15:00:00+00:00,1,0.75
2022-01-21 17:20:00+00:00,-1,0.75
2022-01-24 21:10:00+00:00,1,0.75
2022-01-25 11:00:00+00:00,-1,0.75
2022-01-25 12:30:00+00:00,1,0.75
2022-01-25 16:00:00+00:00,-1,0.75
2022-01-25 20:40:00+00:00,1,0.75
2022-01-26 08:00:00+00:00,-1,0.75
2022-01-26 08:50:00+00:00,1,0.75
2022-01-26 10:10:00+00:00,-1,0.75
2022-01-26 11:20:00+00:00,1,0.75
2022-01-26 18:10:00+00:00,-1,0.75
2022-01-26 22:00:00+00:00,1,0.75
2022-01-26 22:10:00+00:00,-1,0.75
2022-01-27 11:10:00+00:00,1,0.75
2022-01-27 17:50:00+00:00,-1,0.75
2022-01-28 06:50:00+00:00,1,0.75
2022-01-28 11:20:00+00:00,-1,0.75
2022-01-28 12:10:00+00:00,1,0.75
2022-01-28 14:10:00+00:00,-1,0.75
2022-01-28 14:20:00+00:00,1,0.75
2022-01-28 14:40:00+00:00,-1,0.75
2022-01-28 17:00:00+00:00,1,0.75
2022-01-28 17:20:00+00:00,-1,0.75
2022-01-28 19:30:00+00:00,1,0.75
2022-01-28 20:30:00+00:00,-1,0.75
2022-01-28 23:40:00+00:00,1,0.75
2022-01-31 15:20:00+00:00,-1,0.75
2022-01-31 15:50:00+00:00,1,0.75
2022-01-31 17:00:00+00:00,-1,0.75
2022-01-31 17:50:00+00:00,1,0.75
2022-02-01 10:30:00+00:00,-1,0.75
2022-02-01 11:40:00+00:00,1,0.75
2022-02-01 12:00:00+00:00,-1,0.75
2022-02-01 16:10:00+00:00,1,0.75
2022-02-01 17:20:00+00:00,-1,0.75
2022-02-01 23:40:00+00:00,1,0.75
2022-02-02 10:50:00+00:00,-1,0.75
2022-02-02 13:40:00+00:00,1,0.75
2022-02-02 17:20:00+00:00,-1,0.75
2022-02-02 17:30:00+00:00,1,0.75
2022-02-02 17:40:00+00:00,-1,0.75
2022-02-03 11:20:00+00:00,1,0.75
2022-02-03 12:30:00+00:00,-1,0.75
2022-02-03 15:10:00+00:00,1,0.75
2022-02-03 15:50:00+00:00,-1,0.75
2022-02-03 19:10:00+00:00,1,0.75
2022-02-03 22:20:00+00:00,-1,0.75
2022-02-04 07:10:00+00:00,1,0.75
2022-02-04 13:00:00+00:00,-1,0.75
2022-02-04 22:00:00+00:00,1,0.75
2022-02-07 07:00:00+00:00,-1,0.75
2022-02-07 07:20:00+00:00,1,0.75
2022-02-07 08:20:00+00:00,-1,0.75
2022-02-07 09:20:00+00:00,1,0.75
2022-02-07 11:20:00+00:00,-1,0.75
2022-02-07 15:00:00+00:00,1,0.75
2022-02-07 17:10:00+00:00,-1,0.75
2022-02-07 17:50:00+00:00,1,0.75
2022-02-07 18:00:00+00:00,-1,0.75
2022-02-07 22:30:00+00:00,1,0.75
2022-02-07 23:00:00+00:00,-1,0.75
2022-02-07 23:10:00+00:00,1,0.75
2022-02-07 23:30:00+00:00,-1,0.75
2022-02-07 23:40:00+00:00,1,0.75
2022-02-08 08:20:00+00:00,-1,0.75
2022-02-08 09:00:00+00:00,1,0.75
2022-02-08 16:30:00+00:00,-1,0.75
2022-02-08 17:40:00+00:00,1,0.75
2022-02-09 15:40:00+00:00,-1,0.75
2022-02-09 17:20:00+00:00,1,0.75
2022-02-09 17:30:00+00:00,-1,0.75
2022-02-09 19:40:00+00:00,1,0.75
2022-02-09 20:00:00+00:00,-1,0.75
2022-02-09 22:00:00+00:00,1,0.75
2022-02-10 07:30:00+00:00,-1,0.75
2022-02-10 12:20:00+00:00,1,0.75
2022-02-10 16:40:00+00:00,-1,0.75
2022-02-10 17:50:00+00:00,1,0.75
2022-02-10 23:00:00+00:00,-1,0.75
2022-02-11 15:40:00+00:00,1,0.75
2022-02-11 17:50:00+00:00,-1,0.75
2022-02-14 10:20:00+00:00,1,0.75
2022-02-14 11:50:00+00:00,-1,0.75
2022-02-14 15:40:00+00:00,1,0.75
2022-02-14 18:10:00+00:00,-1,0.75
2022-02-14 19:10:00+00:00,1,0.75
2022-02-14 21:50:00+00:00,-1,0.75
2022-02-15 06:50:00+00:00,1,0.75
2022-02-15 23:30:00+00:00,-1,0.75
2022-02-15 23:40:00+00:00,1,0.75
2022-02-16 10:20:00+00:00,-1,0.75
2022-02-16 10:30:00+00:00,1,0.75
2022-02-16 11:10:00+00:00,-1,0.75
2022-02-16 14:30:00+00:00,1,0.75
2022-02-16 15:40:00+00:00,-1,0.75
2022-02-16 16:30:00+00:00,1,0.75
2022-02-16 16:50:00+00:00,-1,0.75
2022-02-16 21:30:00+00:00,1,0.75
2022-02-17 07:10:00+00:00,-1,0.75
2022-02-17 13:10:00+00:00,1,0.75
2022-02-17 13:30:00+00:00,-1,0.75
2022-02-17 13:40:00+00:00,1,0.75
2022-02-17 14:30:00+00:00,-1,0.75
2022-02-17 19:10:00+00:00,1,0.75
2022-02-17 20:10:00+00:00,-1,0.75
2022-02-18 07:00:00+00:00,1,0.75
2022-02-18 11:10:00+00:00,-1,0.75
2022-02-21 07:00:00+00:00,1,0.75
2022-02-21 10:20:00+00:00,-1,0.75
2022-02-21 20:10:00+00:00,1,0.75
2022-02-21 20:20:00+00:00,-1,0.75
2022-02-22 08:20:00+00:00,1,0.75
2022-02-22 09:40:00+00:00,-1,0.75
2022-02-22 11:20:00+00:00,1,0.75
2022-02-22 11:30:00+00:00,-1,0.75
2022-02-22 13:30:00+00:00,1,0.75
2022-02-22 20:30:00+00:00,-1,0.75
2022-02-22 22:40:00+00:00,1,0.75
2022-02-22 23:20:00+00:00,-1,0.75
2022-02-24 21:00:00+00:00,1,0.75
2022-02-24 22:40:00+00:00,-1,0.75
2022-02-24 23:30:00+00:00,1,0.75
2022-02-24 23:40:00+00:00,-1,0.75
2022-02-25 10:00:00+00:00,1,0.75
2022-02-25 12:10:00+00:00,-1,0.75
2022-02-25 13:30:00+00:00,1,0.75
2022-02-25 13:50:00+00:00,-1,0.75
2022-02-25 14:30:00+00:00,1,0.75
2022-02-25 17:50:00+00:00,-1,0.75
2022-03-29 10:10:00+00:00,1,0.75
2022-03-29 12:50:00+00:00,-1,0.75
2022-03-30 09:50:00+00:00,1,0.75
2022-03-31 18:00:00+00:00,-1,0.75
2022-03-31 18:30:00+00:00,1,0.75
2022-04-01 14:20:00+00:00,-1,0.75
2022-04-01 14:40:00+00:00,1,0.75
2022-04-01 15:20:00+00:00,-1,0.75
2022-04-04 09:50:00+00:00,1,0.75
2022-04-04 10:00:00+00:00,-1,0.75
2022-04-04 13:30:00+00:00,1,0.75
2022-04-04 14:50:00+00:00,-1,0.75
2022-04-04 17:30:00+00:00,1,0.75
2022-04-04 18:00:00+00:00,-1,0.75
2022-04-05 09:50:00+00:00,1,0.75
2022-04-05 10:10:00+00:00,-1,0.75
2022-04-05 15:30:00+00:00,1,0.75
2022-04-05 16:00:00+00:00,-1,0.75
2022-04-05 16:50:00+00:00,1,0.75
2022-04-05 17:00:00+00:00,-1,0.75
2022-04-06 16:20:00+00:00,1,0.75
2022-04-06 17:10:00+00:00,-1,0.75
2022-04-07 10:20:00+00:00,1,0.75
2022-04-07 14:50:00+00:00,-1,0.75
2022-04-08 09:50:00+00:00,1,0.75
2022-04-08 11:20:00+00:00,-1,0.75
2022-04-08 13:20:00+00:00,1,0.75
2022-04-08 13:30:00+00:00,-1,0.75
2022-04-08 13:50:00+00:00,1,0.75
2022-04-08 14:00:00+00:00,-1,0.75
2022-04-08 18:10:00+00:00,1,0.75
2022-04-08 18:20:00+00:00,-1,0.75
2022-04-11 09:50:00+00:00,1,0.75
2022-04-11 10:00:00+00:00,-1,0.75
2022-04-11 10:20:00+00:00,1,0.75
2022-04-11 12:00:00+00:00,-1,0.75
2022-04-12 15:30:00+00:00,1,0.75
2022-04-13 11:50:00+00:00,-1,0.75
2022-04-13 13:40:00+00:00,1,0.75
2022-04-13 16:10:00+00:00,-1,0.75
2022-04-13 17:00:00+00:00,1,0.75
2022-04-14 10:10:00+00:00,-1,0.75
2022-04-15 11:30:00+00:00,1,0.75
2022-04-15 12:10:00+00:00,-1,0.75
2022-04-15 15:00:00+00:00,1,0.75
2022-04-18 12:00:00+00:00,-1,0.75
2022-04-19 16:10:00+00:00,1,0.75
2022-04-20 10:40:00+00:00,-1,0.75
2022-04-20 11:20:00+00:00,1,0.75
2022-04-20 14:50:00+00:00,-1,0.75
2022-04-21 12:40:00+00:00,1,0.75
2022-04-21 12:50:00+00:00,-1,0.75
2022-04-22 15:40:00+00:00,1,0.75
2022-04-25 10:30:00+00:00,-1,0.75
2022-04-26 14:10:00+00:00,1,0.75
2022-04-27 17:30:00+00:00,-1,0.75
2022-04-27 18:20:00+00:00,1,0.75
2022-04-28 14:10:00+00:00,-1,0.75
2022-04-29 10:20:00+00:00,1,0.75
2022-04-29 12:30:00+00:00,-1,0.75
2022-04-29 16:00:00+00:00,1,0.75
2022-04-29 16:40:00+00:00,-1,0.75
2022-04-29 17:00:00+00:00,1,0.75
2022-05-04 11:20:00+00:00,-1,0.75
2022-05-05 10:10:00+00:00,1,0.75
2022-05-05 18:20:00+00:00,-1,0.75
2022-05-06 18:20:00+00:00,1,0.75
2022-05-11 10:10:00+00:00,-1,0.75
2022-05-11 10:40:00+00:00,1,0.75
2022-05-11 13:40:00+00:00,-1,0.75
2022-05-11 14:30:00+00:00,1,0.75
2022-05-11 15:10:00+00:00,-1,0.75
2022-05-11 15:20:00+00:00,1,0.75
2022-05-11 15:30:00+00:00,-1,0.75
2022-05-12 09:50:00+00:00,1,0.75
2022-05-12 10:00:00+00:00,-1,0.75
2022-05-13 10:00:00+00:00,1,0.75
2022-05-13 10:10:00+00:00,-1,0.75
2022-05-13 10:40:00+00:00,1,0.75
2022-05-13 10:50:00+00:00,-1,0.75
2022-05-13 12:40:00+00:00,1,0.75
2022-05-13 12:50:00+00:00,-1,0.75
2022-05-13 13:00:00+00:00,1,0.75
2022-05-13 16:30:00+00:00,-1,0.75
2022-05-13 16:40:00+00:00,1,0.75
2022-05-13 18:30:00+00:00,-1,0.75
2022-05-16 09:50:00+00:00,1,0.75
2022-05-16 16:00:00+00:00,-1,0.75
2022-05-17 09:50:00+00:00,1,0.75
2022-05-17 15:50:00+00:00,-1,0.75
2022-05-17 16:20:00+00:00,1,0.75
2022-05-18 16:50:00+00:00,-1,0.75
2022-05-19 15:40:00+00:00,1,0.75
2022-05-20 11:10:00+00:00,-1,0.75
2022-05-20 18:30:00+00:00,1,0.75
2022-05-23 09:50:00+00:00,-1,0.75
2022-05-24 09:50:00+00:00,1,0.75
2022-05-24 10:00:00+00:00,-1,0.75
2022-05-24 14:10:00+00:00,1,0.75
2022-05-25 11:30:00+00:00,-1,0.75
2022-05-25 11:40:00+00:00,1,0.75
2022-05-25 11:50:00+00:00,-1,0.75
2022-05-25 13:10:00+00:00,1,0.75
2022-05-25 14:40:00+00:00,-1,0.75
2022-05-25 15:40:00+00:00,1,0.75
2022-05-26 14:10:00+00:00,-1,0.75
2022-05-26 17:50:00+00:00,1,0.75
2022-05-27 10:50:00+00:00,-1,0.75
2022-05-27 11:10:00+00:00,1,0.75
2022-05-27 12:20:00+00:00,-1,0.75
2022-05-27 16:00:00+00:00,1,0.75
2022-05-27 18:30:00+00:00,-1,0.75
2022-05-30 09:50:00+00:00,1,0.75
2022-05-30 10:20:00+00:00,-1,0.75
2022-05-30 16:50:00+00:00,1,0.75
2022-05-30 17:50:00+00:00,-1,0.75
2022-05-31 15:10:00+00:00,1,0.75
2022-05-31 16:50:00+00:00,-1,0.75
2022-06-01 10:10:00+00:00,1,0.75
2022-06-01 15:50:00+00:00,-1,0.75
2022-06-01 16:00:00+00:00,1,0.75
2022-06-01 16:20:00+00:00,-1,0.75
2022-06-02 10:10:00+00:00,1,0.75
2022-06-02 10:20:00+00:00,-1,0.75
2022-06-02 13:20:00+00:00,1,0.75
2022-06-02 13:40:00+00:00,-1,0.75
2022-06-02 15:00:00+00:00,1,0.75
2022-06-02 18:10:00+00:00,-1,0.75
2022-06-02 18:30:00+00:00,1,0.75
2022-06-03 11:10:00+00:00,-1,0.75
2022-06-03 11:40:00+00:00,1,0.75
2022-06-03 13:40:00+00:00,-1,0.75
2022-06-03 14:20:00+00:00,1,0.75
2022-06-03 14:40:00+00:00,-1,0.75
2022-06-03 14:50:00+00:00,1,0.75
2022-06-03 15:00:00+00:00,-1,0.75
2022-06-07 14:10:00+00:00,1,0.75
2022-06-08 14:30:00+00:00,-1,0.75
2022-06-10 10:20:00+00:00,1,0.75
2022-06-10 11:40:00+00:00,-1,0.75
2022-06-10 16:40:00+00:00,1,0.75
2022-06-14 09:50:00+00:00,-1,0.75
2022-06-14 10:20:00+00:00,1,0.75
2022-06-14 10:30:00+00:00,-1,0.75
2022-06-14 11:30:00+00:00,1,0.75
2022-06-14 15:10:00+00:00,-1,0.75
2022-06-15 10:00:00+00:00,1,0.75
2022-06-15 10:40:00+00:00,-1,0.75
2022-06-15 12:20:00+00:00,1,0.75
2022-06-15 16:50:00+00:00,-1,0.75
2022-06-16 09:50:00+00:00,1,0.75
2022-06-17 15:00:00+00:00,-1,0.75
2022-06-17 16:30:00+00:00,1,0.75
2022-06-17 17:00:00+00:00,-1,0.75
2022-06-17 17:20:00+00:00,1,0.75
2022-06-17 17:40:00+00:00,-1,0.75
2022-06-17 18:00:00+00:00,1,0.75
2022-06-21 14:00:00+00:00,-1,0.75
2022-06-21 14:10:00+00:00,1,0.75
2022-06-21 14:40:00+00:00,-1,0.75
2022-06-21 15:20:00+00:00,1,0.75
2022-06-21 16:50:00+00:00,-1,0.75
2022-06-22 14:30:00+00:00,1,0.75
2022-06-24 10:20:00+00:00,-1,0.75
2022-06-24 15:10:00+00:00,1,0.75
2022-06-28 13:10:00+00:00,-1,0.75
2022-06-28 13:20:00+00:00,1,0.75
2022-06-28 17:40:00+00:00,-1,0.75
2022-06-29 17:00:00+00:00,1,0.75
2022-06-30 09:50:00+00:00,-1,0.75
2022-06-30 10:00:00+00:00,1,0.75
2022-06-30 10:10:00+00:00,-1,0.75
2022-07-01 12:00:00+00:00,1,0.75
2022-07-01 13:30:00+00:00,-1,0.75
2022-07-01 14:20:00+00:00,1,0.75
2022-07-01 14:40:00+00:00,-1,0.75
2022-07-01 16:20:00+00:00,1,0.75
2022-07-01 18:10:00+00:00,-1,0.75
2022-07-04 10:00:00+00:00,1,0.75
2022-07-04 17:10:00+00:00,-1,0.75
2022-07-05 09:50:00+00:00,1,0.75
2022-07-05 15:50:00+00:00,-1,0.75
2022-07-05 16:00:00+00:00,1,0.75
2022-07-05 18:30:00+00:00,-1,0.75
2022-07-06 10:00:00+00:00,1,0.75
2022-07-06 13:00:00+00:00,-1,0.75
2022-07-07 11:30:00+00:00,1,0.75
2022-07-07 17:40:00+00:00,-1,0.75
2022-07-08 09:50:00+00:00,1,0.75
2022-07-08 11:40:00+00:00,-1,0.75
2022-07-08 17:50:00+00:00,1,0.75
2022-07-11 13:30:00+00:00,-1,0.75
2022-07-12 17:20:00+00:00,1,0.75
2022-07-13 11:00:00+00:00,-1,0.75
2022-07-13 17:50:00+00:00,1,0.75
2022-07-13 18:20:00+00:00,-1,0.75
2022-07-14 10:20:00+00:00,1,0.75
2022-07-14 14:00:00+00:00,-1,0.75
2022-07-14 18:10:00+00:00,1,0.75
2022-07-14 18:20:00+00:00,-1,0.75
2022-07-15 09:50:00+00:00,1,0.75
2022-07-15 15:10:00+00:00,-1,0.75
2022-07-15 17:40:00+00:00,1,0.75
2022-07-19 10:40:00+00:00,-1,0.75
2022-07-19 11:00:00+00:00,1,0.75
2022-07-19 11:20:00+00:00,-1,0.75
2022-07-19 13:50:00+00:00,1,0.75
2022-07-19 16:10:00+00:00,-1,0.75
2022-07-19 17:30:00+00:00,1,0.75
2022-07-20 14:50:00+00:00,-1,0.75
2022-07-20 16:50:00+00:00,1,0.75
2022-07-20 18:30:00+00:00,-1,0.75
2022-07-21 12:40:00+00:00,1,0.75
2022-07-21 15:00:00+00:00,-1,0.75
2022-07-21 16:20:00+00:00,1,0.75
2022-07-21 18:10:00+00:00,-1,0.75
2022-07-22 09:50:00+00:00,1,0.75
2022-07-22 17:40:00+00:00,-1,0.75
2022-07-22 18:00:00+00:00,1,0.75
2022-07-27 10:20:00+00:00,-1,0.75
2022-07-27 15:30:00+00:00,1,0.75
2022-07-27 18:10:00+00:00,-1,0.75
2022-07-28 09:50:00+00:00,1,0.75
2022-07-28 10:30:00+00:00,-1,0.75
2022-07-28 10:50:00+00:00,1,0.75
2022-07-28 11:00:00+00:00,-1,0.75
2022-07-28 14:00:00+00:00,1,0.75
2022-07-28 16:00:00+00:00,-1,0.75
2022-08-01 14:30:00+00:00,1,0.75
2022-08-01 16:00:00+00:00,-1,0.75
2022-08-01 16:10:00+00:00,1,0.75
2022-08-01 16:40:00+00:00,-1,0.75
2022-08-01 16:50:00+00:00,1,0.75
2022-08-02 10:00:00+00:00,-1,0.75
2022-08-02 12:40:00+00:00,1,0.75
2022-08-02 16:10:00+00:00,-1,0.75
2022-08-03 10:00:00+00:00,1,0.75
2022-08-03 14:00:00+00:00,-1,0.75
2022-08-03 14:50:00+00:00,1,0.75
2022-08-03 17:30:00+00:00,-1,0.75
2022-08-03 18:30:00+00:00,1,0.75
2022-08-04 15:30:00+00:00,-1,0.75
2022-08-04 17:00:00+00:00,1,0.75
2022-08-05 10:10:00+00:00,-1,0.75
2022-08-08 09:50:00+00:00,1,0.75
2022-08-08 15:00:00+00:00,-1,0.75
2022-08-08 16:00:00+00:00,1,0.75
2022-08-09 10:00:00+00:00,-1,0.75
2022-08-09 13:10:00+00:00,1,0.75
2022-08-09 17:10:00+00:00,-1,0.75
2022-08-09 18:00:00+00:00,1,0.75
2022-08-10 16:30:00+00:00,-1,0.75
2022-08-10 17:10:00+00:00,1,0.75
2022-08-10 17:20:00+00:00,-1,0.75
2022-08-10 17:30:00+00:00,1,0.75
2022-08-11 12:40:00+00:00,-1,0.75
2022-08-11 14:40:00+00:00,1,0.75
2022-08-11 17:00:00+00:00,-1,0.75
2022-08-12 13:20:00+00:00,1,0.75
2022-08-12 14:20:00+00:00,-1,0.75
2022-08-12 15:50:00+00:00,1,0.75
2022-08-12 17:30:00+00:00,-1,0.75
2022-08-15 13:40:00+00:00,1,0.75
2022-08-15 18:20:00+00:00,-1,0.75
2022-08-16 11:00:00+00:00,1,0.75
2022-08-17 14:50:00+00:00,-1,0.75
2022-08-17 17:10:00+00:00,1,0.75
2022-08-18 10:20:00+00:00,-1,0.75
2022-08-18 10:30:00+00:00,1,0.75
2022-08-18 15:20:00+00:00,-1,0.75
2022-08-18 17:40:00+00:00,1,0.75
2022-08-19 10:00:00+00:00,-1,0.75
2022-08-19 17:10:00+00:00,1,0.75
2022-08-22 17:20:00+00:00,-1,0.75
2022-08-22 18:30:00+00:00,1,0.75
2022-08-23 15:50:00+00:00,-1,0.75
2022-08-23 16:20:00+00:00,1,0.75
2022-08-24 12:40:00+00:00,-1,0.75
2022-08-24 15:10:00+00:00,1,0.75
2022-08-24 16:40:00+00:00,-1,0.75
2022-08-24 17:30:00+00:00,1,0.75
2022-08-26 10:50:00+00:00,-1,0.75
2022-08-26 15:30:00+00:00,1,0.75
2022-08-26 17:30:00+00:00,-1,0.75
2022-08-29 09:50:00+00:00,1,0.75
2022-08-29 10:10:00+00:00,-1,0.75
2022-08-29 11:00:00+00:00,1,0.75
2022-08-29 11:20:00+00:00,-1,0.75
2022-08-29 14:10:00+00:00,1,0.75
2022-08-29 16:20:00+00:00,-1,0.75
2022-08-29 17:50:00+00:00,1,0.75
2022-08-29 18:10:00+00:00,-1,0.75
2022-08-29 18:30:00+00:00,1,0.75
2022-08-30 17:50:00+00:00,-1,0.75
2022-08-30 18:30:00+00:00,1,0.75
2022-08-31 11:30:00+00:00,-1,0.75
2022-08-31 13:50:00+00:00,1,0.75
2022-08-31 14:50:00+00:00,-1,0.75
2022-08-31 16:00:00+00:00,1,0.75
2022-08-31 16:10:00+00:00,-1,0.75
2022-08-31 17:40:00+00:00,1,0.75
2022-09-01 13:50:00+00:00,-1,0.75
2022-09-01 14:20:00+00:00,1,0.75
2022-09-01 16:50:00+00:00,-1,0.75
2022-09-01 18:40:00+00:00,1,0.75
2022-09-02 10:10:00+00:00,-1,0.75
2022-09-02 18:40:00+00:00,1,0.75
2022-09-05 10:20:00+00:00,-1,0.75
2022-09-05 10:30:00+00:00,1,0.75
2022-09-05 18:00:00+00:00,-1,0.75
2022-09-05 18:40:00+00:00,1,0.75
2022-09-06 13:50:00+00:00,-1,0.75
2022-09-07 11:00:00+00:00,1,0.75
2022-09-07 12:10:00+00:00,-1,0.75
2022-09-07 15:50:00+00:00,1,0.75
2022-09-07 16:20:00+00:00,-1,0.75
2022-09-07 16:40:00+00:00,1,0.75
2022-09-08 10:00:00+00:00,-1,0.75
2022-09-08 10:30:00+00:00,1,0.75
2022-09-08 11:00:00+00:00,-1,0.75
2022-09-08 12:00:00+00:00,1,0.75
2022-09-08 15:40:00+00:00,-1,0.75
2022-09-09 10:20:00+00:00,1,0.75
2022-09-09 13:20:00+00:00,-1,0.75
2022-09-09 15:50:00+00:00,1,0.75
2022-09-12 17:00:00+00:00,-1,0.75
2022-09-12 18:10:00+00:00,1,0.75
2022-09-12 20:50:00+00:00,-1,0.75
2022-09-13 09:50:00+00:00,1,0.75
2022-09-13 10:20:00+00:00,-1,0.75
2022-09-13 10:40:00+00:00,1,0.75
2022-09-13 19:10:00+00:00,-1,0.75
2022-09-13 19:20:00+00:00,1,0.75
2022-09-13 19:40:00+00:00,-1,0.75
2022-09-13 20:20:00+00:00,1,0.75
2022-09-13 23:20:00+00:00,-1,0.75
2022-09-13 23:40:00+00:00,1,0.75
2022-09-14 10:00:00+00:00,-1,0.75
2022-09-14 15:40:00+00:00,1,0.75
2022-09-14 20:20:00+00:00,-1,0.75
2022-09-14 21:00:00+00:00,1,0.75
2022-09-14 22:30:00+00:00,-1,0.75
2022-09-15 10:00:00+00:00,1,0.75
2022-09-15 12:40:00+00:00,-1,0.75
2022-09-15 15:00:00+00:00,1,0.75
2022-09-15 19:10:00+00:00,-1,0.75
2022-09-15 19:40:00+00:00,1,0.75
2022-09-15 20:50:00+00:00,-1,0.75
2022-09-15 21:00:00+00:00,1,0.75
2022-09-15 22:30:00+00:00,-1,0.75
2022-09-16 09:50:00+00:00,1,0.75
2022-09-16 15:00:00+00:00,-1,0.75
2022-09-16 16:30:00+00:00,1,0.75
2022-09-16 17:40:00+00:00,-1,0.75
2022-09-16 20:50:00+00:00,1,0.75
2022-09-16 23:10:00+00:00,-1,0.75
2022-09-19 10:00:00+00:00,1,0.75
2022-09-19 15:10:00+00:00,-1,0.75
2022-09-19 15:20:00+00:00,1,0.75
2022-09-19 15:40:00+00:00,-1,0.75
2022-09-19 16:30:00+00:00,1,0.75
2022-09-19 17:40:00+00:00,-1,0.75
2022-09-19 19:20:00+00:00,1,0.75
2022-09-20 10:30:00+00:00,-1,0.75
2022-09-20 21:30:00+00:00,1,0.75
2022-09-21 09:50:00+00:00,-1,0.75
2022-09-21 15:50:00+00:00,1,0.75
2022-09-21 17:50:00+00:00,-1,0.75
2022-09-22 09:50:00+00:00,1,0.75
2022-09-22 13:00:00+00:00,-1,0.75
2022-09-22 15:30:00+00:00,1,0.75
2022-09-22 18:30:00+00:00,-1,0.75
2022-09-23 09:50:00+00:00,1,0.75
2022-09-23 10:00:00+00:00,-1,0.75
2022-09-23 17:30:00+00:00,1,0.75
2022-09-23 19:20:00+00:00,-1,0.75
2022-09-23 23:10:00+00:00,1,0.75
2022-09-26 09:50:00+00:00,-1,0.75
2022-09-26 16:10:00+00:00,1,0.75
2022-09-26 17:00:00+00:00,-1,0.75
2022-09-27 10:10:00+00:00,1,0.75
2022-09-27 14:00:00+00:00,-1,0.75
2022-09-27 15:40:00+00:00,1,0.75
2022-09-27 16:20:00+00:00,-1,0.75
2022-09-27 16:30:00+00:00,1,0.75
2022-09-28 13:20:00+00:00,-1,0.75
2022-09-28 13:30:00+00:00,1,0.75
2022-09-28 13:40:00+00:00,-1,0.75
2022-09-28 14:40:00+00:00,1,0.75
2022-09-28 23:20:00+00:00,-1,0.75
2022-09-29 09:50:00+00:00,1,0.75
2022-09-29 13:10:00+00:00,-1,0.75
2022-09-29 15:40:00+00:00,1,0.75
2022-09-29 21:10:00+00:00,-1,0.75
2022-09-29 23:00:00+00:00,1,0.75
2022-09-30 13:20:00+00:00,-1,0.75
2022-09-30 15:30:00+00:00,1,0.75
2022-09-30 18:30:00+00:00,-1,0.75
2022-09-30 20:20:00+00:00,1,0.75
2022-09-30 22:00:00+00:00,-1,0.75
2022-10-03 10:00:00+00:00,1,0.75
2022-10-04 11:20:00+00:00,-1,0.75
2022-10-04 13:40:00+00:00,1,0.75
2022-10-04 21:00:00+00:00,-1,0.75
2022-10-04 23:40:00+00:00,1,0.75
2022-10-05 11:40:00+00:00,-1,0.75
2022-10-05 13:00:00+00:00,1,0.75
2022-10-05 21:30:00+00:00,-1,0.75
2022-10-06 09:50:00+00:00,1,0.75
2022-10-06 13:20:00+00:00,-1,0.75
2022-10-06 20:30:00+00:00,1,0.75
2022-10-06 22:30:00+00:00,-1,0.75
2022-10-06 22:50:00+00:00,1,0.75
2022-10-07 09:50:00+00:00,-1,0.75
2022-10-07 23:30:00+00:00,1,0.75
2022-10-10 09:50:00+00:00,-1,0.75
2022-10-10 13:10:00+00:00,1,0.75
2022-10-11 13:10:00+00:00,-1,0.75
2022-10-11 19:00:00+00:00,1,0.75
2022-10-11 20:10:00+00:00,-1,0.75
2022-10-11 21:30:00+00:00,1,0.75
2022-10-11 21:40:00+00:00,-1,0.75
2022-10-11 21:50:00+00:00,1,0.75
2022-10-11 22:00:00+00:00,-1,0.75
2022-10-11 22:20:00+00:00,1,0.75
2022-10-12 10:20:00+00:00,-1,0.75
2022-10-12 10:30:00+00:00,1,0.75
2022-10-12 21:30:00+00:00,-1,0.75
2022-10-13 10:00:00+00:00,1,0.75
2022-10-13 15:10:00+00:00,-1,0.75
2022-10-13 23:10:00+00:00,1,0.75
2022-10-14 10:10:00+00:00,-1,0.75
2022-10-14 16:10:00+00:00,1,0.75
2022-10-14 16:40:00+00:00,-1,0.75
2022-10-14 18:40:00+00:00,1,0.75
2022-10-18 10:50:00+00:00,-1,0.75
2022-10-18 12:50:00+00:00,1,0.75
2022-10-18 13:00:00+00:00,-1,0.75
2022-10-18 13:20:00+00:00,1,0.75
2022-10-18 14:00:00+00:00,-1,0.75
2022-10-18 16:30:00+00:00,1,0.75
2022-10-18 19:30:00+00:00,-1,0.75
2022-10-19 20:00:00+00:00,1,0.75
2022-10-20 15:50:00+00:00,-1,0.75
2022-10-20 17:50:00+00:00,1,0.75
2022-10-20 20:10:00+00:00,-1,0.75
2022-10-20 22:00:00+00:00,1,0.75
2022-10-20 22:10:00+00:00,-1,0.75
2022-10-20 22:30:00+00:00,1,0.75
2022-10-20 22:40:00+00:00,-1,0.75
2022-10-20 23:10:00+00:00,1,0.75
2022-10-20 23:20:00+00:00,-1,0.75
2022-10-20 23:30:00+00:00,1,0.75
2022-10-20 23:40:00+00:00,-1,0.75
2022-10-21 13:20:00+00:00,1,0.75
2022-10-24 11:10:00+00:00,-1,0.75
2022-10-24 12:50:00+00:00,1,0.75
2022-10-24 14:10:00+00:00,-1,0.75
2022-10-24 16:20:00+00:00,1,0.75
2022-10-24 17:40:00+00:00,-1,0.75
2022-10-24 17:50:00+00:00,1,0.75
2022-10-24 20:30:00+00:00,-1,0.75
2022-10-24 21:50:00+00:00,1,0.75
2022-10-24 23:00:00+00:00,-1,0.75
2022-10-25 09:50:00+00:00,1,0.75
2022-10-25 10:20:00+00:00,-1,0.75
2022-10-25 11:50:00+00:00,1,0.75
2022-10-26 10:40:00+00:00,-1,0.75
2022-10-26 11:00:00+00:00,1,0.75
2022-10-26 13:00:00+00:00,-1,0.75
2022-10-26 19:30:00+00:00,1,0.75
2022-10-26 22:00:00+00:00,-1,0.75
2022-10-26 23:30:00+00:00,1,0.75
2022-10-27 14:20:00+00:00,-1,0.75
2022-10-27 15:50:00+00:00,1,0.75
2022-10-27 21:00:00+00:00,-1,0.75
2022-10-28 13:30:00+00:00,1,0.75
2022-10-28 20:50:00+00:00,-1,0.75
2022-10-28 21:00:00+00:00,1,0.75
2022-10-28 21:10:00+00:00,-1,0.75
2022-10-28 21:30:00+00:00,1,0.75
2022-11-01 12:00:00+00:00,-1,0.75
2022-11-01 12:40:00+00:00,1,0.75
2022-11-01 13:40:00+00:00,-1,0.75
2022-11-01 14:30:00+00:00,1,0.75
2022-11-02 10:10:00+00:00,-1,0.75
2022-11-02 11:40:00+00:00,1,0.75
2022-11-02 12:00:00+00:00,-1,0.75
2022-11-02 12:30:00+00:00,1,0.75
2022-11-02 14:20:00+00:00,-1,0.75
2022-11-03 14:10:00+00:00,1,0.75
2022-11-03 15:50:00+00:00,-1,0.75
2022-11-03 17:00:00+00:00,1,0.75
2022-11-03 21:50:00+00:00,-1,0.75
2022-11-03 22:10:00+00:00,1,0.75
2022-11-07 15:00:00+00:00,-1,0.75
2022-11-07 15:30:00+00:00,1,0.75
2022-11-07 19:50:00+00:00,-1,0.75
2022-11-07 22:50:00+00:00,1,0.75
2022-11-08 10:20:00+00:00,-1,0.75
2022-11-08 14:20:00+00:00,1,0.75
2022-11-08 15:40:00+00:00,-1,0.75
2022-11-08 15:50:00+00:00,1,0.75
2022-11-08 16:20:00+00:00,-1,0.75
2022-11-08 17:20:00+00:00,1,0.75
2022-11-08 19:50:00+00:00,-1,0.75
2022-11-08 20:00:00+00:00,1,0.75
2022-11-08 21:40:00+00:00,-1,0.75
2022-11-09 15:10:00+00:00,1,0.75
2022-11-09 17:10:00+00:00,-1,0.75
2022-11-10 10:00:00+00:00,1,0.75
2022-11-10 10:40:00+00:00,-1,0.75
2022-11-10 11:20:00+00:00,1,0.75
2022-11-10 13:30:00+00:00,-1,0.75
2022-11-10 14:20:00+00:00,1,0.75
2022-11-10 14:30:00+00:00,-1,0.75
2022-11-10 14:40:00+00:00,1,0.75
2022-11-11 12:20:00+00:00,-1,0.75
2022-11-11 13:10:00+00:00,1,0.75
2022-11-11 14:40:00+00:00,-1,0.75
2022-11-11 15:10:00+00:00,1,0.75
2022-11-11 17:10:00+00:00,-1,0.75
2022-11-11 19:30:00+00:00,1,0.75
2022-11-11 20:50:00+00:00,-1,0.75
2022-11-11 21:10:00+00:00,1,0.75
2022-11-11 21:30:00+00:00,-1,0.75
2022-11-11 21:50:00+00:00,1,0.75
2022-11-11 22:50:00+00:00,-1,0.75
2022-11-11 23:10:00+00:00,1,0.75
2022-11-14 10:00:00+00:00,-1,0.75
2022-11-14 11:30:00+00:00,1,0.75
2022-11-14 13:10:00+00:00,-1,0.75
2022-11-14 14:10:00+00:00,1,0.75
2022-11-14 20:10:00+00:00,-1,0.75
2022-11-14 22:20:00+00:00,1,0.75
2022-11-14 23:40:00+00:00,-1,0.75
2022-11-15 09:50:00+00:00,1,0.75
2022-11-15 11:40:00+00:00,-1,0.75
2022-11-16 10:00:00+00:00,1,0.75
2022-11-16 16:30:00+00:00,-1,0.75
2022-11-16 18:40:00+00:00,1,0.75
2022-11-16 19:50:00+00:00,-1,0.75
2022-11-16 22:30:00+00:00,1,0.75
2022-11-17 13:10:00+00:00,-1,0.75
2022-11-17 21:20:00+00:00,1,0.75
2022-11-17 22:00:00+00:00,-1,0.75
2022-11-17 23:40:00+00:00,1,0.75
2022-11-18 11:00:00+00:00,-1,0.75
2022-11-18 14:20:00+00:00,1,0.75
2022-11-18 15:20:00+00:00,-1,0.75
2022-11-18 17:10:00+00:00,1,0.75
2022-11-18 21:50:00+00:00,-1,0.75
2022-11-18 22:10:00+00:00,1,0.75
2022-11-18 22:20:00+00:00,-1,0.75
2022-11-18 23:30:00+00:00,1,0.75
2022-11-21 09:50:00+00:00,-1,0.75
2022-11-21 16:20:00+00:00,1,0.75
2022-11-21 17:20:00+00:00,-1,0.75
2022-11-21 20:00:00+00:00,1,0.75
2022-11-22 10:30:00+00:00,-1,0.75
2022-11-22 10:50:00+00:00,1,0.75
2022-11-22 17:00:00+00:00,-1,0.75
2022-11-22 17:50:00+00:00,1,0.75
2022-11-23 10:00:00+00:00,-1,0.75
2022-11-23 12:20:00+00:00,1,0.75
2022-11-23 20:10:00+00:00,-1,0.75
2022-11-23 22:10:00+00:00,1,0.75
2022-11-24 11:40:00+00:00,-1,0.75
2022-11-24 13:20:00+00:00,1,0.75
2022-11-24 13:30:00+00:00,-1,0.75
2022-11-24 16:20:00+00:00,1,0.75
2022-11-24 16:30:00+00:00,-1,0.75
2022-11-24 16:40:00+00:00,1,0.75
2022-11-24 17:20:00+00:00,-1,0.75
2022-11-24 17:30:00+00:00,1,0.75
2022-11-24 18:30:00+00:00,-1,0.75
2022-11-24 18:40:00+00:00,1,0.75
2022-11-24 19:10:00+00:00,-1,0.75
2022-11-24 20:10:00+00:00,1,0.75
2022-11-24 20:50:00+00:00,-1,0.75
2022-11-24 21:00:00+00:00,1,0.75
2022-11-24 21:30:00+00:00,-1,0.75
2022-11-24 23:00:00+00:00,1,0.75
2022-11-25 09:50:00+00:00,-1,0.75
2022-11-25 11:40:00+00:00,1,0.75
2022-11-25 12:30:00+00:00,-1,0.75
2022-11-25 12:40:00+00:00,1,0.75
2022-11-25 13:10:00+00:00,-1,0.75
2022-11-25 15:10:00+00:00,1,0.75
2022-11-25 16:20:00+00:00,-1,0.75
2022-11-25 16:40:00+00:00,1,0.75
2022-11-25 17:00:00+00:00,-1,0.75
2022-11-28 23:20:00+00:00,1,0.75
2022-11-29 20:10:00+00:00,-1,0.75
2022-11-29 21:30:00+00:00,1,0.75
2022-11-30 10:00:00+00:00,-1,0.75
2022-11-30 11:40:00+00:00,1,0.75
2022-11-30 15:10:00+00:00,-1,0.75
2022-11-30 15:40:00+00:00,1,0.75
2022-11-30 17:00:00+00:00,-1,0.75
2022-11-30 21:20:00+00:00,1,0.75
2022-12-01 11:00:00+00:00,-1,0.75
2022-12-01 21:10:00+00:00,1,0.75
2022-12-02 10:10:00+00:00,-1,0.75
2022-12-02 15:30:00+00:00,1,0.75
2022-12-02 17:10:00+00:00,-1,0.75
2022-12-02 17:20:00+00:00,1,0.75
2022-12-05 09:50:00+00:00,-1,0.75
2022-12-05 10:00:00+00:00,1,0.75
2022-12-05 14:40:00+00:00,-1,0.75
2022-12-05 17:00:00+00:00,1,0.75
2022-12-05 17:10:00+00:00,-1,0.75
2022-12-05 17:30:00+00:00,1,0.75
2022-12-05 18:00:00+00:00,-1,0.75
2022-12-05 20:50:00+00:00,1,0.75
2022-12-05 21:40:00+00:00,-1,0.75
2022-12-05 23:30:00+00:00,1,0.75
2022-12-06 10:10:00+00:00,-1,0.75
2022-12-06 13:10:00+00:00,1,0.75
2022-12-06 14:00:00+00:00,-1,0.75
2022-12-06 14:10:00+00:00,1,0.75
2022-12-06 20:00:00+00:00,-1,0.75
2022-12-07 09:50:00+00:00,1,0.75
2022-12-07 10:00:00+00:00,-1,0.75
2022-12-07 17:30:00+00:00,1,0.75
2022-12-07 21:50:00+00:00,-1,0.75
2022-12-08 10:00:00+00:00,1,0.75
2022-12-08 10:30:00+00:00,-1,0.75
2022-12-08 18:10:00+00:00,1,0.75
2022-12-08 22:40:00+00:00,-1,0.75
2022-12-09 13:10:00+00:00,1,0.75
2022-12-09 13:40:00+00:00,-1,0.75
2022-12-09 18:40:00+00:00,1,0.75
2022-12-09 21:30:00+00:00,-1,0.75
2022-12-09 22:00:00+00:00,1,0.75
2022-12-09 22:20:00+00:00,-1,0.75
2022-12-09 23:00:00+00:00,1,0.75
2022-12-09 23:20:00+00:00,-1,0.75
2022-12-09 23:40:00+00:00,1,0.75
2022-12-12 11:20:00+00:00,-1,0.75
2022-12-12 19:30:00+00:00,1,0.75
2022-12-12 19:50:00+00:00,-1,0.75
2022-12-12 20:00:00+00:00,1,0.75
2022-12-12 21:50:00+00:00,-1,0.75
2022-12-12 22:00:00+00:00,1,0.75
2022-12-12 22:10:00+00:00,-1,0.75
2022-12-12 23:30:00+00:00,1,0.75
2022-12-13 10:10:00+00:00,-1,0.75
2022-12-13 16:50:00+00:00,1,0.75
2022-12-13 17:20:00+00:00,-1,0.75
2022-12-13 18:00:00+00:00,1,0.75
2022-12-13 20:00:00+00:00,-1,0.75
2022-12-13 20:40:00+00:00,1,0.75
2022-12-13 21:10:00+00:00,-1,0.75
2022-12-14 18:00:00+00:00,1,0.75
2022-12-14 22:20:00+00:00,-1,0.75
2022-12-14 22:40:00+00:00,1,0.75
2022-12-14 23:00:00+00:00,-1,0.75
2022-12-14 23:10:00+00:00,1,0.75
2022-12-14 23:20:00+00:00,-1,0.75
2022-12-15 13:00:00+00:00,1,0.75
2022-12-15 15:40:00+00:00,-1,0.75
2022-12-15 16:20:00+00:00,1,0.75
2022-12-15 17:20:00+00:00,-1,0.75
2022-12-15 23:20:00+00:00,1,0.75
2022-12-16 13:30:00+00:00,-1,0.75
2022-12-16 22:20:00+00:00,1,0.75
2022-12-16 23:40:00+00:00,-1,0.75
2022-12-19 16:30:00+00:00,1,0.75
2022-12-19 17:10:00+00:00,-1,0.75
2022-12-19 17:50:00+00:00,1,0.75
2022-12-19 18:00:00+00:00,-1,0.75
2022-12-19 18:20:00+00:00,1,0.75
2022-12-19 18:30:00+00:00,-1,0.75
2022-12-19 18:40:00+00:00,1,0.75
2022-12-19 19:00:00+00:00,-1,0.75
2022-12-19 19:20:00+00:00,1,0.75
2022-12-19 19:30:00+00:00,-1,0.75
2022-12-20 10:10:00+00:00,1,0.75
2022-12-21 12:10:00+00:00,-1,0.75
2022-12-21 12:30:00+00:00,1,0.75
2022-12-21 13:00:00+00:00,-1,0.75
2022-12-21 18:20:00+00:00,1,0.75
2022-12-22 10:10:00+00:00,-1,0.75
2022-12-22 11:00:00+00:00,1,0.75
2022-12-22 17:30:00+00:00,-1,0.75
2022-12-22 19:20:00+00:00,1,0.75
2022-12-22 20:30:00+00:00,-1,0.75
2022-12-22 22:20:00+00:00,1,0.75
2022-12-23 10:00:00+00:00,-1,0.75
2022-12-23 20:10:00+00:00,1,0.75
2022-12-26 10:30:00+00:00,-1,0.75
2022-12-26 10:40:00+00:00,1,0.75
2022-12-26 11:10:00+00:00,-1,0.75
2022-12-26 11:40:00+00:00,1,0.75
2022-12-26 13:10:00+00:00,-1,0.75
2022-12-26 18:10:00+00:00,1,0.75
2022-12-26 21:10:00+00:00,-1,0.75
2022-12-26 22:20:00+00:00,1,0.75
2022-12-26 23:00:00+00:00,-1,0.75
2022-12-27 09:50:00+00:00,1,0.75
2022-12-27 10:20:00+00:00,-1,0.75
2022-12-27 12:00:00+00:00,1,0.75
2022-12-27 19:20:00+00:00,-1,0.75
2022-12-27 19:30:00+00:00,1,0.75
2022-12-27 19:50:00+00:00,-1,0.75
2022-12-27 20:00:00+00:00,1,0.75
2022-12-27 21:30:00+00:00,-1,0.75
2022-12-27 21:40:00+00:00,1,0.75
2022-12-27 23:40:00+00:00,-1,0.75
2022-12-28 10:20:00+00:00,1,0.75
2022-12-28 11:50:00+00:00,-1,0.75
2022-12-28 17:30:00+00:00,1,0.75
2022-12-28 19:00:00+00:00,-1,0.75
2022-12-29 10:10:00+00:00,1,0.75
2022-12-29 12:20:00+00:00,-1,0.75
2022-12-29 16:40:00+00:00,1,0.75
2022-12-29 17:50:00+00:00,-1,0.75
2022-12-29 18:00:00+00:00,1,0.75
2022-12-30 09:50:00+00:00,-1,0.75
2022-12-30 16:00:00+00:00,1,0.75
2023-01-03 10:40:00+00:00,-1,0.75
2023-01-03 11:50:00+00:00,1,0.75
2023-01-03 23:30:00+00:00,-1,0.75
2023-01-04 10:10:00+00:00,1,0.75
2023-01-04 18:20:00+00:00,-1,0.75
2023-01-04 19:10:00+00:00,1,0.75
2023-01-05 10:50:00+00:00,-1,0.75
2023-01-05 12:10:00+00:00,1,0.75
2023-01-05 12:20:00+00:00,-1,0.75
2023-01-05 13:50:00+00:00,1,0.75
2023-01-05 14:50:00+00:00,-1,0.75
2023-01-05 21:00:00+00:00,1,0.75
2023-01-06 10:00:00+00:00,-1,0.75
2023-01-06 10:30:00+00:00,1,0.75
2023-01-06 12:50:00+00:00,-1,0.75
2023-01-06 19:00:00+00:00,1,0.75
2023-01-06 19:10:00+00:00,-1,0.75
2023-01-06 20:40:00+00:00,1,0.75
2023-01-06 22:50:00+00:00,-1,0.75
2023-01-06 23:10:00+00:00,1,0.75
2023-01-09 15:10:00+00:00,-1,0.75
2023-01-09 15:50:00+00:00,1,0.75
2023-01-09 18:40:00+00:00,-1,0.75
2023-01-09 21:20:00+00:00,1,0.75
2023-01-10 10:10:00+00:00,-1,0.75
2023-01-10 12:30:00+00:00,1,0.75
2023-01-10 17:50:00+00:00,-1,0.75
2023-01-10 21:40:00+00:00,1,0.75
2023-01-12 10:00:00+00:00,-1,0.75
2023-01-12 16:10:00+00:00,1,0.75
2023-01-12 19:40:00+00:00,-1,0.75
2023-01-12 22:40:00+00:00,1,0.75
2023-01-13 10:00:00+00:00,-1,0.75
2023-01-13 13:30:00+00:00,1,0.75
2023-01-13 22:30:00+00:00,-1,0.75
2023-01-13 23:30:00+00:00,1,0.75
2023-01-16 20:20:00+00:00,-1,0.75
2023-01-16 21:10:00+00:00,1,0.75
2023-01-17 10:40:00+00:00,-1,0.75
2023-01-17 14:30:00+00:00,1,0.75
2023-01-17 15:30:00+00:00,-1,0.75
2023-01-17 15:50:00+00:00,1,0.75
2023-01-17 17:10:00+00:00,-1,0.75
2023-01-18 10:40:00+00:00,1,0.75
2023-01-18 11:30:00+00:00,-1,0.75
2023-01-18 11:40:00+00:00,1,0.75
2023-01-18 18:40:00+00:00,-1,0.75
2023-01-18 23:40:00+00:00,1,0.75
2023-01-19 10:10:00+00:00,-1,0.75
2023-01-19 13:40:00+00:00,1,0.75
2023-01-19 14:00:00+00:00,-1,0.75
2023-01-19 18:00:00+00:00,1,0.75
2023-01-19 20:20:00+00:00,-1,0.75
2023-01-20 10:10:00+00:00,1,0.75
2023-01-20 11:00:00+00:00,-1,0.75
2023-01-20 11:30:00+00:00,1,0.75
2023-01-20 15:30:00+00:00,-1,0.75
2023-01-20 16:20:00+00:00,1,0.75
2023-01-20 20:50:00+00:00,-1,0.75
2023-01-20 22:50:00+00:00,1,0.75
2023-01-23 20:00:00+00:00,-1,0.75
2023-01-23 22:30:00+00:00,1,0.75
2023-01-24 12:10:00+00:00,-1,0.75
2023-01-24 15:50:00+00:00,1,0.75
2023-01-24 16:40:00+00:00,-1,0.75
2023-01-25 10:30:00+00:00,1,0.75
2023-01-25 11:50:00+00:00,-1,0.75
2023-01-25 15:10:00+00:00,1,0.75
2023-01-25 16:40:00+00:00,-1,0.75
2023-01-25 22:00:00+00:00,1,0.75
2023-01-26 10:30:00+00:00,-1,0.75
2023-01-26 10:40:00+00:00,1,0.75
2023-01-26 11:00:00+00:00,-1,0.75
2023-01-26 11:10:00+00:00,1,0.75
2023-01-26 11:40:00+00:00,-1,0.75
2023-01-26 14:10:00+00:00,1,0.75
2023-01-26 14:30:00+00:00,-1,0.75
2023-01-26 20:40:00+00:00,1,0.75
2023-01-27 10:10:00+00:00,-1,0.75
2023-01-27 10:40:00+00:00,1,0.75
2023-01-27 11:00:00+00:00,-1,0.75
2023-01-27 12:10:00+00:00,1,0.75
2023-01-27 14:40:00+00:00,-1,0.75
2023-01-27 15:30:00+00:00,1,0.75
2023-01-27 22:40:00+00:00,-1,0.75
2023-01-27 22:50:00+00:00,1,0.75
2023-01-27 23:10:00+00:00,-1,0.75
2023-01-30 10:00:00+00:00,1,0.75
2023-02-01 14:40:00+00:00,-1,0.75
2023-02-01 21:30:00+00:00,1,0.75
2023-02-02 10:40:00+00:00,-1,0.75
2023-02-02 12:50:00+00:00,1,0.75
2023-02-02 15:30:00+00:00,-1,0.75
2023-02-02 15:40:00+00:00,1,0.75
2023-02-02 18:00:00+00:00,-1,0.75
2023-02-02 19:10:00+00:00,1,0.75
2023-02-02 22:40:00+00:00,-1,0.75
2023-02-03 14:50:00+00:00,1,0.75
2023-02-03 17:10:00+00:00,-1,0.75
2023-02-03 18:30:00+00:00,1,0.75
2023-02-03 20:20:00+00:00,-1,0.75
2023-02-03 20:40:00+00:00,1,0.75
2023-02-03 22:30:00+00:00,-1,0.75
2023-02-03 22:40:00+00:00,1,0.75
2023-02-03 23:30:00+00:00,-1,0.75
2023-02-03 23:40:00+00:00,1,0.75
2023-02-06 15:00:00+00:00,-1,0.75
2023-02-06 16:30:00+00:00,1,0.75
2023-02-06 17:30:00+00:00,-1,0.75
2023-02-06 21:10:00+00:00,1,0.75
2023-02-07 10:10:00+00:00,-1,0.75
2023-02-07 12:30:00+00:00,1,0.75
2023-02-07 13:10:00+00:00,-1,0.75
2023-02-07 14:10:00+00:00,1,0.75
2023-02-07 14:40:00+00:00,-1,0.75
2023-02-07 20:40:00+00:00,1,0.75
2023-02-08 10:00:00+00:00,-1,0.75
2023-02-08 21:40:00+00:00,1,0.75
2023-02-09 10:10:00+00:00,-1,0.75
2023-02-09 14:10:00+00:00,1,0.75
2023-02-09 15:30:00+00:00,-1,0.75
2023-02-09 16:00:00+00:00,1,0.75
2023-02-09 17:00:00+00:00,-1,0.75
2023-02-09 17:20:00+00:00,1,0.75
2023-02-09 17:30:00+00:00,-1,0.75
2023-02-09 19:00:00+00:00,1,0.75
2023-02-09 20:40:00+00:00,-1,0.75
2023-02-09 22:10:00+00:00,1,0.75
2023-02-09 22:40:00+00:00,-1,0.75
2023-02-10 10:20:00+00:00,1,0.75
2023-02-10 11:50:00+00:00,-1,0.75
2023-02-10 12:30:00+00:00,1,0.75
2023-02-10 13:00:00+00:00,-1,0.75
2023-02-10 13:10:00+00:00,1,0.75
2023-02-10 15:00:00+00:00,-1,0.75
2023-02-10 17:40:00+00:00,1,0.75
2023-02-13 15:50:00+00:00,-1,0.75
2023-02-13 20:20:00+00:00,1,0.75
2023-02-13 23:00:00+00:00,-1,0.75
2023-02-14 14:10:00+00:00,1,0.75
2023-02-14 15:20:00+00:00,-1,0.75
2023-02-14 18:10:00+00:00,1,0.75
2023-02-14 20:20:00+00:00,-1,0.75
2023-02-14 21:00:00+00:00,1,0.75
2023-02-14 21:20:00+00:00,-1,0.75
2023-02-14 21:40:00+00:00,1,0.75
2023-02-15 10:00:00+00:00,-1,0.75
2023-02-15 13:00:00+00:00,1,0.75
2023-02-15 16:00:00+00:00,-1,0.75
2023-02-16 10:00:00+00:00,1,0.75
2023-02-16 15:10:00+00:00,-1,0.75
2023-02-16 20:50:00+00:00,1,0.75
2023-02-16 22:10:00+00:00,-1,0.75
2023-02-16 23:40:00+00:00,1,0.75
2023-02-17 09:50:00+00:00,-1,0.75
2023-02-17 10:50:00+00:00,1,0.75
2023-02-17 13:20:00+00:00,-1,0.75
2023-02-17 18:10:00+00:00,1,0.75
2023-02-20 09:50:00+00:00,-1,0.75
2023-02-20 15:30:00+00:00,1,0.75
2023-02-20 20:00:00+00:00,-1,0.75
2023-02-20 20:30:00+00:00,1,0.75
2023-02-21 18:20:00+00:00,-1,0.75
2023-02-21 20:10:00+00:00,1,0.75
2023-02-21 23:40:00+00:00,-1,0.75
2023-02-22 09:50:00+00:00,1,0.75
2023-02-22 10:00:00+00:00,-1,0.75
2023-02-22 15:50:00+00:00,1,0.75
2023-02-22 19:50:00+00:00,-1,0.75
2023-02-24 09:50:00+00:00,1,0.75
2023-02-24 14:10:00+00:00,-1,0.75
2023-02-24 17:50:00+00:00,1,0.75
2023-02-24 18:40:00+00:00,-1,0.75
2023-02-24 19:40:00+00:00,1,0.75
2023-02-24 20:20:00+00:00,-1,0.75
2023-02-24 22:20:00+00:00,1,0.75
2023-02-27 09:50:00+00:00,-1,0.75
2023-02-27 11:10:00+00:00,1,0.75
2023-02-27 12:00:00+00:00,-1,0.75
2023-02-27 15:20:00+00:00,1,0.75
2023-02-28 14:20:00+00:00,-1,0.75
2023-02-28 18:10:00+00:00,1,0.75
2023-02-28 20:30:00+00:00,-1,0.75
2023-02-28 20:40:00+00:00,1,0.75
2023-03-01 14:30:00+00:00,-1,0.75
2023-03-01 18:30:00+00:00,1,0.75
2023-03-02 10:10:00+00:00,-1,0.75
2023-03-02 19:50:00+00:00,1,0.75
2023-03-02 20:40:00+00:00,-1,0.75
2023-03-02 21:20:00+00:00,1,0.75
2023-03-02 21:30:00+00:00,-1,0.75
2023-03-03 10:00:00+00:00,1,0.75
2023-03-03 17:40:00+00:00,-1,0.75
2023-03-03 22:00:00+00:00,1,0.75
2023-03-06 10:20:00+00:00,-1,0.75
2023-03-06 16:50:00+00:00,1,0.75
2023-03-06 17:00:00+00:00,-1,0.75
2023-03-06 17:20:00+00:00,1,0.75
2023-03-06 21:00:00+00:00,-1,0.75
2023-03-06 22:40:00+00:00,1,0.75
2023-03-06 23:20:00+00:00,-1,0.75
2023-03-07 15:40:00+00:00,1,0.75
2023-03-07 18:10:00+00:00,-1,0.75
2023-03-07 23:30:00+00:00,1,0.75
2023-03-09 09:50:00+00:00,-1,0.75
2023-03-09 10:00:00+00:00,1,0.75
2023-03-09 10:30:00+00:00,-1,0.75
2023-03-09 20:00:00+00:00,1,0.75
2023-03-09 20:10:00+00:00,-1,0.75
2023-03-09 20:30:00+00:00,1,0.75
2023-03-09 22:30:00+00:00,-1,0.75
2023-03-09 22:50:00+00:00,1,0.75
2023-03-09 23:00:00+00:00,-1,0.75
2023-03-13 10:00:00+00:00,1,0.75
2023-03-13 13:50:00+00:00,-1,0.75
2023-03-13 14:20:00+00:00,1,0.75
2023-03-13 14:30:00+00:00,-1,0.75
2023-03-13 19:10:00+00:00,1,0.75
2023-03-13 22:10:00+00:00,-1,0.75
2023-03-13 22:30:00+00:00,1,0.75
2023-03-14 10:00:00+00:00,-1,0.75
2023-03-14 16:20:00+00:00,1,0.75
2023-03-14 20:10:00+00:00,-1,0.75
2023-03-14 22:50:00+00:00,1,0.75
2023-03-15 11:20:00+00:00,-1,0.75
2023-03-15 11:40:00+00:00,1,0.75
2023-03-15 12:50:00+00:00,-1,0.75
2023-03-15 13:00:00+00:00,1,0.75
2023-03-15 13:30:00+00:00,-1,0.75
2023-03-15 21:00:00+00:00,1,0.75
2023-03-15 23:30:00+00:00,-1,0.75
2023-03-16 18:00:00+00:00,1,0.75
2023-03-17 20:10:00+00:00,-1,0.75
2023-03-17 21:10:00+00:00,1,0.75
2023-03-20 21:40:00+00:00,-1,0.75
2023-03-20 23:00:00+00:00,1,0.75
2023-03-21 10:40:00+00:00,-1,0.75
2023-03-21 11:50:00+00:00,1,0.75
2023-03-21 12:20:00+00:00,-1,0.75
2023-03-21 17:10:00+00:00,1,0.75
2023-03-21 17:30:00+00:00,-1,0.75
2023-03-22 10:00:00+00:00,1,0.75
2023-03-22 10:10:00+00:00,-1,0.75
2023-03-22 14:00:00+00:00,1,0.75
2023-03-22 17:30:00+00:00,-1,0.75
2023-03-22 17:40:00+00:00,1,0.75
2023-03-22 23:20:00+00:00,-1,0.75
2023-03-23 10:00:00+00:00,1,0.75
2023-03-23 18:00:00+00:00,-1,0.75
2023-03-23 18:20:00+00:00,1,0.75
2023-03-23 18:40:00+00:00,-1,0.75
2023-03-23 22:20:00+00:00,1,0.75
2023-03-24 11:50:00+00:00,-1,0.75
2023-03-24 19:10:00+00:00,1,0.75
2023-03-24 21:30:00+00:00,-1,0.75
2023-03-27 10:00:00+00:00,1,0.75
2023-03-28 14:00:00+00:00,-1,0.75
2023-03-28 15:30:00+00:00,1,0.75
2023-03-28 16:50:00+00:00,-1,0.75
2023-03-28 17:20:00+00:00,1,0.75
2023-03-28 18:40:00+00:00,-1,0.75
2023-03-28 22:30:00+00:00,1,0.75
2023-03-29 10:00:00+00:00,-1,0.75
2023-03-29 14:00:00+00:00,1,0.75
2023-03-29 14:10:00+00:00,-1,0.75
2023-03-29 15:40:00+00:00,1,0.75
2023-03-29 15:50:00+00:00,-1,0.75
2023-03-29 18:40:00+00:00,1,0.75
2023-03-29 19:10:00+00:00,-1,0.75
2023-03-29 20:20:00+00:00,1,0.75
2023-03-30 09:50:00+00:00,-1,0.75
2023-03-30 10:10:00+00:00,1,0.75
2023-03-30 12:30:00+00:00,-1,0.75
2023-03-30 13:10:00+00:00,1,0.75
2023-03-30 14:10:00+00:00,-1,0.75
2023-03-30 19:20:00+00:00,1,0.75
2023-03-30 23:00:00+00:00,-1,0.75
2023-03-30 23:30:00+00:00,1,0.75
2023-03-30 23:40:00+00:00,-1,0.75
2023-03-31 09:50:00+00:00,1,0.75
2023-03-31 10:10:00+00:00,-1,0.75
2023-03-31 19:00:00+00:00,1,0.75
2023-03-31 19:10:00+00:00,-1,0.75
2023-03-31 19:20:00+00:00,1,0.75
2023-04-03 19:50:00+00:00,-1,0.75
2023-04-03 21:10:00+00:00,1,0.75
2023-04-04 11:00:00+00:00,-1,0.75
2023-04-04 11:40:00+00:00,1,0.75
2023-04-04 12:00:00+00:00,-1,0.75
2023-04-04 13:20:00+00:00,1,0.75
2023-04-04 15:50:00+00:00,-1,0.75
2023-04-04 22:20:00+00:00,1,0.75
2023-04-05 10:00:00+00:00,-1,0.75
2023-04-05 12:20:00+00:00,1,0.75
2023-04-05 15:50:00+00:00,-1,0.75
2023-04-05 18:30:00+00:00,1,0.75
2023-04-06 16:00:00+00:00,-1,0.75
2023-04-06 21:50:00+00:00,1,0.75
2023-04-06 22:00:00+00:00,-1,0.75
2023-04-07 09:50:00+00:00,1,0.75
2023-04-07 14:30:00+00:00,-1,0.75
2023-04-07 17:40:00+00:00,1,0.75
2023-04-10 15:50:00+00:00,-1,0.75
2023-04-10 16:20:00+00:00,1,0.75
2023-04-10 21:40:00+00:00,-1,0.75
2023-04-10 23:00:00+00:00,1,0.75
2023-04-11 13:50:00+00:00,-1,0.75
2023-04-11 22:00:00+00:00,1,0.75
2023-04-12 10:40:00+00:00,-1,0.75
2023-04-12 13:30:00+00:00,1,0.75
2023-04-12 17:50:00+00:00,-1,0.75
2023-04-12 19:40:00+00:00,1,0.75
2023-04-12 21:00:00+00:00,-1,0.75
2023-04-12 22:20:00+00:00,1,0.75
2023-04-13 11:10:00+00:00,-1,0.75
2023-04-13 14:10:00+00:00,1,0.75
2023-04-13 14:30:00+00:00,-1,0.75
2023-04-13 15:50:00+00:00,1,0.75
2023-04-13 16:10:00+00:00,-1,0.75
2023-04-13 17:50:00+00:00,1,0.75
2023-04-14 10:20:00+00:00,-1,0.75
2023-04-14 15:20:00+00:00,1,0.75
2023-04-14 15:30:00+00:00,-1,0.75
2023-04-14 16:00:00+00:00,1,0.75
2023-04-14 20:00:00+00:00,-1,0.75
2023-04-14 21:00:00+00:00,1,0.75
2023-04-14 23:40:00+00:00,-1,0.75
2023-04-17 09:50:00+00:00,1,0.75
2023-04-17 12:20:00+00:00,-1,0.75
2023-04-17 14:00:00+00:00,1,0.75
2023-04-17 14:10:00+00:00,-1,0.75
2023-04-17 17:40:00+00:00,1,0.75
2023-04-18 12:30:00+00:00,-1,0.75
2023-04-18 14:40:00+00:00,1,0.75
2023-04-19 10:30:00+00:00,-1,0.75
2023-04-19 11:00:00+00:00,1,0.75
2023-04-19 11:30:00+00:00,-1,0.75
2023-04-19 13:20:00+00:00,1,0.75
2023-04-19 16:30:00+00:00,-1,0.75
2023-04-19 18:40:00+00:00,1,0.75
2023-04-19 21:20:00+00:00,-1,0.75
2023-04-20 10:00:00+00:00,1,0.75
2023-04-20 10:40:00+00:00,-1,0.75
2023-04-20 12:10:00+00:00,1,0.75
2023-04-21 10:50:00+00:00,-1,0.75
2023-04-21 16:10:00+00:00,1,0.75
2023-04-21 17:20:00+00:00,-1,0.75
2023-04-21 18:30:00+00:00,1,0.75
2023-04-21 19:30:00+00:00,-1,0.75
2023-04-21 20:10:00+00:00,1,0.75
2023-04-24 11:00:00+00:00,-1,0.75
2023-04-24 18:40:00+00:00,1,0.75
2023-04-24 21:10:00+00:00,-1,0.75
2023-04-24 21:30:00+00:00,1,0.75
2023-04-25 10:20:00+00:00,-1,0.75
2023-04-25 15:40:00+00:00,1,0.75
2023-04-25 17:20:00+00:00,-1,0.75
2023-04-25 17:30:00+00:00,1,0.75
2023-04-25 18:10:00+00:00,-1,0.75
2023-04-25 18:20:00+00:00,1,0.75
2023-04-25 21:10:00+00:00,-1,0.75
2023-04-25 23:30:00+00:00,1,0.75
2023-04-25 23:40:00+00:00,-1,0.75
2023-04-26 09:50:00+00:00,1,0.75
2023-04-26 22:10:00+00:00,-1,0.75
2023-04-27 09:50:00+00:00,1,0.75
2023-04-27 13:20:00+00:00,-1,0.75
2023-04-27 19:00:00+00:00,1,0.75
2023-04-27 20:00:00+00:00,-1,0.75
2023-04-27 22:20:00+00:00,1,0.75
2023-04-27 22:30:00+00:00,-1,0.75
2023-04-27 23:40:00+00:00,1,0.75
2023-04-28 10:20:00+00:00,-1,0.75
2023-04-28 16:20:00+00:00,1,0.75
2023-04-28 17:00:00+00:00,-1,0.75
2023-04-28 17:30:00+00:00,1,0.75
2023-04-28 19:40:00+00:00,-1,0.75
2023-04-28 19:50:00+00:00,1,0.75
2023-04-28 20:00:00+00:00,-1,0.75
2023-04-28 23:20:00+00:00,1,0.75
2023-04-28 23:30:00+00:00,-1,0.75
2023-05-02 09:50:00+00:00,1,0.75
2023-05-02 11:10:00+00:00,-1,0.75
2023-05-02 19:40:00+00:00,1,0.75
2023-05-02 20:50:00+00:00,-1,0.75
2023-05-02 21:50:00+00:00,1,0.75
2023-05-02 22:50:00+00:00,-1,0.75
2023-05-02 23:00:00+00:00,1,0.75
2023-05-03 10:00:00+00:00,-1,0.75
2023-05-03 12:30:00+00:00,1,0.75
2023-05-03 12:50:00+00:00,-1,0.75
2023-05-03 13:10:00+00:00,1,0.75
2023-05-03 14:50:00+00:00,-1,0.75
2023-05-04 10:10:00+00:00,1,0.75
2023-05-04 16:20:00+00:00,-1,0.75
2023-05-04 19:50:00+00:00,1,0.75
2023-05-05 10:30:00+00:00,-1,0.75
2023-05-05 10:40:00+00:00,1,0.75
2023-05-05 11:50:00+00:00,-1,0.75
2023-05-05 13:20:00+00:00,1,0.75
2023-05-05 15:10:00+00:00,-1,0.75
2023-05-05 19:20:00+00:00,1,0.75
2023-05-05 20:30:00+00:00,-1,0.75
2023-05-08 10:00:00+00:00,1,0.75
2023-05-08 12:30:00+00:00,-1,0.75
2023-05-08 18:00:00+00:00,1,0.75
2023-05-08 18:10:00+00:00,-1,0.75
2023-05-08 19:10:00+00:00,1,0.75
2023-05-08 21:30:00+00:00,-1,0.75
2023-05-08 23:00:00+00:00,1,0.75
2023-05-08 23:10:00+00:00,-1,0.75
2023-05-10 09:50:00+00:00,1,0.75
2023-05-11 13:30:00+00:00,-1,0.75
2023-05-11 15:30:00+00:00,1,0.75
2023-05-11 20:50:00+00:00,-1,0.75
2023-05-12 10:50:00+00:00,1,0.75
2023-05-12 11:40:00+00:00,-1,0.75
2023-05-12 13:30:00+00:00,1,0.75
2023-05-12 14:00:00+00:00,-1,0.75
2023-05-12 15:40:00+00:00,1,0.75
2023-05-12 19:30:00+00:00,-1,0.75
2023-05-12 21:40:00+00:00,1,0.75
2023-05-12 22:30:00+00:00,-1,0.75
2023-05-12 22:40:00+00:00,1,0.75
2023-05-15 15:10:00+00:00,-1,0.75
2023-05-15 15:20:00+00:00,1,0.75
2023-05-15 15:30:00+00:00,-1,0.75
2023-05-15 16:00:00+00:00,1,0.75
2023-05-15 16:40:00+00:00,-1,0.75
2023-05-15 19:30:00+00:00,1,0.75
2023-05-16 10:50:00+00:00,-1,0.75
2023-05-16 14:20:00+00:00,1,0.75
2023-05-16 14:30:00+00:00,-1,0.75
2023-05-16 17:40:00+00:00,1,0.75
2023-05-17 10:20:00+00:00,-1,0.75
2023-05-17 12:40:00+00:00,1,0.75
2023-05-17 18:00:00+00:00,-1,0.75
2023-05-17 21:00:00+00:00,1,0.75
2023-05-17 21:10:00+00:00,-1,0.75
2023-05-17 21:20:00+00:00,1,0.75
2023-05-17 22:10:00+00:00,-1,0.75
2023-05-17 22:40:00+00:00,1,0.75
2023-05-17 22:50:00+00:00,-1,0.75
2023-05-17 23:10:00+00:00,1,0.75
2023-05-18 11:20:00+00:00,-1,0.75
2023-05-18 18:30:00+00:00,1,0.75
2023-05-18 21:10:00+00:00,-1,0.75
2023-05-19 10:00:00+00:00,1,0.75
2023-05-19 19:40:00+00:00,-1,0.75
2023-05-19 22:00:00+00:00,1,0.75
2023-05-19 22:10:00+00:00,-1,0.75
2023-05-19 22:40:00+00:00,1,0.75
2023-05-22 14:00:00+00:00,-1,0.75
2023-05-22 16:40:00+00:00,1,0.75
2023-05-22 18:10:00+00:00,-1,0.75
2023-05-22 19:00:00+00:00,1,0.75
2023-05-22 20:10:00+00:00,-1,0.75
2023-05-22 20:30:00+00:00,1,0.75
2023-05-23 10:40:00+00:00,-1,0.75
2023-05-23 17:50:00+00:00,1,0.75
2023-05-23 21:40:00+00:00,-1,0.75
2023-05-23 22:00:00+00:00,1,0.75
2023-05-23 23:00:00+00:00,-1,0.75
2023-05-24 16:40:00+00:00,1,0.75
2023-05-24 20:00:00+00:00,-1,0.75
2023-05-24 21:50:00+00:00,1,0.75
2023-05-24 22:50:00+00:00,-1,0.75
2023-05-24 23:40:00+00:00,1,0.75
2023-05-25 10:00:00+00:00,-1,0.75
2023-05-25 13:30:00+00:00,1,0.75
2023-05-26 10:10:00+00:00,-1,0.75
2023-05-26 13:30:00+00:00,1,0.75
2023-05-26 16:00:00+00:00,-1,0.75
2023-05-26 17:50:00+00:00,1,0.75
2023-05-26 20:00:00+00:00,-1,0.75
2023-05-26 20:10:00+00:00,1,0.75
2023-05-26 20:40:00+00:00,-1,0.75
2023-05-26 23:00:00+00:00,1,0.75
2023-05-29 10:10:00+00:00,-1,0.75
2023-05-29 12:40:00+00:00,1,0.75
2023-05-29 13:50:00+00:00,-1,0.75
2023-05-29 14:40:00+00:00,1,0.75
2023-05-30 09:50:00+00:00,-1,0.75
2023-05-30 12:50:00+00:00,1,0.75
2023-05-30 15:50:00+00:00,-1,0.75
2023-05-31 12:40:00+00:00,1,0.75
2023-05-31 14:00:00+00:00,-1,0.75
2023-05-31 14:10:00+00:00,1,0.75
2023-05-31 14:50:00+00:00,-1,0.75
2023-05-31 15:30:00+00:00,1,0.75
2023-05-31 21:30:00+00:00,-1,0.75
2023-05-31 23:40:00+00:00,1,0.75
2023-06-01 12:10:00+00:00,-1,0.75
2023-06-01 14:00:00+00:00,1,0.75
2023-06-01 14:10:00+00:00,-1,0.75
2023-06-01 14:30:00+00:00,1,0.75
2023-06-01 15:10:00+00:00,-1,0.75
2023-06-01 17:40:00+00:00,1,0.75
2023-06-01 19:40:00+00:00,-1,0.75
2023-06-01 20:10:00+00:00,1,0.75
2023-06-01 20:30:00+00:00,-1,0.75
2023-06-01 20:40:00+00:00,1,0.75
2023-06-01 21:00:00+00:00,-1,0.75
2023-06-02 10:00:00+00:00,1,0.75
2023-06-02 10:20:00+00:00,-1,0.75
2023-06-02 11:50:00+00:00,1,0.75
2023-06-02 12:50:00+00:00,-1,0.75
2023-06-02 13:30:00+00:00,1,0.75
2023-06-02 14:30:00+00:00,-1,0.75
2023-06-02 14:40:00+00:00,1,0.75
2023-06-05 11:00:00+00:00,-1,0.75
2023-06-05 11:40:00+00:00,1,0.75
2023-06-05 14:50:00+00:00,-1,0.75
2023-06-06 11:40:00+00:00,1,0.75
2023-06-06 12:10:00+00:00,-1,0.75
2023-06-06 12:40:00+00:00,1,0.75
2023-06-06 13:20:00+00:00,-1,0.75
2023-06-06 13:30:00+00:00,1,0.75
2023-06-06 13:50:00+00:00,-1,0.75
2023-06-06 14:00:00+00:00,1,0.75
2023-06-06 20:50:00+00:00,-1,0.75
2023-06-06 22:10:00+00:00,1,0.75
2023-06-07 10:20:00+00:00,-1,0.75
2023-06-07 10:50:00+00:00,1,0.75
2023-06-08 21:00:00+00:00,-1,0.75
2023-06-08 23:10:00+00:00,1,0.75
2023-06-09 11:40:00+00:00,-1,0.75
2023-06-09 16:40:00+00:00,1,0.75
2023-06-09 17:40:00+00:00,-1,0.75
2023-06-09 19:30:00+00:00,1,0.75
2023-06-09 22:40:00+00:00,-1,0.75
2023-06-09 22:50:00+00:00,1,0.75
2023-06-09 23:10:00+00:00,-1,0.75
2023-06-13 10:30:00+00:00,1,0.75
2023-06-13 10:50:00+00:00,-1,0.75
2023-06-13 13:20:00+00:00,1,0.75
2023-06-14 23:10:00+00:00,-1,0.75
2023-06-15 15:20:00+00:00,1,0.75
2023-06-15 16:40:00+00:00,-1,0.75
2023-06-15 17:50:00+00:00,1,0.75
2023-06-15 20:20:00+00:00,-1,0.75
2023-06-15 21:40:00+00:00,1,0.75
2023-06-15 23:00:00+00:00,-1,0.75
2023-06-15 23:30:00+00:00,1,0.75
2023-06-16 10:00:00+00:00,-1,0.75
2023-06-16 14:50:00+00:00,1,0.75
2023-06-16 19:00:00+00:00,-1,0.75
2023-06-16 22:50:00+00:00,1,0.75
2023-06-19 10:10:00+00:00,-1,0.75
2023-06-19 15:20:00+00:00,1,0.75
2023-06-19 18:40:00+00:00,-1,0.75
2023-06-19 19:10:00+00:00,1,0.75
2023-06-20 09:50:00+00:00,-1,0.75
2023-06-20 10:10:00+00:00,1,0.75
2023-06-20 13:20:00+00:00,-1,0.75
2023-06-20 20:20:00+00:00,1,0.75
2023-06-21 10:20:00+00:00,-1,0.75
2023-06-21 11:40:00+00:00,1,0.75
2023-06-21 17:30:00+00:00,-1,0.75
2023-06-21 19:50:00+00:00,1,0.75
2023-06-21 20:00:00+00:00,-1,0.75
2023-06-21 20:10:00+00:00,1,0.75
2023-06-22 10:00:00+00:00,-1,0.75
2023-06-23 18:40:00+00:00,1,0.75
2023-06-23 19:00:00+00:00,-1,0.75
2023-06-23 19:10:00+00:00,1,0.75
2023-06-23 21:30:00+00:00,-1,0.75
2023-06-26 10:10:00+00:00,1,0.75
2023-06-26 14:40:00+00:00,-1,0.75
2023-06-26 15:30:00+00:00,1,0.75
2023-06-26 16:30:00+00:00,-1,0.75
2023-06-26 22:20:00+00:00,1,0.75
2023-06-26 22:50:00+00:00,-1,0.75
2023-06-26 23:00:00+00:00,1,0.75
2023-06-27 19:50:00+00:00,-1,0.75
2023-06-27 22:00:00+00:00,1,0.75
2023-06-27 23:10:00+00:00,-1,0.75
2023-06-27 23:20:00+00:00,1,0.75
2023-06-28 11:50:00+00:00,-1,0.75
2023-06-28 12:40:00+00:00,1,0.75
2023-06-28 19:30:00+00:00,-1,0.75
2023-06-28 20:40:00+00:00,1,0.75
2023-06-28 22:30:00+00:00,-1,0.75
2023-06-28 23:40:00+00:00,1,0.75
2023-06-29 14:20:00+00:00,-1,0.75
2023-06-29 22:10:00+00:00,1,0.75
2023-06-29 23:10:00+00:00,-1,0.75
2023-06-29 23:20:00+00:00,1,0.75
2023-06-29 23:40:00+00:00,-1,0.75
2023-06-30 09:50:00+00:00,1,0.75
2023-06-30 10:40:00+00:00,-1,0.75
2023-06-30 19:00:00+00:00,1,0.75
2023-06-30 21:00:00+00:00,-1,0.75
2023-06-30 22:50:00+00:00,1,0.75
2023-07-03 10:20:00+00:00,-1,0.75
2023-07-03 21:50:00+00:00,1,0.75
2023-07-04 10:00:00+00:00,-1,0.75
2023-07-04 14:30:00+00:00,1,0.75
2023-07-04 21:50:00+00:00,-1,0.75
2023-07-05 10:10:00+00:00,1,0.75
2023-07-05 14:10:00+00:00,-1,0.75
2023-07-05 17:40:00+00:00,1,0.75
2023-07-05 17:50:00+00:00,-1,0.75
2023-07-05 21:10:00+00:00,1,0.75
2023-07-06 12:30:00+00:00,-1,0.75
2023-07-06 20:50:00+00:00,1,0.75
2023-07-06 23:00:00+00:00,-1,0.75
2023-07-07 20:40:00+00:00,1,0.75
2023-07-10 13:40:00+00:00,-1,0.75
2023-07-10 15:40:00+00:00,1,0.75
2023-07-10 16:00:00+00:00,-1,0.75
2023-07-10 16:20:00+00:00,1,0.75
2023-07-11 14:40:00+00:00,-1,0.75
2023-07-11 16:00:00+00:00,1,0.75
2023-07-11 16:30:00+00:00,-1,0.75
2023-07-11 18:30:00+00:00,1,0.75
2023-07-12 18:20:00+00:00,-1,0.75
2023-07-12 18:40:00+00:00,1,0.75
2023-07-12 19:50:00+00:00,-1,0.75
2023-07-13 10:10:00+00:00,1,0.75
2023-07-13 11:00:00+00:00,-1,0.75
2023-07-13 11:50:00+00:00,1,0.75
2023-07-13 12:00:00+00:00,-1,0.75
2023-07-13 12:10:00+00:00,1,0.75
2023-07-13 12:20:00+00:00,-1,0.75
2023-07-13 15:40:00+00:00,1,0.75
2023-07-13 19:20:00+00:00,-1,0.75
2023-07-13 20:30:00+00:00,1,0.75
2023-07-14 10:10:00+00:00,-1,0.75
2023-07-14 10:20:00+00:00,1,0.75
2023-07-14 10:40:00+00:00,-1,0.75
2023-07-14 10:50:00+00:00,1,0.75
2023-07-17 09:50:00+00:00,-1,0.75
2023-07-17 10:20:00+00:00,1,0.75
2023-07-17 11:20:00+00:00,-1,0.75
2023-07-17 15:50:00+00:00,1,0.75
2023-07-17 16:30:00+00:00,-1,0.75
2023-07-17 18:40:00+00:00,1,0.75
2023-07-18 09:50:00+00:00,-1,0.75
2023-07-18 10:00:00+00:00,1,0.75
2023-07-18 15:20:00+00:00,-1,0.75
2023-07-18 16:10:00+00:00,1,0.75
2023-07-18 16:50:00+00:00,-1,0.75
2023-07-18 17:10:00+00:00,1,0.75
2023-07-19 10:30:00+00:00,-1,0.75
2023-07-19 11:30:00+00:00,1,0.75
2023-07-19 12:40:00+00:00,-1,0.75
2023-07-19 16:10:00+00:00,1,0.75
2023-07-19 16:20:00+00:00,-1,0.75
2023-07-19 16:50:00+00:00,1,0.75
2023-07-19 18:30:00+00:00,-1,0.75
2023-07-19 22:10:00+00:00,1,0.75
2023-07-19 23:00:00+00:00,-1,0.75
2023-07-19 23:10:00+00:00,1,0.75
2023-07-20 10:00:00+00:00,-1,0.75
2023-07-20 15:10:00+00:00,1,0.75
2023-07-20 17:30:00+00:00,-1,0.75
2023-07-21 10:10:00+00:00,1,0.75
2023-07-21 13:40:00+00:00,-1,0.75
2023-07-21 14:20:00+00:00,1,0.75
2023-07-21 18:30:00+00:00,-1,0.75
2023-07-21 20:20:00+00:00,1,0.75
2023-07-21 21:30:00+00:00,-1,0.75
2023-07-21 22:50:00+00:00,1,0.75
2023-07-25 15:10:00+00:00,-1,0.75
2023-07-25 17:20:00+00:00,1,0.75
2023-07-25 17:30:00+00:00,-1,0.75
2023-07-25 18:40:00+00:00,1,0.75
2023-07-26 10:20:00+00:00,-1,0.75
2023-07-26 12:00:00+00:00,1,0.75
2023-07-26 12:50:00+00:00,-1,0.75
2023-07-26 13:10:00+00:00,1,0.75
2023-07-26 18:00:00+00:00,-1,0.75
2023-07-26 21:50:00+00:00,1,0.75
2023-07-27 10:30:00+00:00,-1,0.75
2023-07-27 10:50:00+00:00,1,0.75
2023-07-27 13:10:00+00:00,-1,0.75
2023-07-27 13:50:00+00:00,1,0.75
2023-07-27 14:30:00+00:00,-1,0.75
2023-07-27 15:00:00+00:00,1,0.75
2023-07-27 16:00:00+00:00,-1,0.75
2023-07-28 10:20:00+00:00,1,0.75
2023-07-28 11:10:00+00:00,-1,0.75
2023-07-28 13:20:00+00:00,1,0.75
2023-07-28 18:40:00+00:00,-1,0.75
2023-07-28 19:00:00+00:00,1,0.75
2023-07-28 19:20:00+00:00,-1,0.75
2023-07-28 19:40:00+00:00,1,0.75
2023-07-28 20:10:00+00:00,-1,0.75
2023-07-28 21:30:00+00:00,1,0.75
2023-07-28 22:00:00+00:00,-1,0.75
2023-07-28 23:10:00+00:00,1,0.75
2023-07-31 11:00:00+00:00,-1,0.75
2023-07-31 11:20:00+00:00,1,0.75
2023-07-31 12:10:00+00:00,-1,0.75
2023-07-31 18:00:00+00:00,1,0.75
2023-08-01 10:00:00+00:00,-1,0.75
2023-08-01 11:50:00+00:00,1,0.75
2023-08-01 20:00:00+00:00,-1,0.75
2023-08-01 20:20:00+00:00,1,0.75
2023-08-01 20:40:00+00:00,-1,0.75
2023-08-01 22:30:00+00:00,1,0.75
2023-08-02 17:40:00+00:00,-1,0.75
2023-08-02 21:40:00+00:00,1,0.75
2023-08-03 10:40:00+00:00,-1,0.75
2023-08-03 10:50:00+00:00,1,0.75
2023-08-04 14:40:00+00:00,-1,0.75
2023-08-04 21:40:00+00:00,1,0.75
2023-08-04 22:40:00+00:00,-1,0.75
2023-08-07 09:50:00+00:00,1,0.75
2023-08-07 13:10:00+00:00,-1,0.75
2023-08-07 13:20:00+00:00,1,0.75
2023-08-07 14:40:00+00:00,-1,0.75
2023-08-07 16:20:00+00:00,1,0.75
2023-08-07 17:10:00+00:00,-1,0.75
2023-08-08 13:10:00+00:00,1,0.75
2023-08-08 13:20:00+00:00,-1,0.75
2023-08-08 14:10:00+00:00,1,0.75
2023-08-09 10:30:00+00:00,-1,0.75
2023-08-09 10:40:00+00:00,1,0.75
2023-08-09 11:00:00+00:00,-1,0.75
2023-08-09 15:20:00+00:00,1,0.75
2023-08-09 17:30:00+00:00,-1,0.75
2023-08-09 20:30:00+00:00,1,0.75
2023-08-10 12:00:00+00:00,-1,0.75
2023-08-10 17:10:00+00:00,1,0.75
2023-08-10 21:20:00+00:00,-1,0.75
2023-08-10 22:10:00+00:00,1,0.75
2023-08-10 22:30:00+00:00,-1,0.75
2023-08-10 23:30:00+00:00,1,0.75
2023-08-11 10:00:00+00:00,-1,0.75
2023-08-11 13:50:00+00:00,1,0.75
2023-08-11 14:00:00+00:00,-1,0.75
2023-08-11 18:00:00+00:00,1,0.75
2023-08-11 18:40:00+00:00,-1,0.75
2023-08-11 19:30:00+00:00,1,0.75
2023-08-14 14:00:00+00:00,-1,0.75
2023-08-14 15:20:00+00:00,1,0.75
2023-08-14 17:10:00+00:00,-1,0.75
2023-08-15 10:40:00+00:00,1,0.75
2023-08-15 18:10:00+00:00,-1,0.75
2023-08-15 22:00:00+00:00,1,0.75
2023-08-15 22:10:00+00:00,-1,0.75
2023-08-16 17:10:00+00:00,1,0.75
2023-08-16 20:50:00+00:00,-1,0.75
2023-08-16 21:30:00+00:00,1,0.75
2023-08-17 12:30:00+00:00,-1,0.75
2023-08-17 16:30:00+00:00,1,0.75
2023-08-17 16:40:00+00:00,-1,0.75
2023-08-17 16:50:00+00:00,1,0.75
2023-08-17 17:20:00+00:00,-1,0.75
2023-08-17 20:40:00+00:00,1,0.75
2023-08-18 10:20:00+00:00,-1,0.75
2023-08-18 16:50:00+00:00,1,0.75
2023-08-21 18:40:00+00:00,-1,0.75
2023-08-21 21:30:00+00:00,1,0.75
2023-08-21 21:50:00+00:00,-1,0.75
2023-08-21 22:20:00+00:00,1,0.75
2023-08-22 17:00:00+00:00,-1,0.75
2023-08-22 20:20:00+00:00,1,0.75
2023-08-23 10:40:00+00:00,-1,0.75
2023-08-23 10:50:00+00:00,1,0.75
2023-08-23 11:20:00+00:00,-1,0.75
2023-08-23 17:20:00+00:00,1,0.75
2023-08-23 20:10:00+00:00,-1,0.75
2023-08-24 10:20:00+00:00,1,0.75
2023-08-24 13:40:00+00:00,-1,0.75
2023-08-24 14:20:00+00:00,1,0.75
2023-08-24 16:30:00+00:00,-1,0.75
2023-08-24 18:10:00+00:00,1,0.75
2023-08-24 18:20:00+00:00,-1,0.75
2023-08-24 18:30:00+00:00,1,0.75
2023-08-25 11:40:00+00:00,-1,0.75
2023-08-25 14:10:00+00:00,1,0.75
2023-08-25 15:30:00+00:00,-1,0.75
2023-08-25 22:10:00+00:00,1,0.75
2023-08-28 20:00:00+00:00,-1,0.75
2023-08-29 10:00:00+00:00,1,0.75
2023-08-29 15:10:00+00:00,-1,0.75
2023-08-29 19:30:00+00:00,1,0.75
2023-08-29 21:10:00+00:00,-1,0.75
2023-08-29 21:20:00+00:00,1,0.75
2023-08-30 10:40:00+00:00,-1,0.75
2023-08-30 14:50:00+00:00,1,0.75
2023-08-30 15:30:00+00:00,-1,0.75
2023-08-30 20:50:00+00:00,1,0.75
2023-08-30 21:00:00+00:00,-1,0.75
2023-08-30 22:10:00+00:00,1,0.75
2023-08-30 23:30:00+00:00,-1,0.75
2023-08-31 11:10:00+00:00,1,0.75
2023-08-31 12:20:00+00:00,-1,0.75
2023-08-31 14:40:00+00:00,1,0.75
2023-08-31 15:00:00+00:00,-1,0.75
2023-08-31 18:10:00+00:00,1,0.75
2023-08-31 18:20:00+00:00,-1,0.75
2023-08-31 18:30:00+00:00,1,0.75
2023-09-01 11:00:00+00:00,-1,0.75
2023-09-01 12:40:00+00:00,1,0.75
2023-09-01 15:10:00+00:00,-1,0.75
2023-09-01 18:40:00+00:00,1,0.75
2023-09-01 23:20:00+00:00,-1,0.75
2023-09-01 23:30:00+00:00,1,0.75
2023-09-01 23:40:00+00:00,-1,0.75
2023-09-04 10:00:00+00:00,1,0.75
2023-09-04 15:40:00+00:00,-1,0.75
2023-09-04 18:00:00+00:00,1,0.75
2023-09-05 12:00:00+00:00,-1,0.75
2023-09-05 12:10:00+00:00,1,0.75
2023-09-05 12:30:00+00:00,-1,0.75
2023-09-05 16:20:00+00:00,1,0.75
2023-09-05 19:10:00+00:00,-1,0.75
2023-09-05 23:00:00+00:00,1,0.75
2023-09-05 23:30:00+00:00,-1,0.75
2023-09-06 19:30:00+00:00,1,0.75
2023-09-06 21:20:00+00:00,-1,0.75
2023-09-07 20:20:00+00:00,1,0.75
2023-09-07 23:40:00+00:00,-1,0.75
2023-09-08 10:00:00+00:00,1,0.75
2023-09-08 10:10:00+00:00,-1,0.75
2023-09-08 15:00:00+00:00,1,0.75
2023-09-08 16:00:00+00:00,-1,0.75
2023-09-08 18:10:00+00:00,1,0.75
2023-09-08 20:50:00+00:00,-1,0.75
2023-09-11 09:50:00+00:00,1,0.75
2023-09-11 10:00:00+00:00,-1,0.75
2023-09-11 10:10:00+00:00,1,0.75
2023-09-11 11:30:00+00:00,-1,0.75
2023-09-11 19:10:00+00:00,1,0.75
2023-09-11 21:30:00+00:00,-1,0.75
2023-09-12 10:00:00+00:00,1,0.75
2023-09-12 15:00:00+00:00,-1,0.75
2023-09-12 16:40:00+00:00,1,0.75
2023-09-13 13:10:00+00:00,-1,0.75
2023-09-13 13:30:00+00:00,1,0.75
2023-09-13 13:50:00+00:00,-1,0.75
2023-09-13 14:10:00+00:00,1,0.75
2023-09-13 15:00:00+00:00,-1,0.75
2023-09-13 15:10:00+00:00,1,0.75
2023-09-13 15:50:00+00:00,-1,0.75
2023-09-13 16:00:00+00:00,1,0.75
2023-09-13 16:50:00+00:00,-1,0.75
2023-09-14 16:40:00+00:00,1,0.75
2023-09-14 20:30:00+00:00,-1,0.75
2023-09-15 13:00:00+00:00,1,0.75
2023-09-15 22:10:00+00:00,-1,0.75
2023-09-18 09:50:00+00:00,1,0.75
2023-09-18 12:10:00+00:00,-1,0.75
2023-09-18 22:40:00+00:00,1,0.75
2023-09-18 23:10:00+00:00,-1,0.75
2023-09-19 09:50:00+00:00,1,0.75
2023-09-19 10:20:00+00:00,-1,0.75
2023-09-19 17:10:00+00:00,1,0.75
2023-09-19 17:20:00+00:00,-1,0.75
2023-09-19 18:40:00+00:00,1,0.75
2023-09-19 20:40:00+00:00,-1,0.75
2023-09-20 12:30:00+00:00,1,0.75
2023-09-20 14:00:00+00:00,-1,0.75
2023-09-20 14:50:00+00:00,1,0.75
2023-09-20 17:50:00+00:00,-1,0.75
2023-09-20 23:40:00+00:00,1,0.75
2023-09-21 09:50:00+00:00,-1,0.75
2023-09-21 10:00:00+00:00,1,0.75
2023-09-21 10:10:00+00:00,-1,0.75
2023-09-21 13:20:00+00:00,1,0.75
2023-09-21 14:30:00+00:00,-1,0.75
2023-09-21 18:40:00+00:00,1,0.75
2023-09-21 20:10:00+00:00,-1,0.75
2023-09-22 10:20:00+00:00,1,0.75
2023-09-22 11:50:00+00:00,-1,0.75
2023-09-22 15:00:00+00:00,1,0.75
2023-09-25 10:50:00+00:00,-1,0.75
2023-09-25 12:20:00+00:00,1,0.75
2023-09-25 12:50:00+00:00,-1,0.75
2023-09-25 15:10:00+00:00,1,0.75
2023-09-25 15:40:00+00:00,-1,0.75
2023-09-25 19:10:00+00:00,1,0.75
2023-09-25 19:40:00+00:00,-1,0.75
2023-09-25 20:10:00+00:00,1,0.75
2023-09-25 20:40:00+00:00,-1,0.75
2023-09-25 20:50:00+00:00,1,0.75
2023-09-25 23:00:00+00:00,-1,0.75
2023-09-26 10:10:00+00:00,1,0.75
2023-09-26 11:10:00+00:00,-1,0.75
2023-09-26 17:20:00+00:00,1,0.75
2023-09-27 17:10:00+00:00,-1,0.75
2023-09-27 18:00:00+00:00,1,0.75
2023-09-27 18:40:00+00:00,-1,0.75
2023-09-27 20:50:00+00:00,1,0.75
2023-09-28 12:20:00+00:00,-1,0.75
2023-09-28 17:20:00+00:00,1,0.75
2023-09-28 17:30:00+00:00,-1,0.75
2023-09-28 18:10:00+00:00,1,0.75
2023-09-28 21:10:00+00:00,-1,0.75
2023-09-28 22:10:00+00:00,1,0.75
2023-09-29 10:00:00+00:00,-1,0.75
2023-09-29 12:10:00+00:00,1,0.75
2023-09-29 13:40:00+00:00,-1,0.75
2023-09-29 19:30:00+00:00,1,0.75
2023-09-29 19:40:00+00:00,-1,0.75
2023-10-02 09:50:00+00:00,1,0.75
2023-10-02 12:10:00+00:00,-1,0.75
2023-10-02 21:20:00+00:00,1,0.75
2023-10-03 10:00:00+00:00,-1,0.75
2023-10-03 11:40:00+00:00,1,0.75
2023-10-03 13:00:00+00:00,-1,0.75
2023-10-03 13:30:00+00:00,1,0.75
2023-10-03 17:40:00+00:00,-1,0.75
2023-10-03 20:50:00+00:00,1,0.75
2023-10-03 21:20:00+00:00,-1,0.75
2023-10-03 21:40:00+00:00,1,0.75
2023-10-03 23:00:00+00:00,-1,0.75
2023-10-04 10:50:00+00:00,1,0.75
2023-10-04 16:00:00+00:00,-1,0.75
2023-10-05 09:50:00+00:00,1,0.75
2023-10-05 10:10:00+00:00,-1,0.75
2023-10-05 13:10:00+00:00,1,0.75
2023-10-05 13:50:00+00:00,-1,0.75
2023-10-05 15:20:00+00:00,1,0.75
2023-10-06 15:20:00+00:00,-1,0.75
2023-10-06 19:00:00+00:00,1,0.75
2023-10-06 20:50:00+00:00,-1,0.75
2023-10-06 21:20:00+00:00,1,0.75
2023-10-06 21:40:00+00:00,-1,0.75
2023-10-06 22:20:00+00:00,1,0.75
2023-10-06 22:40:00+00:00,-1,0.75
2023-10-09 12:00:00+00:00,1,0.75
2023-10-09 12:10:00+00:00,-1,0.75
2023-10-09 14:50:00+00:00,1,0.75
2023-10-09 15:40:00+00:00,-1,0.75
2023-10-09 17:00:00+00:00,1,0.75
2023-10-09 17:10:00+00:00,-1,0.75
2023-10-09 17:40:00+00:00,1,0.75
2023-10-09 18:20:00+00:00,-1,0.75
2023-10-09 18:40:00+00:00,1,0.75
2023-10-09 19:30:00+00:00,-1,0.75
2023-10-09 20:20:00+00:00,1,0.75
2023-10-09 20:30:00+00:00,-1,0.75
2023-10-09 21:50:00+00:00,1,0.75
2023-10-09 23:10:00+00:00,-1,0.75
2023-10-10 12:50:00+00:00,1,0.75
2023-10-10 19:00:00+00:00,-1,0.75
2023-10-11 10:00:00+00:00,1,0.75
2023-10-11 10:50:00+00:00,-1,0.75
2023-10-11 12:10:00+00:00,1,0.75
2023-10-11 13:00:00+00:00,-1,0.75
2023-10-11 16:30:00+00:00,1,0.75
2023-10-11 17:10:00+00:00,-1,0.75
2023-10-11 17:50:00+00:00,1,0.75
2023-10-11 18:00:00+00:00,-1,0.75
2023-10-11 18:40:00+00:00,1,0.75
2023-10-11 22:10:00+00:00,-1,0.75
2023-10-12 14:50:00+00:00,1,0.75
2023-10-12 15:20:00+00:00,-1,0.75
2023-10-12 16:30:00+00:00,1,0.75
2023-10-13 21:00:00+00:00,-1,0.75
2023-10-13 22:50:00+00:00,1,0.75
2023-10-13 23:20:00+00:00,-1,0.75
2023-10-16 09:50:00+00:00,1,0.75
2023-10-16 18:00:00+00:00,-1,0.75
2023-10-16 20:10:00+00:00,1,0.75
2023-10-16 21:20:00+00:00,-1,0.75
2023-10-16 22:30:00+00:00,1,0.75
2023-10-16 23:00:00+00:00,-1,0.75
2023-10-17 11:00:00+00:00,1,0.75
2023-10-17 14:50:00+00:00,-1,0.75
2023-10-17 16:20:00+00:00,1,0.75
2023-10-17 17:00:00+00:00,-1,0.75
2023-10-17 17:20:00+00:00,1,0.75
2023-10-17 18:30:00+00:00,-1,0.75
2023-10-18 10:20:00+00:00,1,0.75
2023-10-18 12:50:00+00:00,-1,0.75
2023-10-18 14:30:00+00:00,1,0.75
2023-10-18 14:50:00+00:00,-1,0.75
2023-10-18 17:20:00+00:00,1,0.75
2023-10-18 20:10:00+00:00,-1,0.75
2023-10-18 21:10:00+00:00,1,0.75
2023-10-18 21:40:00+00:00,-1,0.75
2023-10-18 23:30:00+00:00,1,0.75
2023-10-19 09:50:00+00:00,-1,0.75
2023-10-19 10:10:00+00:00,1,0.75
2023-10-20 11:10:00+00:00,-1,0.75
2023-10-20 11:20:00+00:00,1,0.75
2023-10-20 12:10:00+00:00,-1,0.75
2023-10-20 15:00:00+00:00,1,0.75
2023-10-20 15:10:00+00:00,-1,0.75
2023-10-20 15:40:00+00:00,1,0.75
2023-10-20 16:30:00+00:00,-1,0.75
2023-10-20 17:20:00+00:00,1,0.75
2023-10-23 12:20:00+00:00,-1,0.75
2023-10-23 16:20:00+00:00,1,0.75
2023-10-23 16:40:00+00:00,-1,0.75
2023-10-23 18:30:00+00:00,1,0.75
2023-10-23 19:20:00+00:00,-1,0.75
2023-10-23 21:30:00+00:00,1,0.75
2023-10-24 09:50:00+00:00,-1,0.75
2023-10-24 10:40:00+00:00,1,0.75
2023-10-24 11:30:00+00:00,-1,0.75
2023-10-24 12:40:00+00:00,1,0.75
2023-10-25 10:20:00+00:00,-1,0.75
2023-10-25 11:00:00+00:00,1,0.75
2023-10-25 15:50:00+00:00,-1,0.75
2023-10-25 17:30:00+00:00,1,0.75
2023-10-25 18:40:00+00:00,-1,0.75
2023-10-25 22:20:00+00:00,1,0.75
2023-10-26 11:50:00+00:00,-1,0.75
2023-10-26 19:20:00+00:00,1,0.75
2023-10-26 21:00:00+00:00,-1,0.75
2023-10-26 22:00:00+00:00,1,0.75
2023-10-26 23:10:00+00:00,-1,0.75
2023-10-27 10:10:00+00:00,1,0.75
2023-10-27 13:00:00+00:00,-1,0.75
2023-10-27 16:30:00+00:00,1,0.75
2023-10-27 18:40:00+00:00,-1,0.75
2023-10-30 12:00:00+00:00,1,0.75
2023-10-30 12:20:00+00:00,-1,0.75
2023-10-30 17:00:00+00:00,1,0.75
2023-10-30 17:10:00+00:00,-1,0.75
2023-10-30 21:10:00+00:00,1,0.75
2023-10-30 21:20:00+00:00,-1,0.75
2023-10-31 15:40:00+00:00,1,0.75
2023-11-01 15:30:00+00:00,-1,0.75
2023-11-01 17:30:00+00:00,1,0.75
2023-11-01 18:20:00+00:00,-1,0.75
2023-11-01 22:50:00+00:00,1,0.75
2023-11-01 23:10:00+00:00,-1,0.75
2023-11-02 09:50:00+00:00,1,0.75
2023-11-02 11:10:00+00:00,-1,0.75
2023-11-02 13:00:00+00:00,1,0.75
2023-11-02 13:10:00+00:00,-1,0.75
2023-11-02 16:20:00+00:00,1,0.75
2023-11-02 17:10:00+00:00,-1,0.75
2023-11-02 23:00:00+00:00,1,0.75
2023-11-03 10:50:00+00:00,-1,0.75
2023-11-03 14:50:00+00:00,1,0.75
2023-11-03 17:10:00+00:00,-1,0.75
2023-11-03 18:00:00+00:00,1,0.75
2023-11-03 18:30:00+00:00,-1,0.75
2023-11-03 18:40:00+00:00,1,0.75
2023-11-03 19:10:00+00:00,-1,0.75
2023-11-03 20:20:00+00:00,1,0.75
2023-11-03 21:40:00+00:00,-1,0.75
2023-11-03 22:50:00+00:00,1,0.75
2023-11-03 23:10:00+00:00,-1,0.75
2023-11-06 09:50:00+00:00,1,0.75
2023-11-06 14:40:00+00:00,-1,0.75
2023-11-06 16:10:00+00:00,1,0.75
2023-11-06 20:10:00+00:00,-1,0.75
2023-11-06 22:50:00+00:00,1,0.75
2023-11-07 10:50:00+00:00,-1,0.75
2023-11-07 16:00:00+00:00,1,0.75
2023-11-07 20:50:00+00:00,-1,0.75
2023-11-07 21:20:00+00:00,1,0.75
2023-11-08 13:10:00+00:00,-1,0.75
2023-11-08 16:10:00+00:00,1,0.75
2023-11-08 16:50:00+00:00,-1,0.75
2023-11-08 18:00:00+00:00,1,0.75
2023-11-08 19:10:00+00:00,-1,0.75
2023-11-09 14:50:00+00:00,1,0.75
2023-11-09 16:30:00+00:00,-1,0.75
2023-11-09 18:10:00+00:00,1,0.75
2023-11-10 10:30:00+00:00,-1,0.75
2023-11-10 16:10:00+00:00,1,0.75
2023-11-10 16:20:00+00:00,-1,0.75
2023-11-10 17:10:00+00:00,1,0.75
2023-11-10 17:20:00+00:00,-1,0.75
2023-11-10 18:00:00+00:00,1,0.75
2023-11-10 19:10:00+00:00,-1,0.75
2023-11-10 20:40:00+00:00,1,0.75
2023-11-10 22:30:00+00:00,-1,0.75
2023-11-13 14:40:00+00:00,1,0.75
2023-11-13 16:00:00+00:00,-1,0.75
2023-11-13 16:10:00+00:00,1,0.75
2023-11-13 16:30:00+00:00,-1,0.75
2023-11-13 16:40:00+00:00,1,0.75
2023-11-13 17:20:00+00:00,-1,0.75
2023-11-13 17:40:00+00:00,1,0.75
2023-11-13 18:00:00+00:00,-1,0.75
2023-11-13 18:40:00+00:00,1,0.75
2023-11-13 20:10:00+00:00,-1,0.75
2023-11-14 13:30:00+00:00,1,0.75
2023-11-14 14:00:00+00:00,-1,0.75
2023-11-14 16:10:00+00:00,1,0.75
2023-11-14 22:50:00+00:00,-1,0.75
2023-11-15 10:10:00+00:00,1,0.75
2023-11-15 10:50:00+00:00,-1,0.75
2023-11-15 11:10:00+00:00,1,0.75
2023-11-15 11:20:00+00:00,-1,0.75
2023-11-15 11:40:00+00:00,1,0.75
2023-11-15 11:50:00+00:00,-1,0.75
2023-11-15 12:40:00+00:00,1,0.75
2023-11-15 14:00:00+00:00,-1,0.75
2023-11-15 14:50:00+00:00,1,0.75
2023-11-15 15:10:00+00:00,-1,0.75
2023-11-15 16:50:00+00:00,1,0.75
2023-11-15 17:10:00+00:00,-1,0.75
2023-11-15 18:40:00+00:00,1,0.75
2023-11-15 19:50:00+00:00,-1,0.75
2023-11-15 20:20:00+00:00,1,0.75
2023-11-15 20:30:00+00:00,-1,0.75
2023-11-15 21:10:00+00:00,1,0.75
2023-11-16 10:00:00+00:00,-1,0.75
2023-11-16 15:20:00+00:00,1,0.75
2023-11-16 17:40:00+00:00,-1,0.75
2023-11-16 18:40:00+00:00,1,0.75
2023-11-16 19:20:00+00:00,-1,0.75
2023-11-17 10:20:00+00:00,1,0.75
2023-11-17 11:10:00+00:00,-1,0.75
2023-11-17 14:10:00+00:00,1,0.75
2023-11-17 18:30:00+00:00,-1,0.75
2023-11-17 20:10:00+00:00,1,0.75
2023-11-17 21:20:00+00:00,-1,0.75
2023-11-20 11:40:00+00:00,1,0.75
2023-11-20 14:00:00+00:00,-1,0.75
2023-11-20 15:00:00+00:00,1,0.75
2023-11-20 18:20:00+00:00,-1,0.75
2023-11-21 10:20:00+00:00,1,0.75
2023-11-21 11:50:00+00:00,-1,0.75
2023-11-21 13:00:00+00:00,1,0.75
2023-11-21 13:10:00+00:00,-1,0.75
2023-11-21 13:40:00+00:00,1,0.75
2023-11-21 14:20:00+00:00,-1,0.75
2023-11-21 14:30:00+00:00,1,0.75
2023-11-21 18:10:00+00:00,-1,0.75
2023-11-21 18:40:00+00:00,1,0.75
2023-11-21 19:40:00+00:00,-1,0.75
2023-11-22 10:00:00+00:00,1,0.75
2023-11-22 12:50:00+00:00,-1,0.75
2023-11-22 13:40:00+00:00,1,0.75
2023-11-22 14:20:00+00:00,-1,0.75
2023-11-22 15:30:00+00:00,1,0.75
2023-11-22 16:40:00+00:00,-1,0.75
2023-11-23 09:50:00+00:00,1,0.75
2023-11-23 14:00:00+00:00,-1,0.75
2023-11-24 09:50:00+00:00,1,0.75
2023-11-24 11:40:00+00:00,-1,0.75
2023-11-24 12:00:00+00:00,1,0.75
2023-11-24 19:50:00+00:00,-1,0.75
2023-11-24 21:00:00+00:00,1,0.75
2023-11-24 22:10:00+00:00,-1,0.75
2023-11-24 22:30:00+00:00,1,0.75
2023-11-24 23:20:00+00:00,-1,0.75
2023-11-24 23:30:00+00:00,1,0.75
2023-11-27 09:50:00+00:00,-1,0.75
2023-11-27 10:00:00+00:00,1,0.75
2023-11-27 16:30:00+00:00,-1,0.75
2023-11-28 10:10:00+00:00,1,0.75
2023-11-28 10:50:00+00:00,-1,0.75
2023-11-28 11:00:00+00:00,1,0.75
2023-11-28 12:40:00+00:00,-1,0.75
2023-11-28 14:50:00+00:00,1,0.75
2023-11-28 16:50:00+00:00,-1,0.75
2023-11-28 17:50:00+00:00,1,0.75
2023-11-28 19:20:00+00:00,-1,0.75
2023-11-28 23:30:00+00:00,1,0.75
2023-11-29 10:00:00+00:00,-1,0.75
2023-11-29 11:10:00+00:00,1,0.75
2023-11-29 15:00:00+00:00,-1,0.75
2023-11-29 16:50:00+00:00,1,0.75
2023-11-29 17:50:00+00:00,-1,0.75
2023-11-30 10:00:00+00:00,1,0.75
2023-11-30 11:30:00+00:00,-1,0.75
2023-11-30 13:20:00+00:00,1,0.75
2023-11-30 13:30:00+00:00,-1,0.75
2023-11-30 13:40:00+00:00,1,0.75
2023-11-30 14:30:00+00:00,-1,0.75
2023-11-30 14:40:00+00:00,1,0.75
2023-11-30 15:10:00+00:00,-1,0.75
2023-12-01 11:00:00+00:00,1,0.75
2023-12-01 12:50:00+00:00,-1,0.75
2023-12-04 12:50:00+00:00,1,0.75
2023-12-04 17:10:00+00:00,-1,0.75
2023-12-04 21:20:00+00:00,1,0.75
2023-12-04 22:40:00+00:00,-1,0.75
2023-12-04 22:50:00+00:00,1,0.75
2023-12-04 23:10:00+00:00,-1,0.75
2023-12-04 23:30:00+00:00,1,0.75
2023-12-04 23:40:00+00:00,-1,0.75
2023-12-05 09:50:00+00:00,1,0.75
2023-12-05 11:30:00+00:00,-1,0.75
2023-12-05 12:30:00+00:00,1,0.75
2023-12-05 18:30:00+00:00,-1,0.75
2023-12-05 20:30:00+00:00,1,0.75
2023-12-05 21:00:00+00:00,-1,0.75
2023-12-05 21:10:00+00:00,1,0.75
2023-12-06 10:20:00+00:00,-1,0.75
2023-12-06 15:00:00+00:00,1,0.75
2023-12-06 15:50:00+00:00,-1,0.75
2023-12-07 10:20:00+00:00,1,0.75
2023-12-07 15:20:00+00:00,-1,0.75
2023-12-07 15:30:00+00:00,1,0.75
2023-12-07 17:20:00+00:00,-1,0.75
2023-12-07 21:30:00+00:00,1,0.75
2023-12-08 14:20:00+00:00,-1,0.75
2023-12-08 15:40:00+00:00,1,0.75
2023-12-08 17:30:00+00:00,-1,0.75
2023-12-11 17:10:00+00:00,1,0.75
2023-12-11 17:40:00+00:00,-1,0.75
2023-12-12 10:10:00+00:00,1,0.75
2023-12-12 11:10:00+00:00,-1,0.75
2023-12-12 11:50:00+00:00,1,0.75
2023-12-12 19:10:00+00:00,-1,0.75
2023-12-12 23:40:00+00:00,1,0.75
2023-12-13 09:50:00+00:00,-1,0.75
2023-12-13 10:10:00+00:00,1,0.75
2023-12-13 15:50:00+00:00,-1,0.75
2023-12-13 20:30:00+00:00,1,0.75
2023-12-13 21:10:00+00:00,-1,0.75
2023-12-13 22:20:00+00:00,1,0.75
2023-12-14 10:40:00+00:00,-1,0.75
2023-12-15 11:10:00+00:00,1,0.75
2023-12-15 11:50:00+00:00,-1,0.75
2023-12-15 12:40:00+00:00,1,0.75
2023-12-18 17:50:00+00:00,-1,0.75
2023-12-18 22:00:00+00:00,1,0.75
2023-12-19 14:20:00+00:00,-1,0.75
2023-12-19 19:00:00+00:00,1,0.75
2023-12-19 22:40:00+00:00,-1,0.75
2023-12-20 10:00:00+00:00,1,0.75
2023-12-20 17:50:00+00:00,-1,0.75
2023-12-21 13:20:00+00:00,1,0.75
2023-12-21 13:30:00+00:00,-1,0.75
2023-12-21 16:40:00+00:00,1,0.75
2023-12-21 16:50:00+00:00,-1,0.75
2023-12-21 17:40:00+00:00,1,0.75
2023-12-21 19:00:00+00:00,-1,0.75
2023-12-21 19:10:00+00:00,1,0.75
2023-12-21 23:30:00+00:00,-1,0.75
2023-12-22 10:00:00+00:00,1,0.75
2023-12-22 14:20:00+00:00,-1,0.75
2023-12-22 15:00:00+00:00,1,0.75
2023-12-22 18:30:00+00:00,-1,0.75
2023-12-22 19:10:00+00:00,1,0.75
2023-12-22 23:00:00+00:00,-1,0.75
2023-12-22 23:20:00+00:00,1,0.75
2023-12-25 14:30:00+00:00,-1,0.75
2023-12-25 15:00:00+00:00,1,0.75
2023-12-25 20:50:00+00:00,-1,0.75
2023-12-25 22:30:00+00:00,1,0.75
2023-12-26 10:20:00+00:00,-1,0.75
2023-12-26 13:30:00+00:00,1,0.75
2023-12-26 22:20:00+00:00,-1,0.75
2023-12-26 22:30:00+00:00,1,0.75
2023-12-28 11:40:00+00:00,-1,0.75
2023-12-28 14:30:00+00:00,1,0.75
2023-12-28 14:40:00+00:00,-1,0.75
2023-12-28 15:00:00+00:00,1,0.75
2023-12-28 15:20:00+00:00,-1,0.75
2023-12-28 18:30:00+00:00,1,0.75
2023-12-28 19:10:00+00:00,-1,0.75
2023-12-28 19:20:00+00:00,1,0.75
2023-12-28 21:30:00+00:00,-1,0.75
2023-12-28 21:50:00+00:00,1,0.75
2023-12-28 22:10:00+00:00,-1,0.75
2023-12-29 12:20:00+00:00,1,0.75
2023-12-29 18:10:00+00:00,-1,0.75
2023-12-29 18:40:00+00:00,1,0.75
2023-12-29 19:10:00+00:00,-1,0.75
2023-12-29 23:20:00+00:00,1,0.75
2024-01-03 15:40:00+00:00,-1,0.75
2024-01-03 17:20:00+00:00,1,0.75
2024-01-03 17:30:00+00:00,-1,0.75
2024-01-03 18:30:00+00:00,1,0.75
2024-01-03 18:40:00+00:00,-1,0.75
2024-01-03 20:20:00+00:00,1,0.75
2024-01-03 22:50:00+00:00,-1,0.75
2024-01-03 23:20:00+00:00,1,0.75
2024-01-04 09:50:00+00:00,-1,0.75
2024-01-04 12:10:00+00:00,1,0.75
2024-01-04 12:50:00+00:00,-1,0.75
2024-01-04 14:50:00+00:00,1,0.75
2024-01-04 15:10:00+00:00,-1,0.75
2024-01-04 19:40:00+00:00,1,0.75
2024-01-04 21:40:00+00:00,-1,0.75
2024-01-04 22:40:00+00:00,1,0.75
2024-01-05 12:40:00+00:00,-1,0.75
2024-01-05 12:50:00+00:00,1,0.75
2024-01-05 13:40:00+00:00,-1,0.75
2024-01-05 15:50:00+00:00,1,0.75
2024-01-05 16:10:00+00:00,-1,0.75
2024-01-05 16:40:00+00:00,1,0.75
2024-01-08 17:40:00+00:00,-1,0.75
2024-01-08 22:00:00+00:00,1,0.75
2024-01-09 10:30:00+00:00,-1,0.75
2024-01-09 17:40:00+00:00,1,0.75
2024-01-10 10:30:00+00:00,-1,0.75
2024-01-10 15:20:00+00:00,1,0.75
2024-01-10 19:40:00+00:00,-1,0.75
2024-01-11 10:20:00+00:00,1,0.75
2024-01-11 11:20:00+00:00,-1,0.75
2024-01-11 11:50:00+00:00,1,0.75
2024-01-11 15:50:00+00:00,-1,0.75
2024-01-11 18:00:00+00:00,1,0.75
2024-01-11 22:40:00+00:00,-1,0.75
2024-01-11 22:50:00+00:00,1,0.75
2024-01-12 14:10:00+00:00,-1,0.75
2024-01-12 14:30:00+00:00,1,0.75
2024-01-12 19:00:00+00:00,-1,0.75
2024-01-12 21:20:00+00:00,1,0.75
2024-01-15 17:20:00+00:00,-1,0.75
2024-01-15 17:30:00+00:00,1,0.75
2024-01-15 18:30:00+00:00,-1,0.75
2024-01-15 20:40:00+00:00,1,0.75
2024-01-16 10:10:00+00:00,-1,0.75
2024-01-16 14:10:00+00:00,1,0.75
2024-01-16 15:00:00+00:00,-1,0.75
2024-01-16 22:50:00+00:00,1,0.75
2024-01-17 09:50:00+00:00,-1,0.75
2024-01-17 10:00:00+00:00,1,0.75
2024-01-17 12:00:00+00:00,-1,0.75
2024-01-17 15:40:00+00:00,1,0.75
2024-01-17 16:30:00+00:00,-1,0.75
2024-01-17 17:50:00+00:00,1,0.75
2024-01-17 18:40:00+00:00,-1,0.75
2024-01-17 21:00:00+00:00,1,0.75
2024-01-17 23:00:00+00:00,-1,0.75
2024-01-17 23:20:00+00:00,1,0.75
2024-01-18 10:10:00+00:00,-1,0.75
2024-01-18 10:20:00+00:00,1,0.75
2024-01-18 10:50:00+00:00,-1,0.75
2024-01-18 18:30:00+00:00,1,0.75
2024-01-18 21:10:00+00:00,-1,0.75
2024-01-19 17:50:00+00:00,1,0.75
2024-01-19 20:00:00+00:00,-1,0.75
2024-01-22 09:50:00+00:00,1,0.75
2024-01-22 10:00:00+00:00,-1,0.75
2024-01-22 10:40:00+00:00,1,0.75
2024-01-22 16:10:00+00:00,-1,0.75
2024-01-22 18:20:00+00:00,1,0.75
2024-01-22 20:30:00+00:00,-1,0.75
2024-01-22 21:40:00+00:00,1,0.75
2024-01-23 14:20:00+00:00,-1,0.75
2024-01-23 19:00:00+00:00,1,0.75
2024-01-24 10:20:00+00:00,-1,0.75
2024-01-24 10:50:00+00:00,1,0.75
2024-01-24 14:20:00+00:00,-1,0.75
2024-01-24 16:20:00+00:00,1,0.75
2024-01-24 19:10:00+00:00,-1,0.75
2024-01-24 20:10:00+00:00,1,0.75
2024-01-24 21:30:00+00:00,-1,0.75
2024-01-24 22:30:00+00:00,1,0.75
2024-01-25 10:10:00+00:00,-1,0.75
2024-01-25 10:20:00+00:00,1,0.75
2024-01-26 17:00:00+00:00,-1,0.75
2024-01-26 18:00:00+00:00,1,0.75
2024-01-26 19:40:00+00:00,-1,0.75
2024-01-26 19:50:00+00:00,1,0.75
2024-01-26 20:00:00+00:00,-1,0.75
2024-01-26 20:20:00+00:00,1,0.75
2024-01-26 21:20:00+00:00,-1,0.75
2024-01-26 22:20:00+00:00,1,0.75
2024-01-26 22:30:00+00:00,-1,0.75
2024-01-26 22:50:00+00:00,1,0.75
2024-01-29 16:40:00+00:00,-1,0.75
2024-01-29 17:00:00+00:00,1,0.75
2024-01-29 17:10:00+00:00,-1,0.75
2024-01-29 17:50:00+00:00,1,0.75
2024-01-30 11:40:00+00:00,-1,0.75
2024-01-30 12:20:00+00:00,1,0.75
2024-01-30 13:10:00+00:00,-1,0.75
2024-01-30 13:40:00+00:00,1,0.75
2024-01-30 20:20:00+00:00,-1,0.75
2024-01-30 23:30:00+00:00,1,0.75
2024-01-31 11:00:00+00:00,-1,0.75
2024-01-31 20:20:00+00:00,1,0.75
2024-01-31 21:00:00+00:00,-1,0.75
2024-02-01 10:10:00+00:00,1,0.75
2024-02-01 17:20:00+00:00,-1,0.75
2024-02-01 18:20:00+00:00,1,0.75
2024-02-01 19:00:00+00:00,-1,0.75
2024-02-01 22:30:00+00:00,1,0.75
2024-02-02 10:40:00+00:00,-1,0.75
2024-02-02 14:50:00+00:00,1,0.75
2024-02-02 18:30:00+00:00,-1,0.75
2024-02-02 20:10:00+00:00,1,0.75
2024-02-05 09:50:00+00:00,-1,0.75
2024-02-05 14:20:00+00:00,1,0.75
2024-02-05 21:10:00+00:00,-1,0.75
2024-02-06 13:30:00+00:00,1,0.75
2024-02-08 12:10:00+00:00,-1,0.75
2024-02-08 13:50:00+00:00,1,0.75
2024-02-08 16:30:00+00:00,-1,0.75
2024-02-08 23:00:00+00:00,1,0.75
2024-02-09 10:20:00+00:00,-1,0.75
2024-02-09 21:20:00+00:00,1,0.75
2024-02-12 10:40:00+00:00,-1,0.75
2024-02-12 12:30:00+00:00,1,0.75
2024-02-12 16:20:00+00:00,-1,0.75
2024-02-12 16:50:00+00:00,1,0.75
2024-02-12 17:30:00+00:00,-1,0.75
2024-02-12 17:40:00+00:00,1,0.75
2024-02-13 23:00:00+00:00,-1,0.75
2024-02-14 09:50:00+00:00,1,0.75
2024-02-14 11:30:00+00:00,-1,0.75
2024-02-14 13:40:00+00:00,1,0.75
2024-02-14 13:50:00+00:00,-1,0.75
2024-02-14 14:30:00+00:00,1,0.75
2024-02-14 14:40:00+00:00,-1,0.75
2024-02-14 19:40:00+00:00,1,0.75
2024-02-14 19:50:00+00:00,-1,0.75
2024-02-14 23:00:00+00:00,1,0.75
2024-02-15 10:10:00+00:00,-1,0.75
2024-02-15 13:00:00+00:00,1,0.75
2024-02-15 17:50:00+00:00,-1,0.75
2024-02-15 23:00:00+00:00,1,0.75
2024-02-16 10:00:00+00:00,-1,0.75
2024-02-16 10:20:00+00:00,1,0.75
2024-02-16 10:30:00+00:00,-1,0.75
2024-02-16 16:30:00+00:00,1,0.75
2024-02-16 18:40:00+00:00,-1,0.75
2024-02-16 19:20:00+00:00,1,0.75
2024-02-16 20:20:00+00:00,-1,0.75
2024-02-16 21:40:00+00:00,1,0.75
2024-02-16 22:10:00+00:00,-1,0.75
2024-02-19 09:50:00+00:00,1,0.75
2024-02-19 10:10:00+00:00,-1,0.75
2024-02-19 10:40:00+00:00,1,0.75
2024-02-19 11:00:00+00:00,-1,0.75
2024-02-19 15:30:00+00:00,1,0.75
2024-02-19 16:00:00+00:00,-1,0.75
2024-02-19 16:20:00+00:00,1,0.75
2024-02-19 17:00:00+00:00,-1,0.75
2024-02-20 10:20:00+00:00,1,0.75
2024-02-20 15:30:00+00:00,-1,0.75
2024-02-20 16:10:00+00:00,1,0.75
2024-02-20 16:30:00+00:00,-1,0.75
2024-02-20 23:40:00+00:00,1,0.75
2024-02-21 10:00:00+00:00,-1,0.75
2024-02-21 10:20:00+00:00,1,0.75
2024-02-21 11:30:00+00:00,-1,0.75
2024-02-21 15:50:00+00:00,1,0.75
2024-02-21 16:00:00+00:00,-1,0.75
2024-02-21 16:10:00+00:00,1,0.75
2024-02-21 17:50:00+00:00,-1,0.75
2024-02-21 20:50:00+00:00,1,0.75
2024-02-21 21:10:00+00:00,-1,0.75
2024-02-21 22:40:00+00:00,1,0.75
2024-02-22 12:20:00+00:00,-1,0.75
2024-02-22 13:10:00+00:00,1,0.75
2024-02-22 15:40:00+00:00,-1,0.75
2024-02-22 20:40:00+00:00,1,0.75
2024-02-22 20:50:00+00:00,-1,0.75
2024-02-22 22:00:00+00:00,1,0.75
2024-02-27 10:10:00+00:00,-1,0.75
2024-02-27 17:00:00+00:00,1,0.75
2024-02-27 19:20:00+00:00,-1,0.75
2024-02-27 21:40:00+00:00,1,0.75
2024-02-28 10:10:00+00:00,-1,0.75
2024-02-28 10:40:00+00:00,1,0.75
2024-02-28 12:30:00+00:00,-1,0.75
2024-02-28 17:20:00+00:00,1,0.75
2024-02-28 18:00:00+00:00,-1,0.75
2024-02-28 20:10:00+00:00,1,0.75
2024-02-29 10:30:00+00:00,-1,0.75
2024-02-29 13:20:00+00:00,1,0.75
2024-02-29 17:50:00+00:00,-1,0.75
2024-02-29 18:00:00+00:00,1,0.75
2024-02-29 19:00:00+00:00,-1,0.75
2024-02-29 19:10:00+00:00,1,0.75
2024-02-29 19:20:00+00:00,-1,0.75
2024-02-29 21:10:00+00:00,1,0.75
2024-02-29 22:40:00+00:00,-1,0.75
2024-02-29 23:40:00+00:00,1,0.75
2024-03-01 20:00:00+00:00,-1,0.75
2024-03-01 21:40:00+00:00,1,0.75
2024-03-04 17:20:00+00:00,-1,0.75
2024-03-04 19:50:00+00:00,1,0.75
2024-03-05 10:20:00+00:00,-1,0.75
2024-03-05 16:40:00+00:00,1,0.75
2024-03-05 18:10:00+00:00,-1,0.75
2024-03-05 23:30:00+00:00,1,0.75
2024-03-05 23:40:00+00:00,-1,0.75
2024-03-06 13:40:00+00:00,1,0.75
2024-03-06 15:30:00+00:00,-1,0.75
2024-03-06 15:40:00+00:00,1,0.75
2024-03-06 15:50:00+00:00,-1,0.75
2024-03-07 10:40:00+00:00,1,0.75
2024-03-07 16:00:00+00:00,-1,0.75
2024-03-07 18:10:00+00:00,1,0.75
2024-03-07 18:20:00+00:00,-1,0.75
2024-03-07 18:30:00+00:00,1,0.75
2024-03-07 19:20:00+00:00,-1,0.75
2024-03-07 19:50:00+00:00,1,0.75
2024-03-11 10:10:00+00:00,-1,0.75
2024-03-11 17:40:00+00:00,1,0.75
2024-03-11 19:50:00+00:00,-1,0.75
2024-03-11 20:20:00+00:00,1,0.75
2024-03-11 21:30:00+00:00,-1,0.75
2024-03-12 15:40:00+00:00,1,0.75
2024-03-12 15:50:00+00:00,-1,0.75
2024-03-12 16:10:00+00:00,1,0.75
2024-03-12 16:50:00+00:00,-1,0.75
2024-03-12 23:20:00+00:00,1,0.75
2024-03-13 18:40:00+00:00,-1,0.75
2024-03-13 20:10:00+00:00,1,0.75
2024-03-13 22:30:00+00:00,-1,0.75
2024-03-14 10:00:00+00:00,1,0.75
2024-03-14 10:40:00+00:00,-1,0.75
2024-03-14 14:10:00+00:00,1,0.75
2024-03-14 15:10:00+00:00,-1,0.75
2024-03-14 17:10:00+00:00,1,0.75
2024-03-15 11:30:00+00:00,-1,0.75
2024-03-15 12:10:00+00:00,1,0.75
2024-03-15 18:40:00+00:00,-1,0.75
2024-03-15 22:30:00+00:00,1,0.75
2024-03-18 09:50:00+00:00,-1,0.75
2024-03-18 10:00:00+00:00,1,0.75
2024-03-18 10:10:00+00:00,-1,0.75
2024-03-18 10:20:00+00:00,1,0.75
2024-03-18 11:20:00+00:00,-1,0.75
2024-03-18 12:10:00+00:00,1,0.75
2024-03-18 20:00:00+00:00,-1,0.75
2024-03-18 20:50:00+00:00,1,0.75
2024-03-18 22:40:00+00:00,-1,0.75
2024-03-19 10:00:00+00:00,1,0.75
2024-03-19 17:10:00+00:00,-1,0.75
2024-03-19 19:40:00+00:00,1,0.75
2024-03-19 20:20:00+00:00,-1,0.75
2024-03-20 09:50:00+00:00,1,0.75
2024-03-20 15:20:00+00:00,-1,0.75
2024-03-20 15:40:00+00:00,1,0.75
2024-03-20 15:50:00+00:00,-1,0.75
2024-03-20 16:40:00+00:00,1,0.75
2024-03-21 11:00:00+00:00,-1,0.75
2024-03-21 20:00:00+00:00,1,0.75
2024-03-22 10:00:00+00:00,-1,0.75
2024-03-22 12:00:00+00:00,1,0.75
2024-03-22 17:20:00+00:00,-1,0.75
2024-03-22 18:40:00+00:00,1,0.75
2024-03-22 19:00:00+00:00,-1,0.75
2024-03-22 20:00:00+00:00,1,0.75
2024-03-22 20:30:00+00:00,-1,0.75
2024-03-25 10:10:00+00:00,1,0.75
2024-03-26 13:20:00+00:00,-1,0.75
2024-03-26 18:20:00+00:00,1,0.75
2024-03-26 18:30:00+00:00,-1,0.75
2024-03-26 19:00:00+00:00,1,0.75
2024-03-27 10:20:00+00:00,-1,0.75
2024-03-27 14:30:00+00:00,1,0.75
2024-03-27 15:10:00+00:00,-1,0.75
2024-03-27 15:50:00+00:00,1,0.75
2024-03-27 18:30:00+00:00,-1,0.75
2024-03-27 18:40:00+00:00,1,0.75
2024-03-27 20:40:00+00:00,-1,0.75
2024-03-27 21:30:00+00:00,1,0.75
2024-03-27 23:40:00+00:00,-1,0.75
2024-03-28 09:50:00+00:00,1,0.75
2024-03-28 10:00:00+00:00,-1,0.75
2024-03-28 10:20:00+00:00,1,0.75
2024-03-28 12:10:00+00:00,-1,0.75
2024-03-28 12:30:00+00:00,1,0.75
2024-03-28 14:30:00+00:00,-1,0.75
2024-03-28 22:00:00+00:00,1,0.75
2024-03-29 10:10:00+00:00,-1,0.75
2024-03-29 17:00:00+00:00,1,0.75
2024-03-29 19:50:00+00:00,-1,0.75
2024-03-29 23:40:00+00:00,1,0.75
2024-04-01 12:30:00+00:00,-1,0.75
2024-04-01 15:20:00+00:00,1,0.75
2024-04-01 16:20:00+00:00,-1,0.75
2024-04-01 21:20:00+00:00,1,0.75
2024-04-01 22:40:00+00:00,-1,0.75
2024-04-02 09:50:00+00:00,1,0.75
2024-04-02 10:00:00+00:00,-1,0.75
2024-04-02 17:20:00+00:00,1,0.75
2024-04-02 18:20:00+00:00,-1,0.75
2024-04-03 09:50:00+00:00,1,0.75
2024-04-03 10:00:00+00:00,-1,0.75
2024-04-03 10:30:00+00:00,1,0.75
2024-04-03 21:00:00+00:00,-1,0.75
2024-04-03 21:10:00+00:00,1,0.75
2024-04-03 23:00:00+00:00,-1,0.75
2024-04-03 23:10:00+00:00,1,0.75
2024-04-04 13:30:00+00:00,-1,0.75
2024-04-04 15:10:00+00:00,1,0.75
2024-04-04 23:10:00+00:00,-1,0.75
2024-04-05 10:20:00+00:00,1,0.75
2024-04-05 15:50:00+00:00,-1,0.75
2024-04-05 17:40:00+00:00,1,0.75
2024-04-05 18:40:00+00:00,-1,0.75
2024-04-05 20:00:00+00:00,1,0.75
2024-04-05 22:00:00+00:00,-1,0.75
2024-04-05 22:50:00+00:00,1,0.75
2024-04-08 11:30:00+00:00,-1,0.75
2024-04-08 18:00:00+00:00,1,0.75
2024-04-08 19:50:00+00:00,-1,0.75
2024-04-08 21:10:00+00:00,1,0.75
2024-04-09 10:00:00+00:00,-1,0.75
2024-04-09 13:00:00+00:00,1,0.75
2024-04-09 13:40:00+00:00,-1,0.75
2024-04-09 18:10:00+00:00,1,0.75
2024-04-09 20:40:00+00:00,-1,0.75
2024-04-09 21:10:00+00:00,1,0.75
2024-04-10 10:20:00+00:00,-1,0.75
2024-04-10 11:10:00+00:00,1,0.75
2024-04-10 17:20:00+00:00,-1,0.75
2024-04-10 17:40:00+00:00,1,0.75
2024-04-10 17:50:00+00:00,-1,0.75
2024-04-10 22:00:00+00:00,1,0.75
2024-04-10 22:10:00+00:00,-1,0.75
2024-04-10 23:20:00+00:00,1,0.75
2024-04-11 10:30:00+00:00,-1,0.75
2024-04-11 23:30:00+00:00,1,0.75
2024-04-12 19:30:00+00:00,-1,0.75
2024-04-12 21:00:00+00:00,1,0.75
2024-04-12 21:50:00+00:00,-1,0.75
2024-04-12 23:30:00+00:00,1,0.75
2024-04-15 18:10:00+00:00,-1,0.75
2024-04-15 23:20:00+00:00,1,0.75
2024-04-16 10:10:00+00:00,-1,0.75
2024-04-16 10:30:00+00:00,1,0.75
2024-04-16 13:00:00+00:00,-1,0.75
2024-04-16 15:20:00+00:00,1,0.75
2024-04-16 16:00:00+00:00,-1,0.75
2024-04-16 17:50:00+00:00,1,0.75
2024-04-16 19:30:00+00:00,-1,0.75
2024-04-16 20:10:00+00:00,1,0.75
2024-04-16 20:30:00+00:00,-1,0.75
2024-04-16 21:20:00+00:00,1,0.75
2024-04-18 10:10:00+00:00,-1,0.75
2024-04-18 16:20:00+00:00,1,0.75
2024-04-18 22:10:00+00:00,-1,0.75
2024-04-18 22:40:00+00:00,1,0.75
2024-04-18 23:10:00+00:00,-1,0.75
2024-04-18 23:30:00+00:00,1,0.75
2024-04-19 10:00:00+00:00,-1,0.75
2024-04-19 11:00:00+00:00,1,0.75
2024-04-19 18:20:00+00:00,-1,0.75
2024-04-19 22:10:00+00:00,1,0.75
2024-04-19 22:40:00+00:00,-1,0.75
2024-04-19 23:20:00+00:00,1,0.75
2024-04-22 15:40:00+00:00,-1,0.75
2024-04-22 21:40:00+00:00,1,0.75
2024-04-23 10:20:00+00:00,-1,0.75
2024-04-23 12:50:00+00:00,1,0.75
2024-04-23 13:00:00+00:00,-1,0.75
2024-04-23 14:10:00+00:00,1,0.75
2024-04-23 14:40:00+00:00,-1,0.75
2024-04-24 14:30:00+00:00,1,0.75
2024-04-24 15:00:00+00:00,-1,0.75
2024-04-24 20:00:00+00:00,1,0.75
2024-04-24 22:20:00+00:00,-1,0.75
2024-04-24 23:10:00+00:00,1,0.75
2024-04-25 09:50:00+00:00,-1,0.75
2024-04-25 10:00:00+00:00,1,0.75
2024-04-25 10:30:00+00:00,-1,0.75
2024-04-25 13:10:00+00:00,1,0.75
2024-04-25 18:40:00+00:00,-1,0.75
2024-04-25 20:10:00+00:00,1,0.75
2024-04-26 10:10:00+00:00,-1,0.75
2024-04-26 12:10:00+00:00,1,0.75
2024-04-27 10:50:00+00:00,-1,0.75
2024-04-27 11:50:00+00:00,1,0.75
2024-04-27 12:40:00+00:00,-1,0.75
2024-04-27 13:50:00+00:00,1,0.75
2024-04-27 15:10:00+00:00,-1,0.75
2024-04-29 09:50:00+00:00,1,0.75
2024-04-29 10:50:00+00:00,-1,0.75
2024-04-29 16:40:00+00:00,1,0.75
2024-04-29 21:50:00+00:00,-1,0.75
2024-04-29 22:50:00+00:00,1,0.75
2024-04-30 11:00:00+00:00,-1,0.75
2024-04-30 12:30:00+00:00,1,0.75
2024-04-30 12:50:00+00:00,-1,0.75
2024-04-30 17:50:00+00:00,1,0.75
2024-04-30 18:40:00+00:00,-1,0.75
2024-04-30 20:40:00+00:00,1,0.75
2024-05-02 11:50:00+00:00,-1,0.75
2024-05-02 16:40:00+00:00,1,0.75
2024-05-03 10:10:00+00:00,-1,0.75
2024-05-03 12:30:00+00:00,1,0.75
2024-05-06 16:00:00+00:00,-1,0.75
2024-05-06 19:10:00+00:00,1,0.75
2024-05-06 23:20:00+00:00,-1,0.75
2024-05-07 10:00:00+00:00,1,0.75
2024-05-07 10:20:00+00:00,-1,0.75
2024-05-07 11:10:00+00:00,1,0.75
2024-05-07 11:50:00+00:00,-1,0.75
2024-05-07 15:00:00+00:00,1,0.75
2024-05-08 11:00:00+00:00,-1,0.75
2024-05-08 11:20:00+00:00,1,0.75
2024-05-08 12:10:00+00:00,-1,0.75
2024-05-08 12:30:00+00:00,1,0.75
2024-05-08 13:00:00+00:00,-1,0.75
2024-05-08 22:50:00+00:00,1,0.75
2024-05-08 23:10:00+00:00,-1,0.75
2024-05-08 23:30:00+00:00,1,0.75
2024-05-10 21:50:00+00:00,-1,0.75
2024-05-10 22:10:00+00:00,1,0.75
2024-05-13 16:00:00+00:00,-1,0.75
2024-05-13 20:20:00+00:00,1,0.75
2024-05-13 22:00:00+00:00,-1,0.75
2024-05-14 10:00:00+00:00,1,0.75
2024-05-14 15:30:00+00:00,-1,0.75
2024-05-14 16:40:00+00:00,1,0.75
2024-05-14 18:30:00+00:00,-1,0.75
2024-05-14 21:10:00+00:00,1,0.75
2024-05-14 21:40:00+00:00,-1,0.75
2024-05-14 21:50:00+00:00,1,0.75
2024-05-15 10:50:00+00:00,-1,0.75
2024-05-15 18:40:00+00:00,1,0.75
2024-05-15 20:00:00+00:00,-1,0.75
2024-05-16 11:50:00+00:00,1,0.75
2024-05-16 19:50:00+00:00,-1,0.75
2024-05-20 15:00:00+00:00,1,0.75
2024-05-20 16:30:00+00:00,-1,0.75
2024-05-20 21:20:00+00:00,1,0.75
2024-05-21 10:00:00+00:00,-1,0.75
2024-05-21 11:30:00+00:00,1,0.75
2024-05-21 17:50:00+00:00,-1,0.75
2024-05-22 11:10:00+00:00,1,0.75
2024-05-22 18:40:00+00:00,-1,0.75
2024-05-23 10:00:00+00:00,1,0.75
2024-05-23 11:00:00+00:00,-1,0.75
2024-05-23 13:20:00+00:00,1,0.75
2024-05-23 19:00:00+00:00,-1,0.75
2024-05-24 10:20:00+00:00,1,0.75
2024-05-24 15:00:00+00:00,-1,0.75
2024-05-24 22:50:00+00:00,1,0.75
2024-05-24 23:00:00+00:00,-1,0.75
2024-05-24 23:20:00+00:00,1,0.75
2024-05-27 10:00:00+00:00,-1,0.75
2024-05-27 12:50:00+00:00,1,0.75
2024-05-27 15:20:00+00:00,-1,0.75
2024-05-27 16:40:00+00:00,1,0.75
2024-05-27 17:50:00+00:00,-1,0.75
2024-05-28 10:20:00+00:00,1,0.75
2024-05-28 14:50:00+00:00,-1,0.75
2024-05-29 10:10:00+00:00,1,0.75
2024-05-29 11:00:00+00:00,-1,0.75
2024-05-29 12:00:00+00:00,1,0.75
2024-05-29 16:00:00+00:00,-1,0.75
2024-05-29 19:00:00+00:00,1,0.75
2024-05-29 21:50:00+00:00,-1,0.75
2024-05-30 10:00:00+00:00,1,0.75
2024-05-30 14:40:00+00:00,-1,0.75
2024-05-30 16:20:00+00:00,1,0.75
2024-05-30 17:40:00+00:00,-1,0.75
2024-05-31 10:00:00+00:00,1,0.75
2024-05-31 10:10:00+00:00,-1,0.75
2024-05-31 11:40:00+00:00,1,0.75
2024-05-31 12:20:00+00:00,-1,0.75
2024-05-31 14:10:00+00:00,1,0.75
2024-05-31 17:20:00+00:00,-1,0.75
2024-05-31 20:00:00+00:00,1,0.75
2024-05-31 20:40:00+00:00,-1,0.75
2024-06-03 09:50:00+00:00,1,0.75
2024-06-03 11:40:00+00:00,-1,0.75
2024-06-03 16:30:00+00:00,1,0.75
2024-06-04 11:30:00+00:00,-1,0.75
2024-06-04 13:00:00+00:00,1,0.75
2024-06-04 20:00:00+00:00,-1,0.75
2024-06-04 20:40:00+00:00,1,0.75
2024-06-05 11:30:00+00:00,-1,0.75
2024-06-05 12:50:00+00:00,1,0.75
2024-06-05 18:10:00+00:00,-1,0.75
2024-06-06 10:20:00+00:00,1,0.75
2024-06-06 19:30:00+00:00,-1,0.75
2024-06-06 22:10:00+00:00,1,0.75
2024-06-06 23:30:00+00:00,-1,0.75
2024-06-07 09:50:00+00:00,1,0.75
2024-06-07 15:30:00+00:00,-1,0.75
2024-06-07 18:00:00+00:00,1,0.75
2024-06-07 21:10:00+00:00,-1,0.75
2024-06-10 10:20:00+00:00,1,0.75
2024-06-10 11:20:00+00:00,-1,0.75
2024-06-11 17:00:00+00:00,1,0.75
2024-06-11 17:30:00+00:00,-1,0.75
2024-06-11 17:40:00+00:00,1,0.75
2024-06-11 22:20:00+00:00,-1,0.75
2024-06-13 13:10:00+00:00,1,0.75
2024-06-13 17:50:00+00:00,-1,0.75
2024-06-14 10:30:00+00:00,1,0.75
2024-06-14 17:50:00+00:00,-1,0.75
2024-06-14 20:40:00+00:00,1,0.75
2024-06-14 22:30:00+00:00,-1,0.75
