symbol,side,entry_time,exit_time,entry_price,exit_price,qty,pnl,pnl_rel,bars_held,entry_reason,exit_reason,post_circuit_breaker,entry_geo_class,entry_geo_valid_box,entry_geo_h_pct,entry_atr_pct,entry_slope_pct_per_bar,entry_dist_L_pct,entry_dist_U_pct
MTSS,1,2022-01-13 12:00:00+00:00,2022-01-13 14:00:00+00:00,294.95,292.0005,2373.283607391083,-7000.000000000001,-0.007000000000000001,2,v3_long,sl,False,A,True,0.016104424478725208,0.005098990908360921,0.0001525682319037125,0.0631578947368445,0.9368421052631555
MTSS,1,2022-06-10 11:00:00+00:00,2022-06-10 13:00:00+00:00,270.75,272.85,2567.3130193905818,5391.35734072028,0.005429362880886485,2,v3_long,opposite_signal,False,A,True,0.007385524372230428,0.0047502349939572905,4.9852289512556225e-05,0.875,0.125
MTSS,-1,2022-07-08 16:00:00+00:00,2022-07-11 09:00:00+00:00,272.65,268.56025,2563.264075329192,10483.109252077515,0.010499999999999952,65,v3_short,gap_tp,False,A,True,0.01229132269308392,0.006554260269174965,-0.0001962942579343248,0.8805970149253638,0.11940298507463623
MTSS,1,2022-09-16 11:00:00+00:00,2022-09-19 09:00:00+00:00,237.55,236.0,2972.898870195573,-4607.993248803172,-0.0045674594822143035,70,v3_long,timeout,False,A,True,0.014105263157894713,0.004184210526315787,-6.315789473685647e-06,0.2686567164179126,0.7313432835820874
MTSS,1,2022-12-23 11:00:00+00:00,2022-12-23 15:00:00+00:00,225.3,226.85,3120.224284690618,4836.347641270405,0.004815801154016814,4,v3_long,opposite_signal,False,A,True,0.009098979138925926,0.003911451398135825,-4.438526409230621e-06,0.14634146341463888,0.8536585365853612
MTSS,1,2022-12-23 17:00:00+00:00,2022-12-26 09:00:00+00:00,226.85,226.55,3113.828409476242,-934.1485228428195,-0.0009257218426272342,64,v3_long,timeout,False,A,True,0.01102049812651532,0.003884725589596652,-0.00016530747189772978,0.9199999999999932,0.08000000000000682
MTSS,-1,2023-01-20 15:00:00+00:00,2023-01-20 18:00:00+00:00,237.7,240.077,2968.9443446516434,-7057.180707236985,-0.00700000000000003,3,v3_short,sl,False,A,True,0.011569204880100967,0.0037336979385780406,-0.00014093395035759455,0.6909090909090826,0.30909090909091735
MTSS,-1,2023-03-03 14:00:00+00:00,2023-03-06 09:00:00+00:00,258.95,259.65,2706.22917253767,-1894.360420776338,-0.0018922571925081753,67,v3_short,timeout,False,A,True,0.01891891891891894,0.004958976833976823,-0.00015250965250964988,0.9897959183673446,0.01020408163265537
MTSS,1,2023-03-24 11:00:00+00:00,2023-03-24 16:00:00+00:00,254.1,251.559,2752.6642736485096,-6994.519919340854,-0.006999999999999992,5,v3_long,sl,False,A,True,0.006300452845048216,0.0038577968103957606,-9.25379011616469e-05,0.6874999999999989,0.3125000000000011
MTSS,1,2023-04-07 13:00:00+00:00,2023-04-07 16:00:00+00:00,255.5,257.5,2718.4181134659398,5436.8362269318795,0.005479452054794521,3,v3_long,opposite_signal,False,A,True,0.013888888888888933,0.0035211267605633643,0.00017996870109546255,0.2957746478873262,0.7042253521126738
MTSS,-1,2023-04-07 18:00:00+00:00,2023-04-10 09:00:00+00:00,257.25,258.1,2714.719585420408,-2307.5116476074086,-0.0023129251700680893,63,v3_short,timeout,False,A,True,0.013797123979790172,0.003279246016323344,0.0002040419743490089,0.7887323943661979,0.21126760563380215
MTSS,-1,2023-04-13 19:00:00+00:00,2023-04-14 11:00:00+00:00,260.85,259.4,2671.0613578534585,3873.038968887636,0.0038911251677210337,16,v3_short,opposite_signal,False,A,True,0.021455938697318096,0.005477729885057458,0.00010344827586206635,0.5267857142857203,0.47321428571427976
MTSS,1,2023-04-14 13:00:00+00:00,2023-04-17 09:00:00+00:00,259.8,260.15,2692.29208034756,942.3022281215542,0.0009430331023863593,68,v3_long,timeout,False,A,True,0.008849557522123939,0.004611148518661006,2.308580223162405e-05,0.34782608695652495,0.652173913043475
MTSS,1,2023-04-21 14:00:00+00:00,2023-04-24 09:00:00+00:00,265.8,266.4,2633.9996013317573,1580.3997607989645,0.0015801354401804967,67,v3_long,timeout,False,A,True,0.01843144630430685,0.008516315591498944,0.00011848786909911518,0.1428571428571412,0.8571428571428588
MTSS,1,2023-04-27 17:00:00+00:00,2023-05-02 09:00:00+00:00,270.65,273.75,2590.88628807146,8031.747493021585,0.008017735082209557,112,v3_long,timeout,False,A,True,0.010899685941252499,0.0036659430999445718,0.00023646776279327464,0.2033898305084638,0.7966101694915362
MTSS,1,2023-05-05 17:00:00+00:00,2023-05-08 09:00:00+00:00,266.4,267.2,2653.324313482191,2122.659450785783,0.0021021021021021325,64,v3_long,timeout,False,A,True,0.014639639639639556,0.005372560060060042,-8.63363363363389e-05,0.10256410256409733,0.8974358974359027
MTSS,1,2023-05-18 17:00:00+00:00,2023-05-18 19:00:00+00:00,291.6,295.974,2429.1202288312948,10624.971880908002,0.010499999999999919,2,v3_long,tp,False,A,True,0.011316872427983578,0.005342292524005476,0.0003532235939643331,0.25757575757576356,0.7424242424242364
MTSS,-1,2023-05-25 18:00:00+00:00,2023-05-29 09:00:00+00:00,306.1,309.35,2338.3500132108497,-7599.637542935262,-0.007432211695524337,87,v3_short,gap_sl,False,A,True,0.010617445279320483,0.0041857236197321195,9.474028095393587e-05,0.7538461538461678,0.24615384615383215
MTSS,-1,2023-06-01 17:00:00+00:00,2023-06-02 10:00:00+00:00,316.95,320.1195,2241.5181977087445,-7104.491927637928,-0.007000000000000061,17,v3_short,sl,False,A,True,0.00899195456696647,0.004131172109165492,9.93847610033121e-05,0.45614035087719335,0.5438596491228067
MTSS,-1,2023-06-09 16:00:00+00:00,2023-06-13 09:00:00+00:00,326.7,330.0,2159.4002094105913,-7126.020691054976,-0.007070707070707096,89,v3_short,gap_sl,False,A,True,0.00856924254016836,0.003223029839326701,-0.00013465952563121236,0.9821428571428532,0.017857142857146846
MTSS,-1,2023-06-22 21:00:00+00:00,2023-06-22 22:00:00+00:00,346.8,345.55,2019.8611128336263,2524.826391042033,0.0025230680507497116,1,v3_short,opposite_signal,False,A,True,0.007929642445213379,0.003559328143021899,0.000285467128027681,0.6545454545454586,0.3454545454545413
MTSS,1,2023-07-07 11:00:00+00:00,2023-07-10 09:00:00+00:00,295.95,296.05,2372.8846508005777,237.28846508011173,0.00023652644027712764,70,v3_long,timeout,False,A,True,0.01013856032443393,0.004715486650895571,0.00017573504562351917,0.29999999999999244,0.7000000000000076
MTSS,-1,2023-07-14 11:00:00+00:00,2023-07-14 12:00:00+00:00,298.3,296.8,2354.7479528326753,3532.121929249013,0.0035199463627220923,1,v3_short,opposite_signal,False,A,True,0.014745308310991882,0.0040005026809651345,-0.0001524798927613926,0.6704545454545463,0.32954545454545364
MTSS,1,2023-07-14 14:00:00+00:00,2023-07-17 09:00:00+00:00,297.0,295.6,2373.37979690391,-3322.7317156654203,-0.003299663299663246,67,v3_long,timeout,False,A,True,0.011616161616161578,0.004050925925925902,-0.00011616161616161769,0.20289855072463506,0.797101449275365
MTSS,-1,2023-08-03 19:00:00+00:00,2023-08-04 10:00:00+00:00,290.9,293.80899999999997,2415.1525867291016,-7025.678874794937,-0.006999999999999982,15,v3_short,sl,False,A,True,0.011344104503265767,0.0032066431763492454,-6.70333447920224e-05,0.8636363636363503,0.13636363636364968
MTSS,1,2023-08-04 16:00:00+00:00,2023-08-04 19:00:00+00:00,288.8,285.91200000000003,2415.6852917837223,-6976.499122671334,-0.006999999999999943,3,v3_long,sl,False,A,True,0.06977146814404443,0.005626731301939039,-0.0001315789473684234,0.5260545905707198,0.47394540942928015
MTSS,1,2023-08-10 17:00:00+00:00,2023-08-10 18:00:00+00:00,289.3,290.55,2394.6296677541272,2993.287084692659,0.003024541997926028,1,v3_long,opposite_signal,False,A,True,0.00898255311798246,0.0038273017792364757,0.0001658317498704463,0.11538461538461875,0.8846153846153813
MTSS,-1,2023-08-10 23:00:00+00:00,2023-08-14 09:00:00+00:00,290.15,293.35,2394.83599462538,-7663.475182801325,-0.007720144752714223,82,v3_short,gap_sl,False,A,True,0.008960882302257531,0.0033926417370325757,0.00012407375495433477,0.4423076923076797,0.5576923076923203
MTSS,1,2023-08-18 12:00:00+00:00,2023-08-18 13:00:00+00:00,280.8,281.3,2455.4744701303166,1227.7372350651583,0.0012464387464387462,1,v3_long,opposite_signal,False,A,True,0.010507569011576096,0.005827025823686544,-0.0002617987533392666,0.4915254237288116,0.5084745762711884
MTSS,-1,2023-08-18 15:00:00+00:00,2023-08-18 16:00:00+00:00,281.7,284.517,2450.6803240225017,-6903.566472771406,-0.007000000000000019,1,v3_short,sl,False,A,True,0.009228039041703719,0.005273957409050565,-0.00013309671694764863,0.7692307692307625,0.2307692307692375
MTSS,1,2023-08-25 12:00:00+00:00,2023-08-25 15:00:00+00:00,287.8,289.0,2381.946319479495,2858.3355833753667,0.0029186935371785685,3,v3_long,opposite_signal,False,A,True,0.009209383145091146,0.0047132927888792146,-0.00021894005212858225,0.2641509433962244,0.7358490566037756
MTSS,-1,2023-08-25 17:00:00+00:00,2023-08-28 09:00:00+00:00,289.0,290.6,2378.9791891161294,-3806.3667025858613,-0.0038754325259516124,64,v3_short,timeout,False,A,True,0.00934094447327448,0.004119097042034228,-0.00023179380729977667,0.7222222222222211,0.27777777777777896
MTSS,1,2023-09-01 18:00:00+00:00,2023-09-04 09:00:00+00:00,283.55,284.0,2415.307808015346,1086.8885136068782,0.0011109151825074663,63,v3_long,timeout,False,A,True,0.008467101781619253,0.0033956606103369277,-0.00021520550361615886,0.22916666666667357,0.7708333333333264
MTSS,1,2023-09-15 13:00:00+00:00,2023-09-18 09:00:00+00:00,276.6,279.0,2478.746749538236,5948.99219889171,0.006073752711496689,68,v3_long,timeout,False,A,True,0.01409978308026022,0.004852449385394069,-0.00021511207519884473,0.2692307692307737,0.7307692307692263
MTSS,1,2023-09-21 18:00:00+00:00,2023-09-22 11:00:00+00:00,270.0,267.3,2554.7616498574084,-6897.856454614974,-0.00699999999999997,17,v3_long,sl,False,A,True,0.013150583441377865,0.005782320800148162,-0.00025004630487127246,0.5352112676056342,0.46478873239436574
MTSS,-1,2023-09-22 16:00:00+00:00,2023-09-25 09:00:00+00:00,271.05,270.15,2527.0508981489384,2274.3458083341307,0.0023242944106254336,65,v3_short,timeout,False,A,True,0.02415637101235483,0.0056875806749031995,-1.1063986723214255e-05,0.7022900763358801,0.29770992366411986
MTSS,1,2023-09-29 14:00:00+00:00,2023-10-02 09:00:00+00:00,275.5,275.05,2492.0115717208846,-1121.4052072743698,-0.0011433756805807333,67,v3_long,timeout,False,A,True,0.012341197822141478,0.0036864791288566245,0.00014337568058075977,0.2941176470588255,0.7058823529411745
MTSS,1,2023-10-05 20:00:00+00:00,2023-10-06 21:00:00+00:00,271.05,268.3395,2530.02842414319,-6857.642043640179,-0.0070000000000000635,25,v3_long,sl,False,A,True,0.010145729570190002,0.0037585316362294474,9.407858328721469e-05,0.30909090909091735,0.6909090909090826
MTSS,1,2023-10-13 12:00:00+00:00,2023-10-13 17:00:00+00:00,270.95,272.0,2513.2454509446898,2638.9077234919528,0.002712677615796302,5,v3_long,opposite_signal,False,A,True,0.004612546125461255,0.0037015682656826266,-7.011070110701023e-05,0.559999999999991,0.4400000000000091
MTSS,-1,2023-11-10 18:00:00+00:00,2023-11-10 19:00:00+00:00,276.0,275.55,2473.9532258692316,1113.278951641126,0.001141304347826058,1,v3_short,opposite_signal,False,A,True,0.005616959594129413,0.003352056531980408,0.00015944917557528457,0.645161290322576,0.3548387096774241
MTSS,1,2023-12-14 17:00:00+00:00,2023-12-15 14:00:00+00:00,248.75,250.0,2748.102052687665,3435.1275658595814,0.003517587939698492,21,v3_long,opposite_signal,False,A,True,0.015471167369901525,0.004690325497287529,8.237894313843954e-05,0.05194805194804907,0.9480519480519509
MTSS,-1,2023-12-15 17:00:00+00:00,2023-12-18 09:00:00+00:00,250.55,250.55,2737.956395538449,-0.0,-0.0,64,v3_short,timeout,False,A,True,0.018958291758132108,0.004147126322091402,3.7916583516263765e-05,0.8315789473684246,0.16842105263157536
MTSS,1,2023-12-22 17:00:00+00:00,2023-12-25 09:00:00+00:00,248.95,250.0,2755.5532231458465,2893.33088430317,0.0029524000803374494,64,v3_long,timeout,False,A,True,0.009841333601124679,0.0036151837718417295,-0.00028720626631853697,0.3265306122448925,0.6734693877551075
MTSS,-1,2023-12-28 18:00:00+00:00,2024-01-03 09:00:00+00:00,248.8,248.5,2765.3549297474706,829.6064789242727,0.0008440514469453697,135,v3_short,timeout,False,A,True,0.012055455093429777,0.0030515370705244244,-4.420333534257676e-05,0.9333333333333371,0.06666666666666288
MTSS,-1,2024-01-25 21:00:00+00:00,2024-01-29 09:00:00+00:00,269.0,271.5,2559.8551340387276,-6399.637835096819,-0.006505576208178439,84,v3_short,timeout,False,A,True,0.013563730955035429,0.004128344481605339,0.00020624303232998713,0.7671232876712288,0.2328767123287712
MTSS,-1,2024-03-07 20:00:00+00:00,2024-03-11 09:00:00+00:00,289.8,291.45,2360.666958494996,-3895.10048151669,-0.003985507246376756,85,v3_short,timeout,False,A,True,0.008968609865470736,0.002985943428768552,-4.656778199378783e-05,0.3846153846153897,0.6153846153846103
MTSS,1,2024-03-22 13:00:00+00:00,2024-03-22 21:00:00+00:00,291.3,288.387,2339.151095896973,-6813.947142347908,-0.007000000000000026,8,v3_long,sl,False,A,True,0.010298661174047373,0.003937092344661853,0.00013903192584963797,0.26666666666667044,0.7333333333333295
MTSS,1,2024-03-29 11:00:00+00:00,2024-04-01 09:00:00+00:00,297.4,299.25,2275.1343350206616,4208.998519788276,0.004354404841963739,70,v3_long,timeout,False,A,True,0.008910558170813643,0.0034780598520511062,0.0002858103564223269,0.13207547169810147,0.8679245283018985
MTSS,1,2024-04-04 18:00:00+00:00,2024-04-08 09:00:00+00:00,301.0,301.3,2257.7117946810513,677.3135384043411,0.0006976744186046776,87,v3_long,timeout,False,A,True,0.01080093054170821,0.003385676304420058,0.00011964107676968791,0.10769230769231469,0.8923076923076854
MTSS,-1,2024-04-11 17:00:00+00:00,2024-04-12 09:00:00+00:00,303.7,309.5,2239.201085531378,-12987.366296082017,-0.013368455712874573,16,v3_short,gap_sl,False,A,True,0.008891816235797757,0.0031543306438333585,6.586530545033157e-06,0.7037037037036983,0.2962962962963018
MTSS,1,2024-04-26 20:00:00+00:00,2024-04-27 15:00:00+00:00,310.15,307.0485,2163.3216613529653,-6709.542132686194,-0.006999999999999972,19,v3_long,sl,False,A,True,0.034660648073512816,0.005304892793809428,-4.6751571820088526e-05,0.5767441860465106,0.42325581395348943
MTSS,-1,2024-04-27 20:00:00+00:00,2024-04-29 20:00:00+00:00,311.25,310.8,2140.5864538979654,963.2639042540601,0.0010120481927710589,48,v3_short,timeout,False,A,True,0.019274012206874396,0.005014254738194649,4.8185030517185994e-05,0.7083333333333334,0.2916666666666667
MTSS,1,2024-04-30 15:00:00+00:00,2024-05-02 15:00:00+00:00,310.75,310.9,2146.2005422645843,321.93008133963883,0.0003378921962992247,48,v3_long,timeout,False,A,True,0.008364162779475704,0.003178688235789714,7.720765642592816e-05,0.1346153846153922,0.8653846153846079
MTSS,-1,2024-05-23 19:00:00+00:00,2024-05-24 12:00:00+00:00,308.0,305.8,2166.094706382004,4765.408354040384,0.004999999999999974,17,v3_short,opposite_signal,False,A,True,0.01556672612291231,0.0036028457921193574,-0.0001053997081238815,0.9270833333333288,0.07291666666667124
MTSS,1,2024-05-24 14:00:00+00:00,2024-05-27 09:00:00+00:00,304.95,304.1,2198.69800102799,-1868.8933008737165,-0.001951139531070589,67,v3_long,timeout,False,A,True,0.011641252664371247,0.0036993769470405127,-7.870142646335018e-05,0.042253521126754026,0.9577464788732459
MTSS,1,2024-05-30 18:00:00+00:00,2024-05-30 19:00:00+00:00,298.1,295.119,2244.833042948252,-6691.847301028727,-0.006999999999999987,1,v3_long,sl,False,A,True,0.007380073800737969,0.003815833612881581,-0.00019288829251928882,0.15909090909092025,0.8409090909090797
MTSS,1,2024-06-06 19:00:00+00:00,2024-06-07 13:00:00+00:00,293.25,297.64874999999995,2265.986144900781,9967.506554882197,0.010499999999999883,18,v3_long,tp,False,A,True,0.008854077983994629,0.00516665247743913,0.0003405414609228713,0.6730769230769172,0.3269230769230828
MTSS,-1,2024-06-27 17:00:00+00:00,2024-06-28 14:00:00+00:00,292.1,289.5,2298.7938773727196,5976.864081169123,0.006230742896268455,21,v3_short,opposite_signal,False,A,True,0.018144471071550875,0.004316800753166708,-4.792879150975226e-05,0.8584905660377361,0.14150943396226384
MTSS,1,2024-06-28 16:00:00+00:00,2024-07-01 09:00:00+00:00,289.5,291.15,2333.8911794037645,3850.920446016158,0.003989637305699427,65,v3_long,timeout,False,A,True,0.01571403902607498,0.0038313762735278757,2.5902262130892764e-05,0.1758241758241779,0.8241758241758221
MTSS,1,2024-08-01 22:00:00+00:00,2024-08-02 14:00:00+00:00,226.15,223.8885,2999.589390889237,-6783.571407496047,-0.0070000000000000374,16,v3_long,sl,False,A,True,0.021883289124668512,0.004862953138815214,0.0002431476569407604,0.04040404040404371,0.9595959595959563
MTSS,1,2024-08-09 16:00:00+00:00,2024-08-12 09:00:00+00:00,222.45,222.5,3028.1350450184486,151.40675225095686,0.0001573387278040367,65,v3_long,timeout,False,A,True,0.011235955056179775,0.00453651685393257,0.00018202247191011287,0.2799999999999955,0.7200000000000045
MTSS,1,2024-08-16 11:00:00+00:00,2024-08-16 14:00:00+00:00,222.5,220.275,3027.930901082829,-6737.146254909278,-0.006999999999999981,3,v3_long,sl,False,A,True,0.006743088334457182,0.0041160935041582355,-0.0001213755900202262,0.29999999999999244,0.7000000000000076
MTSS,-1,2024-08-29 20:00:00+00:00,2024-08-30 10:00:00+00:00,197.6,195.7,3385.6205623101882,6432.679068389377,0.006730769230769252,14,v3_short,opposite_signal,False,A,True,0.021002024291498004,0.006634299089068834,-0.0002656882591093146,0.5783132530120487,0.4216867469879512
MTSS,1,2024-08-30 12:00:00+00:00,2024-08-30 13:00:00+00:00,196.75,194.7825,3423.1334102178685,-6735.01498460366,-0.007000000000000004,1,v3_long,sl,False,A,True,0.017793594306049824,0.007490785460091516,-0.0002008134214539903,0.4857142857142825,0.5142857142857176
MTSS,1,2024-09-20 18:00:00+00:00,2024-09-20 18:00:00+00:00,205.6,203.54399999999998,3252.8549998596454,-6687.8698797114685,-0.007000000000000039,0,v3_long,sl,False,A,True,0.02164923376307462,0.0060964485526635885,-7.540744344441796e-05,0.06741573033707499,0.932584269662925
MTSS,1,2024-09-27 11:00:00+00:00,2024-09-27 14:00:00+00:00,206.45,207.95,3216.7860453153075,4825.179067972961,0.005085977234197143,3,v3_long,opposite_signal,False,A,True,0.012112403100775193,0.006919210271317819,-0.00013565891472868273,0.41999999999999316,0.5800000000000068
MTSS,-1,2024-09-27 16:00:00+00:00,2024-09-30 09:00:00+00:00,207.75,207.05,3212.915063311317,2249.0405443178856,0.0023586040914560387,65,v3_short,timeout,False,A,True,0.012515042117930177,0.00570848375451263,-9.626955475327642e-06,0.6538461538461509,0.3461538461538491
MTSS,-1,2024-10-10 18:00:00+00:00,2024-10-11 10:00:00+00:00,206.2,205.15,3244.7014199027585,3406.936490897841,0.003564500484965995,16,v3_short,opposite_signal,False,A,True,0.013097259277225404,0.003903407712830459,0.0001406742663109403,0.46296296296296,0.53703703703704
MTSS,1,2024-10-11 12:00:00+00:00,2024-10-14 09:00:00+00:00,205.3,205.5,3270.54207660778,654.1084153215188,0.000681928884559143,69,v3_long,timeout,False,A,True,0.008278548819089442,0.003621865108351592,-4.626247869491058e-05,0.20588235294118779,0.7941176470588123
MTSS,1,2024-10-17 17:00:00+00:00,2024-10-18 10:00:00+00:00,205.95,203.89049999999997,3262.4431377436385,-6719.00164218307,-0.007000000000000049,17,v3_long,sl,False,A,True,0.009951456310679667,0.004695084951456305,-2.4271844660199692e-06,0.36585365853658336,0.6341463414634166
MTSS,-1,2024-11-01 22:00:00+00:00,2024-11-02 21:00:00+00:00,185.4,187.25400000000002,3598.688581816473,-6671.968630687789,-0.0070000000000000505,23,v3_short,sl,False,A,True,0.024541531823085282,0.006320792880258885,-0.0004314994606256742,0.7032967032967052,0.2967032967032947
MTSS,1,2024-12-13 11:00:00+00:00,2024-12-16 09:00:00+00:00,169.15,170.5,3916.798610861914,5287.678124663561,0.0055867573159917,70,v3_long,timeout,False,A,True,0.020100502512562846,0.007934895063553053,-0.000233520543895953,0.4117647058823539,0.5882352941176461
MTSS,1,2024-12-27 18:00:00+00:00,2024-12-28 11:00:00+00:00,195.3,198.2295,3411.304965256309,9993.417895718325,0.010499999999999966,17,v3_long,tp,False,A,True,0.015104966717869884,0.006392409114183315,0.0002022529441884275,0.4237288135593237,0.5762711864406763
MTSS,1,2025-02-21 15:00:00+00:00,2025-02-24 06:00:00+00:00,251.6,253.65,2675.7680931699524,5485.3245909984325,0.005703497615262352,63,v3_long,timeout,False,A,True,0.012909632571996028,0.00490252443422359,0.0005342601787487583,0.3384615384615367,0.6615384615384633
MTSS,-1,2025-03-13 13:00:00+00:00,2025-03-13 19:00:00+00:00,241.7,244.117,2801.2535351893216,-6770.629794552595,-0.007000000000000005,6,v3_short,sl,False,A,True,0.018001241464928593,0.0059187384973918315,3.1036623215394166e-05,0.9655172413793089,0.03448275862069101
MTSS,-1,2025-03-16 15:00:00+00:00,2025-03-16 18:00:00+00:00,246.8,249.268,2724.1634465116376,-6723.2353859906925,-0.00699999999999997,3,v3_short,sl,False,A,True,0.0054700162074554064,0.0035041118914700795,0.00026134521880064553,0.5185185185185334,0.4814814814814667
MTSS,1,2025-03-17 14:00:00+00:00,2025-03-17 14:00:00+00:00,247.0,244.53,2702.9039426270388,-6676.172738288783,-0.006999999999999997,0,v3_long,sl,False,A,True,0.018218623481781375,0.0036194331983805616,0.0002712550607287445,0.13333333333333208,0.8666666666666679
MTSS,-1,2025-04-13 16:00:00+00:00,2025-04-14 11:00:00+00:00,221.2,221.2,2997.0341451721365,-0.0,-0.0,19,v3_short,opposite_signal,False,A,True,0.004972875226039758,0.003968253968253962,0.0001288426763110292,0.9545454545454439,0.045454545454556024
MTSS,-1,2025-04-17 21:00:00+00:00,2025-04-18 12:00:00+00:00,216.75,213.49875,3058.564949998046,9944.159293681143,0.010499999999999995,15,v3_short,tp,False,A,True,0.013145756457564549,0.0064332880170906905,0.00019833948339483185,0.7368421052631574,0.26315789473684265
MTSS,-1,2025-04-24 11:00:00+00:00,2025-04-24 20:00:00+00:00,216.4,215.5,3095.6786710612446,2786.1108039551377,0.0029112754158965065,9,v3_short,opposite_signal,False,A,True,0.01363216266173747,0.0057885008269286786,0.0,0.45762711864406763,0.5423728813559323
MTSS,1,2025-04-24 22:00:00+00:00,2025-04-25 07:00:00+00:00,215.95,217.2,3111.160648207557,3888.9508102594464,0.004051863857374393,9,v3_long,opposite_signal,False,A,True,0.013429034498726584,0.005593400031683724,4.862236628849587e-05,0.29310344827585955,0.7068965517241405
MTSS,-1,2025-04-25 09:00:00+00:00,2025-04-25 11:00:00+00:00,217.2,219.37199999999999,3105.7891691878613,-6745.774075476025,-0.00699999999999999,2,v3_short,sl,False,A,True,0.01105226801749945,0.005180750633202834,4.8353672576563124e-05,0.8749999999999956,0.12500000000000444
MTSS,-1,2025-04-27 13:00:00+00:00,2025-04-28 17:00:00+00:00,220.1,222.301,3043.4137469094517,-6698.5536569476835,-0.006999999999999979,28,v3_short,sl,False,A,True,0.008401453224341483,0.004574965519561335,0.00023614895549500404,0.78378378378378,0.21621621621621995
MTSS,1,2025-04-29 10:00:00+00:00,2025-04-29 16:00:00+00:00,219.95,221.3,3024.1708485333347,4082.6306455200706,0.004296431007047128,6,v3_long,opposite_signal,False,A,True,0.023181818181818158,0.004872159090909076,8.181818181817974e-05,0.35294117647058526,0.6470588235294147
MTSS,-1,2025-04-29 18:00:00+00:00,2025-04-29 18:00:00+00:00,220.0,218.95,3036.473725394413,3188.2974116641685,0.003340909090909127,0,v3_short,opposite_signal,False,A,True,0.015905476028175415,0.005708069102752123,2.0449897750510728e-05,0.5,0.5
MTSS,1,2025-05-04 11:00:00+00:00,2025-05-04 14:00:00+00:00,210.15,211.0,3189.4172152031206,2711.0046329226343,0.002831310968355917,3,v3_long,opposite_signal,False,A,True,0.0042836744407425305,0.004689125107973274,-0.0005188005711565937,1.0555555555555678,-0.055555555555567834
MTSS,-1,2025-05-04 16:00:00+00:00,2025-05-05 14:00:00+00:00,211.65,208.47525000000002,3175.7794992581225,10082.305965269688,0.01049999999999996,22,v3_short,tp,False,A,True,0.013947990543735305,0.003826284913755367,-0.000222222222222219,0.8305084745762722,0.16949152542372783
MTSS,-1,2025-05-15 18:00:00+00:00,2025-05-16 14:00:00+00:00,219.0,217.1,3101.421667551007,5892.701168346931,0.0060730593607306125,20,v3_short,opposite_signal,False,A,True,0.02968036529680365,0.004662340783465524,-0.00028310502283104973,0.9230769230769231,0.07692307692307693
MTSS,-1,2025-05-16 17:00:00+00:00,2025-05-17 18:00:00+00:00,216.85,219.0185,3151.1931566129274,-6833.362360115116,-0.006999999999999982,25,v3_short,sl,False,A,True,0.027469990766389608,0.0058621276182145255,-0.00018698060941828306,0.5630252100840337,0.4369747899159663
MTSS,-1,2025-05-20 23:00:00+00:00,2025-05-21 11:00:00+00:00,219.2,216.6,3095.5879669682154,8048.528714117342,0.00830291970802918,12,v3_short,opposite_signal,False,A,True,0.01823985408116735,0.005901895641977719,-0.0002872777017783863,0.875,0.125
MTSS,1,2025-05-23 13:00:00+00:00,2025-05-26 06:00:00+00:00,215.1,214.4,3180.7849951618546,-2226.549496613262,-0.002278010227800986,65,v3_long,timeout,False,A,True,0.0204556020455601,0.005358584746384774,-0.00016503951650394954,0.12499999999999677,0.8750000000000032
MTSS,-1,2025-05-31 18:00:00+00:00,2025-06-01 11:00:00+00:00,217.9,216.3,3132.759374996262,5012.414999994002,0.005139972464433208,17,v3_short,opposite_signal,False,A,True,0.006883891693437357,0.004228676325968655,1.3767783386875235e-05,0.7000000000000076,0.29999999999999244
MTSS,1,2025-06-01 13:00:00+00:00,2025-06-01 15:00:00+00:00,216.2,214.03799999999998,3173.6214538005615,-6861.369583116833,-0.00700000000000002,2,v3_long,sl,False,A,True,0.015032377428307124,0.0036146229485729937,2.5439407955597196e-05,0.3384615384615367,0.6615384615384633
MTSS,-1,2025-06-02 11:00:00+00:00,2025-06-02 19:00:00+00:00,216.95,219.1195,3140.5116367988003,-6813.339996034995,-0.006999999999999999,8,v3_short,sl,False,A,True,0.01751152073732724,0.0037603686635944763,-5.76036866359447e-05,0.7763157894736789,0.2236842105263211
MTSS,-1,2025-06-08 15:00:00+00:00,2025-06-09 08:00:00+00:00,227.5,229.775,2973.9106004671435,-6765.646616062768,-0.0070000000000000175,17,v3_short,sl,False,A,True,0.007917308115240869,0.0062475054777671925,-0.00047503848691444957,0.722222222222224,0.277777777777776
MTSS,-1,2025-06-11 11:00:00+00:00,2025-06-13 11:00:00+00:00,225.85,223.25,2974.6677395396555,7734.136122803087,0.008058445871153402,48,v3_short,opposite_signal,False,A,True,0.02324551693601948,0.004841359542313827,-0.00031436794332521435,0.7238095238095206,0.27619047619047943
MTSS,1,2025-06-13 13:00:00+00:00,2025-06-13 13:00:00+00:00,224.75,224.05,3013.31525811343,-2109.320680679367,-0.002180200222469375,0,v3_long,opposite_signal,False,A,True,0.010893730546909813,0.0045020008892841445,-3.1124944419744125e-05,0.6734693877550997,0.3265306122449003
MTSS,1,2025-06-13 15:00:00+00:00,2025-06-15 15:00:00+00:00,223.75,225.9,3020.183596802314,6493.394733124992,0.006726256983240241,48,v3_long,timeout,False,A,True,0.010949720670391138,0.004134078212290522,-4.0223463687152366e-05,0.26530612244898005,0.7346938775510199
MTSS,1,2025-06-16 18:00:00+00:00,2025-06-18 08:00:00+00:00,225.2,226.3,3020.921208249136,3323.0133290741182,0.003419182948490302,38,v3_long,opposite_signal,False,A,True,0.011989342806394266,0.003197158081705146,0.00011323268206039127,0.4259259259259193,0.5740740740740807
MTSS,-1,2025-06-18 10:00:00+00:00,2025-06-18 15:00:00+00:00,226.55,228.81550000000001,3013.1872232533974,-6826.37565428058,-0.007000000000000009,5,v3_short,sl,False,A,True,0.008388520971302453,0.0033228767282444485,1.7660044150109374e-05,0.8157894736842141,0.18421052631578594
MTSS,1,2025-06-20 16:00:00+00:00,2025-06-23 06:00:00+00:00,227.85,228.55,2975.0234912006176,2082.516443840483,0.002150537634408654,62,v3_long,timeout,False,A,True,0.009212546611099026,0.003803927454081566,0.00019741171309497696,0.07142857142857337,0.9285714285714266
MTSS,1,2025-06-27 11:00:00+00:00,2025-06-28 10:00:00+00:00,234.3,234.9,2899.3464105025573,1739.6078463015178,0.0017925736235595222,23,v3_long,opposite_signal,False,A,True,0.008536064874093042,0.004706067345059185,0.00020273154075970976,0.5250000000000057,0.4749999999999943
MTSS,-1,2025-06-28 12:00:00+00:00,2025-06-29 13:00:00+00:00,235.0,237.35,2895.891870098554,-6805.345894731586,-0.006999999999999984,25,v3_short,sl,False,A,True,0.005742237345810269,0.0034878774989366285,-4.253509145044904e-05,0.8518518518518596,0.14814814814814034
MTSS,1,2025-07-01 08:00:00+00:00,2025-07-01 10:00:00+00:00,238.25,235.8675,2836.3939028199293,-6757.708473468462,-0.006999999999999981,2,v3_long,sl,False,A,True,0.009859450388084726,0.003237535836654788,0.00018879798615481435,0.5319148936170226,0.46808510638297746
MTSS,1,2025-07-01 12:00:00+00:00,2025-07-02 10:00:00+00:00,237.05,234.67950000000002,2830.7970951926604,-6710.404514154181,-0.0069999999999999785,22,v3_long,sl,False,A,True,0.01434296561906761,0.003796667369753222,0.00010968150179287165,0.3676470588235319,0.6323529411764681
MTSS,-1,2025-07-14 19:00:00+00:00,2025-07-14 19:00:00+00:00,192.65,194.5765,3458.82776151317,-6663.431682555137,-0.007000000000000015,0,v3_short,sl,False,A,True,0.021801193874902612,0.004650921359979226,-0.00018686737607059552,0.8690476190476227,0.13095238095237724
MTSS,-1,2025-07-20 17:00:00+00:00,2025-07-21 08:00:00+00:00,210.15,212.25150000000002,3148.602265418623,-6616.787660777286,-0.007000000000000052,15,v3_short,sl,False,A,True,0.008799048751486299,0.0029770555335359,0.0006040428061831121,0.2702702702702711,0.7297297297297289
MTSS,-1,2025-07-23 08:00:00+00:00,2025-07-24 11:00:00+00:00,210.55,210.8,3120.6222498939896,-780.1555624734974,-0.0008311564948943244,27,v3_short,opposite_signal,False,A,True,0.014241633040588654,0.004884630279710673,-0.0001068122478044149,0.8666666666666742,0.13333333333332575
MTSS,-1,2025-07-25 08:00:00+00:00,2025-07-25 09:00:00+00:00,211.45,210.75,3104.757180522337,2173.3300263656006,0.002317332702766574,1,v3_short,opposite_signal,False,A,True,0.007797731568998003,0.003612824594567696,0.0001984877126654059,0.6969696969696928,0.3030303030303072
MTSS,1,2025-07-25 11:00:00+00:00,2025-07-25 12:00:00+00:00,211.2,211.7,3115.6355910980305,1557.8177955490153,0.0016571969696969697,1,v3_long,opposite_signal,False,A,True,0.0078124999999998924,0.0038314892344497573,0.0001467803030303041,0.5454545454545392,0.4545454545454608
MTSS,1,2025-07-25 14:00:00+00:00,2025-07-25 15:00:00+00:00,211.2,210.25,3120.798812958278,-2964.7588723103286,-0.0031486742424242046,1,v3_long,opposite_signal,False,A,True,0.014678030303030276,0.004118072169059006,-1.8939393939398246e-05,0.6774193548387091,0.3225806451612909
MTSS,1,2025-07-26 18:00:00+00:00,2025-07-28 09:00:00+00:00,209.3,207.20700000000002,3139.213464339088,-6570.373780861678,-0.006999999999999965,39,v3_long,sl,False,A,True,0.0074056378404203675,0.004020203399085393,-0.00011227902532250467,0.32258064516129387,0.6774193548387061
MTSS,-1,2025-07-29 15:00:00+00:00,2025-07-30 07:00:00+00:00,208.45,206.75,3129.9501868053158,5320.915317569001,0.005708803070280605,16,v3_short,opposite_signal,False,A,True,0.017270328615975165,0.0046519403679394005,-0.0002206764212041268,0.9027777777777721,0.09722222222222793
MTSS,1,2025-07-30 09:00:00+00:00,2025-07-31 11:00:00+00:00,206.6,208.45,3176.005600977088,5875.610361807594,0.006268151016456902,26,v3_long,opposite_signal,False,A,True,0.013804795349963782,0.005015869778587904,-0.000104141438604988,0.05263157894736999,0.94736842105263
MTSS,-1,2025-07-31 13:00:00+00:00,2025-08-01 07:00:00+00:00,208.7,210.78699999999998,3163.7550762584174,-6602.756844151282,-0.006999999999999964,18,v3_short,sl,False,A,True,0.022999520843315684,0.004306105464908078,5.7498802108288864e-05,0.7604166666666646,0.23958333333333537
MTSS,1,2025-08-14 11:00:00+00:00,2025-08-15 14:00:00+00:00,221.2,224.51799999999997,2964.0766483916177,9834.806319363339,0.01049999999999995,27,v3_long,tp,False,A,True,0.015596745027124723,0.004336394784429417,0.00010171790235081117,0.34782608695651956,0.6521739130434804
MTSS,1,2025-08-18 14:00:00+00:00,2025-08-18 21:00:00+00:00,221.8,225.12699999999998,2987.097020053111,9938.07178571661,0.010499999999999904,7,v3_long,tp,False,A,True,0.022532672374943667,0.0037764758900405465,4.7318611987382215e-05,0.16000000000000228,0.8399999999999977
MTSS,1,2025-08-21 10:00:00+00:00,2025-08-21 13:00:00+00:00,225.5,226.85,2968.9346753781892,4008.0618117605386,0.004190687361419051,3,v3_long,opposite_signal,False,A,True,0.01285460992907804,0.005569942142590523,0.0001351950354609909,0.5172413793103439,0.4827586206896562
MTSS,-1,2025-08-21 15:00:00+00:00,2025-08-21 15:00:00+00:00,226.45,225.5,2968.869121510329,2820.4256654347787,0.002936630602782036,0,v3_short,opposite_signal,False,A,True,0.01457275336718915,0.005119057303227161,-3.7535879885185375e-05,0.5757575757575718,0.42424242424242814
MTSS,-1,2025-08-22 11:00:00+00:00,2025-08-24 11:00:00+00:00,225.95,224.35,2984.176634351929,4774.68261496307,0.004956848860367321,48,v3_short,timeout,False,A,True,0.01504757689754373,0.0050896215976986075,-0.00011506970568709993,0.7352941176470575,0.2647058823529424
MTSS,-1,2025-08-31 13:00:00+00:00,2025-09-01 08:00:00+00:00,219.0,221.19,3094.1414993711987,-6776.169883622918,-0.006999999999999993,19,v3_short,sl,False,A,True,0.007762557077625519,0.0032639945881954937,-0.0002990867579908681,1.0,0.0
MTSS,-1,2025-09-02 15:00:00+00:00,2025-09-02 20:00:00+00:00,220.1,216.7985,3057.127076073405,10093.10504165636,0.010500000000000013,5,v3_short,tp,False,A,True,0.017268802544876217,0.0035253695785393115,0.0,1.0131578947368376,-0.013157894736837579
MTSS,-1,2025-09-03 14:00:00+00:00,2025-09-04 07:00:00+00:00,218.95,221.1395,3105.452582657758,-6799.388429729191,-0.007000000000000032,17,v3_short,sl,False,A,True,0.012559945192966432,0.003999432179381937,-0.00020324274948618355,0.8545454545454525,0.14545454545454753
MTSS,-1,2025-09-15 13:00:00+00:00,2025-09-15 17:00:00+00:00,214.0,210.79,3155.043322766848,10127.689066081608,0.010500000000000027,4,v3_short,tp,False,A,True,0.01612149532710275,0.003308411214953269,-3.504672897196262e-05,0.5362318840579712,0.4637681159420289
MTSS,1,2025-09-18 14:00:00+00:00,2025-09-19 18:00:00+00:00,211.7,209.583,3222.808943875119,-6822.6865341835955,-0.006999999999999968,28,v3_long,sl,False,A,True,0.01913536498936916,0.005327812799184342,0.00012993149066855658,0.03703703703703158,0.9629629629629685
MTSS,1,2025-09-25 12:00:00+00:00,2025-09-25 12:00:00+00:00,208.85,206.76149999999998,3243.9203870932934,-6774.927728444377,-0.007000000000000037,0,v3_long,sl,False,A,True,0.018194876705769747,0.006608873152476598,0.00018194876705769747,0.2368421052631587,0.7631578947368414
MTSS,-1,2025-09-27 12:00:00+00:00,2025-09-29 11:00:00+00:00,208.2,210.28199999999998,3231.269565007316,-6727.503234345211,-0.006999999999999979,47,v3_short,sl,False,A,True,0.010804321728691477,0.0043628880123477865,-0.0001800720288115246,0.6888888888888813,0.31111111111111867
MTSS,1,2025-09-30 10:00:00+00:00,2025-09-30 15:00:00+00:00,207.05,204.9795,3226.4722104345883,-6680.410711704847,-0.007000000000000034,5,v3_long,sl,False,A,True,0.01762008206613568,0.003922278542119237,2.1723388848662588e-05,0.17808219178082318,0.8219178082191768
MTSS,-1,2025-10-03 12:00:00+00:00,2025-10-03 13:00:00+00:00,204.55,201.48175,3243.044652516686,9950.471755084342,0.010500000000000021,1,v3_short,tp,False,A,True,0.020048899755501195,0.0060609960108094305,-0.00018092909535452267,0.8658536585365894,0.13414634146341067
MTSS,1,2025-10-06 16:00:00+00:00,2025-10-06 18:00:00+00:00,199.65,202.64475,3357.526240424979,10054.951708512644,0.010499999999999935,2,v3_long,tp,False,A,True,0.025306940616386928,0.00418942620897019,9.020295665246862e-05,0.10891089108911092,0.8910891089108891
MTSS,-1,2025-10-12 17:00:00+00:00,2025-10-14 10:00:00+00:00,202.15,200.5,3350.8215686213503,5528.855588225247,0.0057135790254761515,41,v3_short,opposite_signal,False,A,True,0.0037101162503091764,0.0036276692225245297,-0.00019787286668315326,1.0,0.0
MTSS,1,2025-10-14 12:00:00+00:00,2025-10-15 13:00:00+00:00,200.9,200.6,3390.934688942577,-1017.2804066828116,-0.0010452961672474264,25,v3_long,opposite_signal,False,A,True,0.014683922349427518,0.004752053260328515,4.97760079641443e-06,0.305084745762715,0.6949152542372851
MTSS,-1,2025-10-15 15:00:00+00:00,2025-10-16 09:00:00+00:00,201.6,200.5,3375.6283865272103,3713.191225179912,0.0038194444444444244,18,v3_short,opposite_signal,False,A,True,0.013148102207888888,0.004914614440786611,-6.946167204167587e-05,0.849056603773583,0.15094339622641692
MTSS,1,2025-10-16 11:00:00+00:00,2025-10-16 15:00:00+00:00,200.4,203.40599999999998,3408.8119589895787,10246.888748722577,0.0104999999999999,4,v3_long,tp,False,A,True,0.014970059880239521,0.004031410862485561,0.0,0.1999999999999981,0.8000000000000019
MTSS,-1,2025-10-21 14:00:00+00:00,2025-10-21 17:00:00+00:00,211.9,208.7215,3257.6627593469434,10354.481080584304,0.010500000000000044,3,v3_short,tp,False,A,True,0.018404907975460016,0.004812161253879026,-0.0002501179801793304,0.9871794871794914,0.012820512820508523
MTSS,-1,2025-10-30 11:00:00+00:00,2025-10-30 12:00:00+00:00,200.95,202.9595,3471.2459590048593,-6975.468754620274,-0.00700000000000001,1,v3_short,sl,False,A,True,0.00895522388059693,0.005610107357947117,0.00028606965174129354,0.08333333333332149,0.9166666666666785
