strategy,symbol,trend_thr,min_gap_bars,risk_per_trade,sl_atr_mult,total_return,max_drawdown,profit_factor,win_rate,avg_trade,trade_count
trend,YNDX,2.0,20,0.001,1.5,-3.3453917380743547e-06,-2.7675490309242434e-05,0.9963221901393805,0.48273952372161716,-0.00030878638896663025,846
trend,GAZP,2.0,20,0.001,1.5,-0.0004117132650145461,-0.001090807262907778,0.9725563209302868,0.4781516443361754,-0.031342361831192635,1027
trend,ROSN,2.0,20,0.001,1.5,0.00013012347698948545,-0.00023613742058936626,1.0204185656262734,0.48845273597336847,0.009024445314474888,1135
trend,SBER,2.0,20,0.001,1.5,0.0008999704739254266,-0.0004693484968707473,1.0608747052595837,0.4908393970893971,0.05847001519785005,1079
trend,LKOH,2.0,20,0.001,1.5,-2.757197881508855e-05,-3.767449090630315e-05,0.9495999408852058,0.48511515984874526,-0.0018956327820681537,1125
trend,GMKN,2.0,20,0.001,1.5,-0.000712866122227318,-0.001495134612555793,0.966555468177187,0.47897908063096606,-0.04826119573673314,1166
trend,YNDX,2.0,20,0.001,2.0,-2.508976361448312e-06,-2.075665839229579e-05,0.9963222905254981,0.48273952372161716,-0.00023158356668258188,846
trend,GAZP,2.0,20,0.001,2.0,-0.0003087820319124246,-0.0008182123694294718,0.9725580049336219,0.4781516443361754,-0.023506549323419095,1027
trend,ROSN,2.0,20,0.001,2.0,9.75939226770528e-05,-0.00017710722084751662,1.020419617877189,0.48845273597336847,0.006768425180462928,1135
trend,SBER,2.0,20,0.001,2.0,0.0006749383340554083,-0.00035202466078665395,1.0608820007906838,0.4908393970893971,0.04384994374060124,1079
trend,LKOH,2.0,20,0.001,2.0,-2.0679028754133633e-05,-2.8255989885983546e-05,0.9496000527115983,0.48511515984874526,-0.0014217276558383906,1125
trend,GMKN,2.0,20,0.001,2.0,-0.0005346650979684009,-0.0011215398702743018,0.9665558936583412,0.47897908063096606,-0.03619694658238287,1166
trend,YNDX,2.0,20,0.001,2.5,-2.0071487167871993e-06,-1.6605346230602613e-05,0.9963223507571939,0.48273952372161716,-0.00018526386532035207,846
trend,GAZP,2.0,20,0.001,2.5,-0.00024702422427846926,-0.000654621225047558,0.9725590153938712,0.4781516443361754,-0.018805132786119033,1027
trend,ROSN,2.0,20,0.001,2.5,7.807576925378257e-05,-0.00014168777130385557,1.0204202492453374,0.48845273597336847,0.005414783913844263,1135
trend,SBER,2.0,20,0.001,2.5,0.0005399316959198153,-0.0002816261068152581,1.0608863785449345,0.4908393970893971,0.035078722448009976,1079
trend,LKOH,2.0,20,0.001,2.5,-1.6543244431788118e-05,-2.2604850328233894e-05,0.9496001198073605,0.48511515984874526,-0.0011373835979280537,1125
trend,GMKN,2.0,20,0.001,2.5,-0.00042773951894448103,-0.0008973225874520097,0.9665561491297755,0.47897908063096606,-0.02895806099414172,1166
trend,YNDX,2.0,20,0.0015,1.5,-5.018357374542148e-06,-4.151307282229677e-05,0.9963219893673015,0.48273952372161716,-0.0004632044835356743,846
trend,GAZP,2.0,20,0.0015,1.5,-0.0006175815467267531,-0.0016357833119785559,0.9725529532877647,0.4781516443361754,-0.04701442956202793,1027
trend,ROSN,2.0,20,0.0015,1.5,0.00019517995485696105,-0.00035418950975019126,1.0204164612344286,0.48845273597336847,0.01353630313176458,1135
trend,SBER,2.0,20,0.0015,1.5,0.0013501137799039054,-0.0007039695909261123,1.060860116919431,0.4908393970893971,0.08771529235342461,1079
trend,LKOH,2.0,20,0.0015,1.5,-4.1357789651530474e-05,-5.65112495379827e-05,0.949599717231966,0.48511515984874526,-0.002843436895944535,1125
trend,GMKN,2.0,20,0.0015,1.5,-0.0010692371198295358,-0.002241946494437874,0.966554618357063,0.47897908063096606,-0.07238759189151166,1166
trend,YNDX,2.0,20,0.0015,2.0,-3.763616286844851e-06,-3.1134896102624765e-05,0.9963221399463413,0.48273952372161716,-0.0003473893563613937,846
trend,GAZP,2.0,20,0.0015,2.0,-0.00046317960907238387,-0.001227077989080394,0.9725554789741329,0.4781516443361754,-0.03526032346775522,1027
trend,ROSN,2.0,20,0.0015,2.0,0.00014638792532872813,-0.000265651481654694,1.020418039514564,0.48845273597336847,0.0101524325770616,1135
trend,SBER,2.0,20,0.0015,2.0,0.0010124964226572164,-0.0005280070927063951,1.0608710578343101,0.4908393970893971,0.06578069274020787,1079
trend,LKOH,2.0,20,0.0015,2.0,-3.101844268504905e-05,-4.238371099019034e-05,0.9495998849719527,0.48511515984874526,-0.002132584577860411,1125
trend,GMKN,2.0,20,0.0015,2.0,-0.0008019627541893115,-0.0016818847765183165,0.9665552555793805,0.47897908063096606,-0.054293057625706756,1166
trend,YNDX,2.0,20,0.0015,2.5,-3.0108201920509003e-06,-2.4907960795239603e-05,0.9963222302938213,0.48273952372161716,-0.0002779047620516323,846
trend,GAZP,2.0,20,0.0015,2.5,-0.0003705405388623184,-0.0009817778567372537,0.9725569945170575,0.4781516443361754,-0.028208019097319487,1027
trend,ROSN,2.0,20,0.0015,2.5,0.00011711176048057048,-0.0002125256731133618,1.02041898652224,0.48845273597336847,0.008122044557915141,1135
trend,SBER,2.0,20,0.0015,2.5,0.0008099544566630978,-0.0004224200255321664,1.0608776233631312,0.4908393970893971,0.05262178122810698,1079
trend,LKOH,2.0,20,0.0015,2.5,-2.481480236227185e-05,-3.3907100234542575e-05,0.9495999856157812,0.48511515984874526,-0.0017060709771194362,1125
trend,GMKN,2.0,20,0.0015,2.5,-0.0006415869539474484,-0.0013457118232543808,0.9665556383239625,0.47897908063096606,-0.043435580119654815,1166
trend,YNDX,2.0,20,0.002,1.5,-6.691502854594411e-06,-5.535054690641861e-05,0.996321788595431,0.48273952372161716,-0.0006176391780128188,846
trend,GAZP,2.0,20,0.002,1.5,-0.0008234575622447782,-0.002180474495602547,0.9725495861309531,0.4781516443361754,-0.06268708604177325,1027
trend,ROSN,2.0,20,0.002,1.5,0.0002602329240626311,-0.00047223051902245405,1.0204143569892243,0.48845273597336847,0.018047917613052838,1135
trend,SBER,2.0,20,0.002,1.5,0.0018003624358042813,-0.0009385552454500568,1.0608455322079409,0.4908393970893971,0.11696741396856816,1079
trend,LKOH,2.0,20,0.002,1.5,-5.514348144008974e-05,-7.534768362871258e-05,0.9495994935781175,0.48511515984874526,-0.0037912328250338436,1125
trend,GMKN,2.0,20,0.002,1.5,-0.0014255666736631145,-0.002988255149340757,0.966553770059939,0.47897908063096606,-0.09651118229389541,1166
trend,YNDX,2.0,20,0.002,2.0,-5.018357374542148e-06,-4.151307282229677e-05,0.9963219893673015,0.48273952372161716,-0.00046320448353567525,846
trend,GAZP,2.0,20,0.002,2.0,-0.0006175815467267531,-0.0016357833119785559,0.9725529532877645,0.4781516443361754,-0.047014429562027935,1027
trend,ROSN,2.0,20,0.002,2.0,0.00019517995485696105,-0.00035418950975019126,1.0204164612344286,0.48845273597336847,0.013536303131764578,1135
trend,SBER,2.0,20,0.002,2.0,0.0013501137799039054,-0.0007039695909261123,1.060860116919431,0.4908393970893971,0.08771529235342461,1079
trend,LKOH,2.0,20,0.002,2.0,-4.1357789651530474e-05,-5.65112495379827e-05,0.9495997172319659,0.48511515984874526,-0.0028434368959445347,1125
trend,GMKN,2.0,20,0.002,2.0,-0.0010692371198295358,-0.002241946494437874,0.966554618357063,0.47897908063096606,-0.07238759189151169,1166
trend,YNDX,2.0,20,0.002,2.5,-4.014556411413572e-06,-3.321053632587834e-05,0.9963221098305239,0.48273952372161716,-0.00037055163479812167,846
trend,GAZP,2.0,20,0.002,2.5,-0.0004940596480911275,-0.0013088318754818085,0.9725549738150066,0.4781516443361754,-0.03761111815553477,1027
trend,ROSN,2.0,20,0.002,2.5,0.00015614648910022844,-0.0002833595858818816,1.0204177238519379,0.48845273597336847,0.010829217636461217,1135
trend,SBER,2.0,20,0.002,2.5,0.0010800151529128943,-0.0005632011870794207,1.0608688694880268,0.4908393970893971,0.07016730463311746,1079
trend,LKOH,2.0,20,0.002,2.5,-3.308631743537127e-05,-4.520923330419979e-05,0.9495998514239828,0.48511515984874526,-0.0022747554097924225,1125
trend,GMKN,2.0,20,0.002,2.5,-0.0008554194912532287,-0.0017939197712268928,0.9665551280663841,0.47897908063096606,-0.05791209066774431,1166
trend,YNDX,2.0,25,0.001,1.5,4.651354401863372e-06,-2.7270626861142233e-05,1.004598128974299,0.48542619894933065,0.00039411577714727205,792
trend,GAZP,2.0,25,0.001,1.5,-0.0005972431387020194,-0.0010985347534758771,0.9653285888647481,0.48251698754246886,-0.042273721595559026,953
trend,ROSN,2.0,25,0.001,1.5,0.00031573844723120637,-0.00020524947424749307,1.0432378762892582,0.4901781635449977,0.020605524194421136,1033
trend,SBER,2.0,25,0.001,1.5,0.0011592508704136861,-0.0003721310352361451,1.0703763408674836,0.49266916140114103,0.07111532239823648,1009
trend,LKOH,2.0,25,0.001,1.5,-2.6380733523012623e-05,-3.206583426496046e-05,0.956045942944741,0.48662131519274376,-0.0017091502120530316,1043
trend,GMKN,2.0,25,0.001,1.5,-0.00038397849916504967,-0.0011452485394921608,0.9837151490769734,0.485952395984595,-0.02424259733348188,1066
trend,YNDX,2.0,25,0.001,2.0,3.4885995257027957e-06,-2.0453031770228947e-05,1.0045982527507855,0.48542619894933065,0.00029559392694306124,792
trend,GAZP,2.0,25,0.001,2.0,-0.0004479448014148568,-0.0008239990563291277,0.9653291023524778,0.48251698754246886,-0.031706172240571984,953
trend,ROSN,2.0,25,0.001,2.0,0.00023679864284820162,-0.00015394000358770477,1.0432392547044933,0.4901781635449977,0.0154538042712353,1033
trend,SBER,2.0,25,0.001,2.0,0.0008693524446172773,-0.00027910908596628925,1.0703827571031592,0.49266916140114103,0.053331233949899116,1009
trend,LKOH,2.0,25,0.001,2.0,-1.978558565374211e-05,-2.404946207557046e-05,0.9560460662064272,0.48662131519274376,-0.0012818649597472539,1043
trend,GMKN,2.0,25,0.001,2.0,-0.0002879604059448093,-0.0008590342939795992,0.983716767771669,0.485952395984595,-0.01818046631383804,1066
trend,YNDX,2.0,25,0.001,2.5,2.7909198081488285e-06,-1.6362454996032838e-05,1.0045983270169714,0.48542619894933065,0.00023647854670871577,792
trend,GAZP,2.0,25,0.001,2.5,-0.00035836181472925777,-0.0006592462856662706,0.9653294105356032,0.48251698754246886,-0.025365360612206192,953
trend,ROSN,2.0,25,0.001,2.5,0.00018943642179181097,-0.00012315339387547475,1.0432400817730252,0.4901781635449977,0.012362880753895926,1033
trend,SBER,2.0,25,0.001,2.5,0.0006954408170030124,-0.00022329245754937332,1.0703866071470018,0.49266916140114103,0.042662463468685935,1009
trend,LKOH,2.0,25,0.001,2.5,-1.5828485568358808e-05,-1.9239611121601996e-05,0.95604614016334,0.48662131519274376,-0.0010254930721352422,1043
trend,GMKN,2.0,25,0.001,2.5,-0.00023035705726559552,-0.000687274425479556,0.9837177390965308,0.485952395984595,-0.01454366167469979,1066
trend,YNDX,2.0,25,0.0015,1.5,6.976696704352747e-06,-4.090569379522346e-05,1.004597881423161,0.48542619894933065,0.0005911452893063642,792
trend,GAZP,2.0,25,0.0015,1.5,-0.0008958149005523497,-0.00164741024056958,0.9653275624548682,0.48251698754246886,-0.06340705694736273,953
trend,ROSN,2.0,25,0.0015,1.5,0.00047362844035858664,-0.000307862619953192,1.0432351195799743,0.4901781635449977,0.030909641738478717,1033
trend,SBER,2.0,25,0.0015,1.5,0.0017392191577834115,-0.0005581533177859699,1.0703635102862807,0.49266916140114103,0.10669401618204263,1009
trend,LKOH,2.0,25,0.0015,1.5,-3.9570958238366316e-05,-4.809840589214964e-05,0.9560456964207528,0.48662131519274376,-0.0025637161152160027,1043
trend,GMKN,2.0,25,0.0015,1.5,-0.0005760615811420955,-0.0017174813049680715,0.9837119123629355,0.485952395984595,-0.036369820136505235,1066
trend,YNDX,2.0,25,0.0015,2.0,5.232710908797955e-06,-3.0679409000589075e-05,1.0045980670862849,0.48542619894933065,0.0004433749287208412,792
trend,GAZP,2.0,25,0.0015,2.0,-0.0006718891938158889,-0.001235778111298047,0.9653283321915789,0.48251698754246886,-0.04755727589296712,953
trend,ROSN,2.0,25,0.0015,2.0,0.00035520964749258255,-0.00023090348511956016,1.0432371870967898,0.4901781635449977,0.02318146886983385,1033
trend,SBER,2.0,25,0.0015,2.0,0.0013042215121783496,-0.0004186393077759698,1.070373132985919,0.49266916140114103,0.08000868119615134,1009
trend,LKOH,2.0,25,0.0015,2.0,-2.9678298579804974e-05,-3.607399876559558e-05,0.956045881313821,0.48662131519274376,-0.001922792263025898,1043
trend,GMKN,2.0,25,0.0015,2.0,-0.0004319934090084576,-0.001288331194892911,0.9837143398140407,0.485952395984595,-0.027274033020298835,1066
trend,YNDX,2.0,25,0.0015,2.5,4.186259149552285e-06,-2.4543593754700055e-05,1.0045981784848201,0.48542619894933065,0.0003547076045942148,792
trend,GAZP,2.0,25,0.0015,2.5,-0.000537524800009126,-0.000988728312108944,0.9653287942372175,0.48251698754246886,-0.038046772367570515,953
trend,ROSN,2.0,25,0.0015,2.5,0.00028416211009085757,-0.0001847259178111571,1.0432384276505045,0.4901781635449977,0.018544809116415574,1033
trend,SBER,2.0,25,0.0015,2.5,0.001043284642974207,-0.00033492312021721204,1.0703789072861456,0.49266916140114103,0.06400126636243762,1009
trend,LKOH,2.0,25,0.0015,2.5,-2.3742677216165298e-05,-2.8859292299343586e-05,0.9560459922494401,0.48662131519274376,-0.0015382362951881256,1043
trend,GMKN,2.0,25,0.0015,2.5,-0.0003455693853943176,-0.0010307706711599751,0.9837157965278397,0.485952395984595,-0.021817626453332822,1066
trend,YNDX,2.0,25,0.002,1.5,9.301815739437558e-06,-5.4540596400642904e-05,1.0045976338744713,0.48542619894933065,0.0007881558837062207,792
trend,GAZP,2.0,25,0.002,1.5,-0.0011943534255067778,-0.002196024601648361,0.9653265367991531,0.48251698754246886,-0.08453803974424584,953
trend,ROSN,2.0,25,0.002,1.5,0.00063153227842494,-0.0004104680383856252,1.0432323630322542,0.4901781635449977,0.04121466282222678,1033
trend,SBER,2.0,25,0.002,1.5,0.0023194160477053583,-0.0007441467824456094,1.0703506822251112,0.49266916140114103,0.14228673380194398,1009
trend,LKOH,2.0,25,0.002,1.5,-5.2761088255359745e-05,-6.413074718658596e-05,0.9560454498959429,0.48662131519274376,-0.003418275883076835,1043
trend,GMKN,2.0,25,0.002,1.5,-0.0007682071445866967,-0.002289453162138022,0.9837086765495132,0.485952395984595,-0.04850098772565828,1066
trend,YNDX,2.0,25,0.002,2.0,6.976696704352747e-06,-4.090569379522346e-05,1.0045978814231613,0.48542619894933065,0.0005911452893063639,792
trend,GAZP,2.0,25,0.002,2.0,-0.0008958149005523497,-0.00164741024056958,0.9653275624548683,0.48251698754246886,-0.06340705694736272,953
trend,ROSN,2.0,25,0.002,2.0,0.00047362844035858664,-0.000307862619953192,1.0432351195799743,0.4901781635449977,0.030909641738478717,1033
trend,SBER,2.0,25,0.002,2.0,0.0017392191577834115,-0.0005581533177859699,1.0703635102862805,0.49266916140114103,0.10669401618204263,1009
trend,LKOH,2.0,25,0.002,2.0,-3.9570958238366316e-05,-4.809840589214964e-05,0.9560456964207525,0.48662131519274376,-0.0025637161152160023,1043
trend,GMKN,2.0,25,0.002,2.0,-0.0005760615811420955,-0.0017174813049680715,0.9837119123629355,0.485952395984595,-0.036369820136505235,1066
trend,YNDX,2.0,25,0.002,2.5,5.5815181148055615e-06,-3.272467335446727e-05,1.00459802995355,0.48542619894933065,0.00047292985213483906,792
trend,GAZP,2.0,25,0.002,2.5,-0.0007166758303391862,-0.001318116289854121,0.9653281782103009,0.48251698754246886,-0.05072733793454394,953
trend,ROSN,2.0,25,0.002,2.5,0.00037889278302216667,-0.00024629565981870716,1.0432367735861559,0.4901781635449977,0.02472706278288599,1033
trend,SBER,2.0,25,0.002,2.5,0.0013912107547071617,-0.0004465434066663887,1.070371208332586,0.49266916140114103,0.08534511715276574,1009
trend,LKOH,2.0,25,0.002,2.5,-3.165683477290848e-05,-3.847889055597076e-05,0.9560458443352444,0.48662131519274376,-0.0020509773095516073,1043
trend,GMKN,2.0,25,0.002,2.5,-0.00046080423065342213,-0.0013741729592178231,0.9837138542832954,0.485952395984595,-0.029093012857720913,1066
trend,YNDX,2.0,30,0.001,1.5,9.407529955707261e-06,-2.359438114818424e-05,1.0092057994263153,0.48661683144441764,0.0007561715260628601,737
trend,GAZP,2.0,30,0.001,1.5,-0.00028747967292264143,-0.000794162842015167,0.9839352317998418,0.4866873901878632,-0.019426927484972073,875
trend,ROSN,2.0,30,0.001,1.5,7.596923341735007e-05,-0.0003112147931159104,1.0096009638819037,0.4921178052059147,0.004641893768622789,973
trend,SBER,2.0,30,0.001,1.5,0.001827888321506821,-0.00028266638978802217,1.1051062356515935,0.4944796805261922,0.10734603720382585,950
trend,LKOH,2.0,30,0.001,1.5,-3.1139967622717535e-05,-4.2354907934583075e-05,0.9510278259019275,0.48799113191279714,-0.0019177218636965685,964
trend,GMKN,2.0,30,0.001,1.5,-0.0003159922254830638,-0.0013176280418856212,0.9876703167922432,0.48997168475696085,-0.01864040971466796,1008
trend,YNDX,2.0,30,0.001,2.0,7.055714388304324e-06,-1.7695809243267746e-05,1.0092059259261057,0.48661683144441764,0.0005671340236481813,737
trend,GAZP,2.0,30,0.001,2.0,-0.00021559481274557868,-0.0005956712111719886,0.983936628159294,0.4866873901878632,-0.014569185886310357,875
trend,ROSN,2.0,30,0.001,2.0,5.698011452248686e-05,-0.00023341845763458213,1.0096018321016436,0.4921178052059147,0.003481615209731602,973
trend,SBER,2.0,30,0.001,2.0,0.0013706893981235702,-0.00021200547504252043,1.1051196973231696,0.4944796805261922,0.08049620613833867,950
trend,LKOH,2.0,30,0.001,2.0,-2.3355035448924255e-05,-3.1766324527837675e-05,0.9510278968982024,0.48799113191279714,-0.0014382950762942628,964
trend,GMKN,2.0,30,0.001,2.0,-0.00023696573510034735,-0.0009883593548134506,0.9876721073922503,0.48997168475696085,-0.013978629961083774,1008
trend,YNDX,2.0,30,0.001,2.5,5.6446036327262306e-06,-1.4156658617925366e-05,1.0092060018263687,0.48661683144441764,0.000453709800878971,737
trend,GAZP,2.0,30,0.001,2.5,-0.00017246867694442614,-0.00047656052862576903,0.9839374660159098,0.4866873901878632,-0.011654863964347152,875
trend,ROSN,2.0,30,0.001,2.5,4.558562250833731e-05,-0.00018673830033033578,1.0096023530504674,0.4921178052059147,0.002785385708684283,973
trend,SBER,2.0,30,0.001,2.5,0.0010964426462756194,-0.00016960710777869092,1.1051277752100441,0.4944796805261922,0.06439057119307214,950
trend,LKOH,2.0,30,0.001,2.5,-1.8684057030315948e-05,-2.5413128539431007e-05,0.9510279394960629,0.48799113191279714,-0.0011506378267262664,964
trend,GMKN,2.0,30,0.001,2.5,-0.00018955893751360087,-0.0007907538865691288,0.9876731818342125,0.48997168475696085,-0.011182098720715678,1008
trend,YNDX,2.0,30,0.0015,1.5,1.4111027246466179e-05,-3.539147819309196e-05,1.00920554642916,0.48661683144441764,0.0011342357725640335,737
trend,GAZP,2.0,30,0.0015,1.5,-0.00043127925970198877,-0.0011910479670523832,0.9839324393368585,0.4866873901878632,-0.02914442895674736,875
trend,ROSN,2.0,30,0.0015,1.5,0.00011394109150342224,-0.0004667927397312699,1.0095992275485455,0.4921178052059147,0.006962061071943517,973
trend,SBER,2.0,30,0.0015,1.5,0.0027427400483550635,-0.0004239768546236977,1.1050793178330722,0.4944796805261922,0.16107235426092684,950
trend,LKOH,2.0,30,0.0015,1.5,-4.670971250686495e-05,-6.35317875981034e-05,0.9510276839099752,0.48799113191279714,-0.0028765680814633546,964
trend,GMKN,2.0,30,0.0015,1.5,-0.00047410203925424277,-0.0019758888862012602,0.987666736104646,0.48997168475696085,-0.027967321805935443,1008
trend,YNDX,2.0,30,0.0015,2.0,1.058342100890286e-05,-2.6543661254985196e-05,1.009205736176723,0.48661683144441764,0.0008506889324831181,737
trend,GAZP,2.0,30,0.0015,2.0,-0.00032342583686018056,-0.0008933963896471386,0.9839345336521045,0.4866873901878632,-0.021856050605499184,875
trend,ROSN,2.0,30,0.0015,2.0,8.546299542633307e-05,-0.00035011112027438784,1.009600529785299,0.4921178052059147,0.00522198432275841,973
trend,SBER,2.0,30,0.0015,2.0,0.0020565445121434323,-0.0003179954265555285,1.1050995055063801,0.4944796805261922,0.12077428424615484,950
trend,LKOH,2.0,30,0.0015,2.0,-3.5032418776670404e-05,-4.76491637440013e-05,0.9510277904038646,0.48799113191279714,-0.0021574343377678104,964
trend,GMKN,2.0,30,0.0015,2.0,-0.00035551257589461205,-0.0014822278155381952,0.9876694215562822,0.48997168475696085,-0.02097171872903638,1008
trend,YNDX,2.0,30,0.0015,2.5,8.466809082507964e-06,-2.1234954256765803e-05,1.0092058500261343,0.48661683144441764,0.0006805569554280974,737
trend,GAZP,2.0,30,0.0015,2.5,-0.0002587245339152888,-0.000714770115506691,0.9839357903333863,0.4866873901878632,-0.017483750095642014,875
trend,ROSN,2.0,30,0.0015,2.5,6.837384103497435e-05,-0.0002800968479172994,1.0096013111655548,0.4921178052059147,0.004177797936877929,973
trend,SBER,2.0,30,0.0015,2.5,0.0016449906000555181,-0.0002544024784880694,1.1051116200992406,0.4944796805261922,0.09660503876294801,950
trend,LKOH,2.0,30,0.0015,2.5,-2.8025999531777757e-05,-3.811948605780824e-05,0.9510278543004134,0.48799113191279714,-0.001725951443017253,964
trend,GMKN,2.0,30,0.0015,2.5,-0.0002843793554493379,-0.001185931630121373,0.9876710330117541,0.48997168475696085,-0.016775563676814553,1008
trend,YNDX,2.0,30,0.002,1.5,1.8814346076423405e-05,-4.7188512883655775e-05,1.00920529343524,0.48661683144441764,0.0015122856744875116,737
trend,GAZP,2.0,30,0.002,1.5,-0.0005751186489709736,-0.0015878022684152615,0.9839296472151391,0.4866873901878632,-0.038864620149412624,875
trend,ROSN,2.0,30,0.002,1.5,0.0001519044424467264,-0.0006223510552691991,1.009597491356676,0.4921178052059147,0.009281708569400771,973
trend,SBER,2.0,30,0.002,1.5,0.003658197164302379,-0.0005652721674163086,1.1050524073808643,0.4944796805261922,0.21483422388433424,950
trend,LKOH,2.0,30,0.002,1.5,-6.22792981062048e-05,-8.470828439999245e-05,0.95102754191882,0.48799113191279714,-0.003835404489852876,964
trend,GMKN,2.0,30,0.002,1.5,-0.000632287591446512,-0.002633781154021464,0.987663156100608,0.48997168475696085,-0.03729870171345909,1008
trend,YNDX,2.0,30,0.002,2.0,1.4111027246466179e-05,-3.539147819309196e-05,1.0092055464291603,0.48661683144441764,0.0011342357725640335,737
trend,GAZP,2.0,30,0.002,2.0,-0.00043127925970198877,-0.0011910479670523832,0.9839324393368585,0.4866873901878632,-0.02914442895674736,875
trend,ROSN,2.0,30,0.002,2.0,0.00011394109150342224,-0.0004667927397312699,1.0095992275485455,0.4921178052059147,0.0069620610719435165,973
trend,SBER,2.0,30,0.002,2.0,0.0027427400483550635,-0.0004239768546236977,1.105079317833072,0.4944796805261922,0.16107235426092686,950
trend,LKOH,2.0,30,0.002,2.0,-4.670971250686495e-05,-6.35317875981034e-05,0.9510276839099752,0.48799113191279714,-0.002876568081463356,964
trend,GMKN,2.0,30,0.002,2.0,-0.00047410203925424277,-0.0019758888862012602,0.987666736104646,0.48997168475696085,-0.027967321805935464,1008
trend,YNDX,2.0,30,0.002,2.5,1.1288950287235977e-05,-2.831322744867304e-05,1.009205698227065,0.48661683144441764,0.0009073989460018914,737
trend,GAZP,2.0,30,0.002,2.5,-0.00034499472984472757,-0.0009529325928057109,0.9839341147736994,0.4866873901878632,-0.02331360520643287,875
trend,ROSN,2.0,30,0.002,2.5,9.115899744194245e-05,-0.0003734483275978917,1.0096002693315813,0.4921178052059147,0.005570023062565436,973
trend,SBER,2.0,30,0.002,2.5,0.0021937563821168293,-0.00033919239403124024,1.1050954676402378,0.4944796805261922,0.12883229869139054,950
trend,LKOH,2.0,30,0.002,2.5,-3.736788469055341e-05,-5.08257057436623e-05,0.9510277691050509,0.48799113191279714,-0.002301261527929054,964
trend,GMKN,2.0,30,0.002,2.5,-0.0003792270593917513,-0.0015809766187704355,0.9876688844352031,0.48997168475696085,-0.02237063823689032,1008
trend,YNDX,2.5,20,0.001,1.5,1.7697636689018026e-05,-2.0531377564414477e-05,1.0291832503613794,0.47936415341986294,0.0025809591204542914,590
trend,GAZP,2.5,20,0.001,1.5,-0.0003434738942733606,-0.0008740617679505736,0.9661907751432011,0.4825717452888287,-0.042304950643351366,678
trend,ROSN,2.5,20,0.001,1.5,1.1275209280237064e-05,-0.0001530309324637713,1.0025737629593827,0.48656653268457795,0.0011926390184332093,802
trend,SBER,2.5,20,0.001,1.5,0.0005356484026532993,-0.0002728527734751074,1.0589996578272438,0.4940348730498623,0.054618986708821475,749
trend,LKOH,2.5,20,0.001,1.5,-4.983696850535679e-06,-1.6168777084990538e-05,0.9868714489190248,0.4826435942875013,-0.0005195139008135271,810
trend,GMKN,2.5,20,0.001,1.5,-0.0001024472507562546,-0.0008094085129289885,0.9927475030285773,0.4767466110531804,-0.010682716450074663,837
trend,YNDX,2.5,20,0.001,2.0,1.3273254021672898e-05,-1.5398563863677772e-05,1.029183366391658,0.47936415341986294,0.0019357232057451727,590
trend,GAZP,2.5,20,0.001,2.0,-0.00025760509308792034,-0.0006556145991138962,0.966192086747042,0.4825717452888287,-0.03172867263060287,678
trend,ROSN,2.5,20,0.001,2.0,8.458226463003982e-06,-0.0001147740108901063,1.0025743529181725,0.48656653268457795,0.0008946717223429381,802
trend,SBER,2.5,20,0.001,2.0,0.00040172230083013183,-0.00020464412554543898,1.059003181119468,0.4940348730498623,0.040962812361596754,749
trend,LKOH,2.5,20,0.001,2.0,-3.737762594990812e-06,-1.2126598648354303e-05,0.9868714813423041,0.4826435942875013,-0.00038963437870420903,810
trend,GMKN,2.5,20,0.001,2.0,-7.681564075734393e-05,-0.0006071071762233649,0.992749272480204,0.4767466110531804,-0.0080099729673912,837
trend,YNDX,2.5,20,0.001,2.5,1.0618615939650411e-05,-1.2318865822424918e-05,1.029183436009796,0.47936415341986294,0.0015485804199712923,590
trend,GAZP,2.5,20,0.001,2.5,-0.00020608391662790826,-0.0005245244538483185,0.966192873752547,0.4825717452888287,-0.02538291866336659,678
trend,ROSN,2.5,20,0.001,2.5,6.767454528766592e-06,-9.181959823334473e-05,1.0025747069008095,0.48656653268457795,0.0007158297576489247,802
trend,SBER,2.5,20,0.001,2.5,0.00032137111977204036,-0.00016371748226884364,1.0590052952023203,0.4940348730498623,0.03276956457346842,749
trend,LKOH,2.5,20,0.001,2.5,-2.9902052552932545e-06,-9.701286519447905e-06,0.9868715007963106,0.4826435942875013,-0.0003117070004472229,810
trend,GMKN,2.5,20,0.001,2.5,-6.144300939892045e-05,-0.0004857101224272631,0.9927503342208255,0.4767466110531804,-0.006406987424280144,837
trend,YNDX,2.5,20,0.0015,1.5,2.654634901122499e-05,-3.0796943584987524e-05,1.0291830183006379,0.47936415341986294,0.0038714232187669604,590
trend,GAZP,2.5,20,0.0015,1.5,-0.0005152121427206557,-0.0013108196131369487,0.9661881522055443,0.4825717452888287,-0.06345758624470448,678
trend,ROSN,2.5,20,0.0015,1.5,1.690553586275456e-05,-0.0002295431522305602,1.0025725830878205,0.48656653268457795,0.0017881886886726064,802
trend,SBER,2.5,20,0.0015,1.5,0.0008035286033774014,-0.00040926097879678824,1.058992611914696,0.4940348730498623,0.08193419020876365,749
trend,LKOH,2.5,20,0.0015,1.5,-7.475585447336286e-06,-2.4253102288374073e-05,0.9868713840727128,0.4826435942875013,-0.0007792750388238,810
trend,GMKN,2.5,20,0.0015,1.5,-0.00015375005758633264,-0.001213909626969767,0.9927439645606462,0.4767466110531804,-0.01603233134373003,837
trend,YNDX,2.5,20,0.0015,2.0,1.9909821396213445e-05,-2.3097776741920484e-05,1.029183192346217,0.47936415341986294,0.002903576111429922,590
trend,GAZP,2.5,20,0.0015,2.0,-0.0003864083759117509,-0.0009832682891267597,0.9661901193750325,0.4825717452888287,-0.047593099631951165,678
trend,ROSN,2.5,20,0.0015,2.0,1.2683245808720045e-05,-0.00017215919033730653,1.00257346798574,0.48656653268457795,0.0013415745513888837,802
trend,SBER,2.5,20,0.0015,2.0,0.0006026149533635561,-0.0003069559611121875,1.0589978962651234,0.4940348730498623,0.061447430749831854,749
trend,LKOH,2.5,20,0.0015,2.0,-5.606666489077483e-06,-1.8189862344475394e-05,0.9868714327074162,0.4826435942875013,-0.0005844539235927725,810
trend,GMKN,2.5,20,0.0015,2.0,-0.00011526800435313067,-0.0009105464856203893,0.992746618357177,0.4767466110531804,-0.012019604207839062,837
trend,YNDX,2.5,20,0.0015,2.5,1.5927885742561543e-05,-1.847825453926699e-05,1.0291832967734982,0.47936415341986294,0.00232286506381012,590
trend,GAZP,2.5,20,0.0015,2.5,-0.00030912634780955184,-0.0007866883609762843,0.9661912997739369,0.4825717452888287,-0.0380744362371725,678
trend,ROSN,2.5,20,0.0015,2.5,1.0148561714773408e-05,-0.00013772822876478852,1.0025739989410578,0.48656653268457795,0.001073467496796301,802
trend,SBER,2.5,20,0.0015,2.5,0.0004820768419571131,-0.000245569677930102,1.0590010671172554,0.4940348730498623,0.049156402769156345,749
trend,LKOH,2.5,20,0.0015,2.5,-4.485322344760512e-06,-1.455190697707831e-05,0.9868714618883265,0.4826435942875013,-0.00046756200821781015,810
trend,GMKN,2.5,20,0.0015,2.5,-9.219302315865985e-05,-0.0007284920410004503,0.9927482107918162,0.4767466110531804,-0.009613453926872812,837
trend,YNDX,2.5,20,0.002,1.5,3.539499064797447e-05,-4.1062427765137244e-05,1.029182786239652,0.47936415341986294,0.005161877008609271,590
trend,GAZP,2.5,20,0.002,1.5,-0.0006869512424305668,-0.0017473955281127607,0.9661855296279654,0.4825717452888287,-0.0846103266942441,678
trend,ROSN,2.5,20,0.002,1.5,2.253101032434479e-05,-0.0003060532071609279,1.002571403277612,0.48656653268457795,0.0023832251242130605,802
trend,SBER,2.5,20,0.002,1.5,0.0010714461277088194,-0.0005456570637794034,1.0589855668978565,0.4940348730498623,0.10925319952165609,749
trend,LKOH,2.5,20,0.002,1.5,-9.967500825158737e-06,-3.2337385265757135e-05,0.9868713192267283,0.4826435942875013,-0.0010390389685337733,810
trend,GMKN,2.5,20,0.002,1.5,-0.00020510563820053118,-0.0016182753548300566,0.9927404266732154,0.4767466110531804,-0.021387449238849852,837
trend,YNDX,2.5,20,0.002,2.0,2.654634901122499e-05,-3.0796943584987524e-05,1.029183018300638,0.47936415341986294,0.0038714232187669587,590
trend,GAZP,2.5,20,0.002,2.0,-0.0005152121427206557,-0.0013108196131369487,0.9661881522055443,0.4825717452888287,-0.06345758624470449,678
trend,ROSN,2.5,20,0.002,2.0,1.690553586275456e-05,-0.0002295431522305602,1.0025725830878205,0.48656653268457795,0.0017881886886725942,802
trend,SBER,2.5,20,0.002,2.0,0.0008035286033774014,-0.00040926097879678824,1.058992611914696,0.4940348730498623,0.08193419020876365,749
trend,LKOH,2.5,20,0.002,2.0,-7.475585447336286e-06,-2.4253102288374073e-05,0.9868713840727128,0.4826435942875013,-0.0007792750388238006,810
trend,GMKN,2.5,20,0.002,2.0,-0.00015375005758633264,-0.001213909626969767,0.9927439645606462,0.4767466110531804,-0.016032331343730048,837
trend,YNDX,2.5,20,0.002,2.5,2.1237130099827084e-05,-2.463761379356555e-05,1.0291831575371122,0.47936415341986294,0.0030971459967704855,590
trend,GAZP,2.5,20,0.002,2.5,-0.00041216909071961627,-0.001048786742240515,0.9661897259249324,0.4825717452888287,-0.05076599220588919,678
trend,ROSN,2.5,20,0.002,2.5,1.3527922163802941e-05,-0.00018363608012550436,1.002573291003395,0.48656653268457795,0.0014309204742748362,802
trend,SBER,2.5,20,0.002,2.5,0.0006427960036623492,-0.000327417510073591,1.058996839354727,0.4940348730498623,0.06554461136558895,749
trend,LKOH,2.5,20,0.002,2.5,-5.980449075626559e-06,-1.940251223342404e-05,0.9868714229804609,0.4826435942875013,-0.0006234180210119455,810
trend,GMKN,2.5,20,0.002,2.5,-0.00012296203996908783,-0.0009712252069078442,0.9927460875717503,0.4767466110531804,-0.012821901978005548,837
trend,YNDX,2.5,25,0.001,1.5,-1.68719663196093e-06,-2.2494762672575774e-05,0.9976031391458036,0.48253420108912204,-0.00022409305777094308,554
trend,GAZP,2.5,25,0.001,1.5,0.00017175945744751786,-0.0005210002334643526,1.014822845217565,0.48754171301446053,0.019105612619308893,635
trend,ROSN,2.5,25,0.001,1.5,9.881786807608428e-05,-0.00016229566433167975,1.0196135618703923,0.48869731800766286,0.00946531303411119,754
trend,SBER,2.5,25,0.001,1.5,0.0006075249188060017,-0.000384763298790336,1.0583503786901145,0.49877056932097596,0.0574545979578207,712
trend,LKOH,2.5,25,0.001,1.5,-6.07105788419382e-07,-1.1496023383461562e-05,0.9985495952729088,0.487964989059081,-5.775908937330151e-05,754
trend,GMKN,2.5,25,0.001,1.5,0.000304367086256363,-0.0008720887292990032,1.0183284818046046,0.48665530948324814,0.02880627354309179,780
trend,YNDX,2.5,25,0.001,2.0,-1.2653281471486366e-06,-1.6871088705738835e-05,0.99760326928048,0.48253420108912204,-0.00016806058534266094,554
trend,GAZP,2.5,25,0.001,2.0,0.00012884042941396778,-0.00039077729993086674,1.0148258613996997,0.48754171301446053,0.014331527187321239,635
trend,ROSN,2.5,25,0.001,2.0,7.411474308494093e-05,-0.00012172295892221019,1.019614563165931,0.48869731800766286,0.007099113322320364,754
trend,SBER,2.5,25,0.001,2.0,0.00045562391251374734,-0.0002885837820680859,1.0583540209090208,0.49877056932097596,0.04308907816473027,712
trend,LKOH,2.5,25,0.001,2.0,-4.5531508474638827e-07,-8.622020730708613e-06,0.9985496393585606,0.487964989059081,-4.331796068146006e-05,754
trend,GMKN,2.5,25,0.001,2.0,0.00022830027932507768,-0.0006541241540900522,1.0183325092329845,0.48665530948324814,0.021607067889941135,780
trend,YNDX,2.5,25,0.001,2.5,-1.0122292406489208e-06,-1.3496878981111848e-05,0.9976033473614554,0.48253420108912204,-0.00013444404843371068,554
trend,GAZP,2.5,25,0.001,2.5,0.00010308234468192623,-0.0003126348611840468,1.0148276712389324,0.48754171301446053,0.011466334224914231,635
trend,ROSN,2.5,25,0.001,2.5,5.9292438606251e-05,-9.73789482472398e-05,1.0196151639601612,0.48869731800766286,0.005679352356905755,754
trend,SBER,2.5,25,0.001,2.5,0.0003644896369563444,-0.00023087245366359976,1.0583562063676635,0.49877056932097596,0.03447036475848544,712
trend,LKOH,2.5,25,0.001,2.5,-3.6424522464884035e-07,-6.897618117229776e-06,0.9985496658099985,0.487964989059081,-3.4653717497621634e-05,754
trend,GMKN,2.5,25,0.001,2.5,0.00018265220510449431,-0.0005233269763641468,1.018334925947236,0.48665530948324814,0.01728678829306611,780
trend,YNDX,2.5,25,0.0015,1.5,-2.531072254785549e-06,-3.374207720274747e-05,0.9976028788775135,0.48253420108912204,-0.00033617641848367755,554
trend,GAZP,2.5,25,0.0015,1.5,0.0002575558363790975,-0.000781391871480408,1.014816813665323,0.48754171301446053,0.028649147539387805,635
trend,ROSN,2.5,25,0.0015,1.5,0.0001482214334502796,-0.0002434386535902222,1.019611559384977,0.48869731800766286,0.014197455311340285,754
trend,SBER,2.5,25,0.0015,1.5,0.0009113664800168841,-0.0005770997191147931,1.058343095047814,0.49877056932097596,0.08618937772052165,712
trend,LKOH,2.5,25,0.0015,1.5,-9.107157088461548e-07,-1.7244022302631556e-05,0.9985495071018972,0.487964989059081,-8.66440594499662e-05,754
trend,GMKN,2.5,25,0.0015,1.5,0.00045645074930544816,-0.0013079026916800185,1.0183204285552578,0.48665530948324814,0.043199957344831535,780
trend,YNDX,2.5,25,0.0015,2.0,-1.898148206058714e-06,-2.5306595480611982e-05,0.9976030740785982,0.48253420108912204,-0.0002521115959706967,554
trend,GAZP,2.5,25,0.0015,2.0,0.00019321376196224094,-0.0005861049209557878,1.0148213372280102,0.48754171301446053,0.021492075857872793,635
trend,ROSN,2.5,25,0.0015,2.0,0.00011116909501285299,-0.00018258171434804016,1.0196130612358307,0.48869731800766286,0.010648380748364954,754
trend,SBER,2.5,25,0.0015,2.0,0.0006834803656727839,-0.00043285023042294313,1.0583485576801064,0.49877056932097596,0.06463782538990052,712
trend,LKOH,2.5,25,0.0015,2.0,-6.83004704460366e-07,-1.2933023911698704e-05,0.9985495732301196,0.487964989059081,-6.497999280597113e-05,754
trend,GMKN,2.5,25,0.0015,2.0,0.00034239424654347594,-0.0009810566175801894,1.0183264682913533,0.48665530948324814,0.032405285495307724,780
trend,YNDX,2.5,25,0.0015,2.5,-1.5184436918946886e-06,-2.0245294422016613e-05,0.9976031911996318,0.48253420108912204,-0.00020167933216354392,554
trend,GAZP,2.5,25,0.0015,2.5,0.00015459351324809134,-0.0004689132295426779,1.0148240516579332,0.48754171301446053,0.017196163876303166,635
trend,ROSN,2.5,25,0.0015,2.5,8.893672545529085e-05,-0.00014606667902694603,1.019613962384381,0.48869731800766286,0.008518843434402925,754
trend,SBER,2.5,25,0.0015,2.5,0.0005467629342710278,-0.00034629239667149925,1.0583518355458539,0.49877056932097596,0.05170824042662818,712
trend,LKOH,2.5,25,0.0015,2.5,-5.463883663292535e-07,-1.0346422577800496e-05,0.9985496129071579,0.487964989059081,-5.1982529388780566e-05,754
trend,GMKN,2.5,25,0.0015,2.5,0.00027394236117173065,-0.0007849075071559852,1.018330092711654,0.48665530948324814,0.02592678034939219,780
trend,YNDX,2.5,25,0.002,1.5,-3.37513274717427e-06,-4.49893471932139e-05,0.99760261861064,0.48253420108912204,-0.00044828433354360833,554
trend,GAZP,2.5,25,0.002,1.5,0.00034329664082677347,-0.0010417112269852646,1.0148107831954625,0.48754171301446053,0.0381865006481305,635
trend,ROSN,2.5,25,0.002,1.5,0.0001976214187340286,-0.00032457841386324127,1.0196095570404362,0.48869731800766286,0.018929254668014244,754
trend,SBER,2.5,25,0.002,1.5,0.0012152607676629845,-0.0007694059917564555,1.0583358124659947,0.49877056932097596,0.11492914390609153,712
trend,LKOH,2.5,25,0.002,1.5,-1.2143636468620045e-06,-2.299201270672402e-05,0.9985494189312745,0.487964989059081,-0.00011553264644611527,754
trend,GMKN,2.5,25,0.002,1.5,0.0006084677873408051,-0.001743563099120382,1.0183123774486957,0.48665530948324814,0.057587335542375634,780
trend,YNDX,2.5,25,0.002,2.0,-2.531072254785549e-06,-3.374207720274747e-05,0.9976028788775135,0.48253420108912204,-0.00033617641848367674,554
trend,GAZP,2.5,25,0.002,2.0,0.0002575558363790975,-0.000781391871480408,1.0148168136653233,0.48754171301446053,0.028649147539387795,635
trend,ROSN,2.5,25,0.002,2.0,0.0001482214334502796,-0.0002434386535902222,1.019611559384977,0.48869731800766286,0.01419745531134028,754
trend,SBER,2.5,25,0.002,2.0,0.0009113664800168841,-0.0005770997191147931,1.0583430950478143,0.49877056932097596,0.08618937772052164,712
trend,LKOH,2.5,25,0.002,2.0,-9.107157088461548e-07,-1.7244022302631556e-05,0.9985495071018972,0.487964989059081,-8.66440594499662e-05,754
trend,GMKN,2.5,25,0.002,2.0,0.00045645074930544816,-0.0013079026916800185,1.0183204285552578,0.48665530948324814,0.04319995734483155,780
trend,YNDX,2.5,25,0.002,2.5,-2.024724696680913e-06,-2.69936938293025e-05,0.9976030350383175,0.48253420108912204,-0.00026892345552456687,554
trend,GAZP,2.5,25,0.002,2.5,0.00020608467757665672,-0.0006251655643297882,1.0148204324667576,0.48754171301446053,0.022923768362258408,635
trend,ROSN,2.5,25,0.002,2.5,0.00011857972378948034,-0.00019475324749507195,1.0196127608593206,0.48869731800766286,0.011358211090957342,754
trend,SBER,2.5,25,0.002,2.5,0.0007290552157288577,-0.00046170148488344775,1.0583474651059213,0.49877056932097596,0.06894791145534802,712
trend,LKOH,2.5,25,0.002,2.5,-7.285451945060473e-07,-1.3795223972934423e-05,0.9985495600044575,0.487964989059081,-6.93126433732841e-05,754
trend,GMKN,2.5,25,0.002,2.5,0.00036520854464017205,-0.001046432743079695,1.0183252602476984,0.48665530948324814,0.03456450356237554,780
trend,YNDX,2.5,30,0.001,1.5,1.0229603288003375e-05,-2.2357203937728443e-05,1.013814201646716,0.48220618808854104,0.0012510215589998997,516
trend,GAZP,2.5,30,0.001,1.5,0.00039437199425318425,-0.0005139142842337519,1.0300632822350122,0.48922022969977835,0.039731210382144125,612
trend,ROSN,2.5,30,0.001,1.5,7.437840203161628e-05,-0.0002178864291076943,1.0142188335061695,0.4893103139815726,0.006653403885118473,702
trend,SBER,2.5,30,0.001,1.5,0.0008041313758269109,-0.00040675715444005167,1.0724433654978,0.5002231545121842,0.07177821796188026,664
trend,LKOH,2.5,30,0.001,1.5,-1.3583856472543232e-05,-2.6349463708164045e-05,0.9714266585921684,0.48883870407365587,-0.001179871143274381,716
trend,GMKN,2.5,30,0.001,1.5,0.0007006211242090998,-0.0006093732853167388,1.0382250281877097,0.48935237928314784,0.061398748944790194,726
trend,YNDX,2.5,30,0.001,2.0,7.672268767411339e-06,-1.676794035376794e-05,1.0138143443118242,0.48220618808854104,0.0009382742775502491,516
trend,GAZP,2.5,30,0.001,2.0,0.00029578870906399324,-0.00038545832788261514,1.0300672506029889,0.48922022969977835,0.029799386365490326,612
trend,ROSN,2.5,30,0.001,2.0,5.57856051790484e-05,-0.00016341820485932246,1.0142198361875854,0.4893103139815726,0.004990214257014159,702
trend,SBER,2.5,30,0.001,2.0,0.0006030531652971849,-0.0003050802322448476,1.0724469799898386,0.5002231545121842,0.053829613969229244,664
trend,LKOH,2.5,30,0.001,2.0,-1.0187882556911276e-05,-1.9762139359613684e-05,0.9714267231423304,0.48883870407365587,-0.0008849025064626094,716
trend,GMKN,2.5,30,0.001,2.0,0.000525456949485914,-0.0004570627209297129,1.0382303755033095,0.48935237928314784,0.046048282314062904,726
trend,YNDX,2.5,30,0.001,2.5,6.137846838782934e-06,-1.3414370235387274e-05,1.013814429911018,0.48220618808854104,0.0007506233140134081,516
trend,GAZP,2.5,30,0.001,2.5,0.00023663562864073562,-0.00030837751797141433,1.030069631853003,0.48922022969977835,0.023839978706493008,612
trend,ROSN,2.5,30,0.001,2.5,4.462934986904088e-05,-0.0001307361877589397,1.014220437818631,0.4893103139815726,0.003992248847746995,702
trend,SBER,2.5,30,0.001,2.5,0.0004824207571327843,-0.00024407012186722365,1.0724491488222896,0.5002231545121842,0.04306174749019755,664
trend,LKOH,2.5,30,0.001,2.5,-8.150301342713107e-06,-1.5809731445437514e-05,0.9714267618724045,0.48883870407365587,-0.0007079215966899945,716
trend,GMKN,2.5,30,0.001,2.5,0.0004203612882298646,-0.0003656659012835073,1.0382335841987673,0.48935237928314784,0.03683825153185388,726
trend,YNDX,2.5,30,0.0015,1.5,1.534413972437143e-05,-3.3535656304928274e-05,1.01381391631731,0.48220618808854104,0.0018764999051275207,516
trend,GAZP,2.5,30,0.0015,1.5,0.0005915191217917837,-0.0007707809769867957,1.0300553469314606,0.48922022969977835,0.05959289963649057,612
trend,ROSN,2.5,30,0.0015,1.5,0.00011156038797399681,-0.0003268161118272772,1.0142168282820572,0.4893103139815726,0.009979460414533521,702
trend,SBER,2.5,30,0.0015,1.5,0.0012063785433091834,-0.0006100862690032738,1.0724361373712743,0.5002231545121842,0.1076835261366892,664
trend,LKOH,2.5,30,0.0015,1.5,-2.0375823898133305e-05,-3.9524029248338977e-05,0.9714265294917015,0.48883870407365587,-0.0017698101188316554,716
trend,GMKN,2.5,30,0.0015,1.5,0.0010509672235454737,-0.0009139289190701616,1.0382143354693625,0.48935237928314784,0.09210123771320294,726
trend,YNDX,2.5,30,0.0015,2.0,1.1508253972669635e-05,-2.5151826379521403e-05,1.0138141303142634,0.48220618808854104,0.0014073931726336106,516
trend,GAZP,2.5,30,0.0015,2.0,0.00044366120699557143,-0.000578136609619917,1.0300612982300887,0.48922022969977835,0.0446968775937595,612
trend,ROSN,2.5,30,0.0015,2.0,8.367434950184993e-05,-0.000245119695501006,1.0142183321828018,0.4893103139815726,0.007484958359585201,702
trend,SBER,2.5,30,0.0015,2.0,0.0009046818239797361,-0.0004575925242154,1.072441558358981,0.5002231545121842,0.08075353244486551,664
trend,LKOH,2.5,30,0.0015,2.0,-1.5281845879622225e-05,-2.9643115487809624e-05,0.9714266263170696,0.48883870407365587,-0.0013273556744236275,716
trend,GMKN,2.5,30,0.0015,2.0,0.0007882054314776177,-0.0006855203800433252,1.0382223547690297,0.48935237928314784,0.06907417680110901,726
trend,YNDX,2.5,30,0.0015,2.5,9.206674783879265e-06,-2.0121501496217498e-05,1.0138142587127268,0.48220618808854104,0.0011259232950881727,516
trend,GAZP,2.5,30,0.0015,2.5,0.0003549394576334297,-0.00046253371064264304,1.0300648695248995,0.48922022969977835,0.03575855910070345,612
trend,ROSN,2.5,30,0.0015,2.5,6.694142759400279e-05,-0.00019609941004383735,1.0142192345731869,0.4893103139815726,0.005988140942301438,702
trend,SBER,2.5,30,0.0015,2.5,0.0007236964619705688,-0.0003660873748030369,1.0724448112603102,0.5002231545121842,0.06459845237619896,664
trend,LKOH,2.5,30,0.0015,2.5,-1.222546612245079e-05,-2.3714537294994287e-05,0.9714266844122391,0.48883870407365587,-0.0010618836204714817,716
trend,GMKN,2.5,30,0.0015,2.5,0.0006305547437248649,-0.0005484516796645522,1.0382271670374286,0.48935237928314784,0.055258500019699244,726
trend,YNDX,2.5,30,0.002,1.5,2.0458499352837833e-05,-4.471400893835131e-05,1.0138136309889836,0.48220618808854104,0.0025019566287028594,516
trend,GAZP,2.5,30,0.002,1.5,0.0007886403076662329,-0.0010275873869898255,1.0300474135372657,0.48922022969977835,0.07945197538446425,612
trend,ROSN,2.5,30,0.002,1.5,0.00014873756306355013,-0.00043573677382202636,1.0142148232428911,0.4893103139815726,0.01330508659662535,702
trend,SBER,2.5,30,0.002,1.5,0.001608746720769716,-0.0008133824137998014,1.0724289103879276,0.5002231545121842,0.14359963588054936,664
trend,LKOH,2.5,30,0.002,1.5,-2.716781744882546e-05,-5.269848391253884e-05,0.9714264003910434,0.48883870407365587,-0.002359751363575431,716
trend,GMKN,2.5,30,0.002,1.5,0.0014013369477738902,-0.0012183972470825033,1.0382036453010022,0.48935237928314784,0.12280579684286742,726
trend,YNDX,2.5,30,0.002,2.0,1.534413972437143e-05,-3.3535656304928274e-05,1.01381391631731,0.48220618808854104,0.0018764999051275202,516
trend,GAZP,2.5,30,0.002,2.0,0.0005915191217917837,-0.0007707809769867957,1.0300553469314604,0.48922022969977835,0.05959289963649057,612
trend,ROSN,2.5,30,0.002,2.0,0.00011156038797399681,-0.0003268161118272772,1.014216828282057,0.4893103139815726,0.009979460414533525,702
trend,SBER,2.5,30,0.002,2.0,0.0012063785433091834,-0.0006100862690032738,1.0724361373712743,0.5002231545121842,0.10768352613668923,664
trend,LKOH,2.5,30,0.002,2.0,-2.0375823898133305e-05,-3.9524029248338977e-05,0.9714265294917014,0.48883870407365587,-0.0017698101188316547,716
trend,GMKN,2.5,30,0.002,2.0,0.0010509672235454737,-0.0009139289190701616,1.0382143354693625,0.48935237928314784,0.09210123771320293,726
trend,YNDX,2.5,30,0.002,2.5,1.227543907922346e-05,-2.682859685265715e-05,1.013814087514824,0.48220618808854104,0.001501215492142628,516
trend,GAZP,2.5,30,0.002,2.5,0.0004732339568953581,-0.000616668196072423,1.0300601078844294,0.48922022969977835,0.04767619956632774,612
trend,ROSN,2.5,30,0.002,2.5,8.925177367236081e-05,-0.0002614593847063418,1.0142180313943299,0.4893103139815726,0.007983878135112612,702
trend,SBER,2.5,30,0.002,2.5,0.0009650157227549805,-0.00048809275689354337,1.072440474109991,0.5002231545121842,0.0861390451446075,664
trend,LKOH,2.5,30,0.002,2.5,-1.630064030766487e-05,-3.161930322925777e-05,0.9714266069520047,0.48883870407365587,-0.001415846461190419,716
trend,GMKN,2.5,30,0.002,2.5,0.0008407567257593396,-0.0007312060171160706,1.0382207507943353,0.48935237928314784,0.07367949572861515,726
trend,YNDX,3.0,20,0.001,1.5,6.158641319808922e-06,-2.132739218119184e-05,1.0150232778309625,0.47135480698303417,0.0015142958740445535,376
trend,GAZP,3.0,20,0.001,1.5,0.00021881493929587492,-0.00029130809972799376,1.037491894566561,0.48306203255609326,0.04813351062381956,390
trend,ROSN,3.0,20,0.001,1.5,-2.1281906836145836e-05,-0.00016893617514401882,0.9921388450031009,0.4835744680851064,-0.0036224522274468764,518
trend,SBER,3.0,20,0.001,1.5,-0.00010783136660186265,-0.0002985070183575411,0.9818834095964037,0.493689559088674,-0.01767437577477146,521
trend,LKOH,3.0,20,0.001,1.5,-1.3481646361501731e-05,-2.3436261037956818e-05,0.94641254064326,0.4784058696014674,-0.0022480650927942454,526
trend,GMKN,3.0,20,0.001,1.5,2.3262122667677687e-05,-0.000675233905175654,1.002543600160557,0.4795563648402582,0.003850707278218378,558
trend,YNDX,3.0,20,0.001,2.0,4.619001518602062e-06,-1.5995579724981113e-05,1.0150233714834325,0.47135480698303417,0.0011357269532168864,376
trend,GAZP,3.0,20,0.001,2.0,0.00016411516376724222,-0.00021848779939326324,1.037493851527199,0.48306203255609326,0.03610100390832627,390
trend,ROSN,3.0,20,0.001,2.0,-1.5960310286056156e-05,-0.00012670462697261797,0.9921392939069296,0.4835744680851064,-0.0027166485593170158,518
trend,SBER,3.0,20,0.001,2.0,-8.08682364976665e-05,-0.00022388373176740473,0.9818848993156736,0.493689559088674,-0.01325491501353683,521
trend,LKOH,3.0,20,0.001,2.0,-1.011124228222915e-05,-1.7577240470578737e-05,0.9464125609149785,0.4784058696014674,-0.0016860500720737683,526
trend,GMKN,3.0,20,0.001,2.0,1.7458784224766433e-05,-0.0005064639285365935,1.0025454898147539,0.4795563648402582,0.0028900487046552665,558
trend,YNDX,3.0,20,0.001,2.5,3.6952110689103534e-06,-1.2796480862942161e-05,1.015023427675009,0.47135480698303417,0.0009085839854555256,376
trend,GAZP,3.0,20,0.001,2.5,0.0001312940312390154,-0.0001747934674044549,1.0374950257229527,0.48306203255609326,0.028881221126054513,390
trend,ROSN,3.0,20,0.001,2.5,-1.2767710699357337e-05,-0.00010136489949763572,0.9921395632576906,0.4835744680851064,-0.002173227353082705,518
trend,SBER,3.0,20,0.001,2.5,-6.469205065540162e-05,-0.00017910864997616738,0.9818857931302621,0.493689559088674,-0.01060351592449193,521
trend,LKOH,3.0,20,0.001,2.5,-8.088997431099365e-06,-1.4061813828791792e-05,0.9464125730780478,0.4784058696014674,-0.0013488406588468434,526
trend,GMKN,3.0,20,0.001,2.5,1.397287964710614e-05,-0.00040518962397084746,1.0025466236883136,0.4795563648402582,0.0023130077217686936,558
trend,YNDX,3.0,20,0.0015,1.5,9.237879863510656e-06,-3.1990945915327806e-05,1.0150230905266158,0.47135480698303417,0.0022714236202384585,376
trend,GAZP,3.0,20,0.0015,1.5,0.0003282065680669799,-0.00043693525250243503,1.0374879807663377,0.48306203255609326,0.07219678136096919,390
trend,ROSN,3.0,20,0.0015,1.5,-3.1927339530946064e-05,-0.00025339428064230507,0.9921379472483444,0.4835744680851064,-0.005434440771207043,518
trend,SBER,3.0,20,0.0015,1.5,-0.00016176820239122147,-0.000447746654326453,0.9818804300517676,0.493689559088674,-0.026515030714834093,521
trend,LKOH,3.0,20,0.0015,1.5,-2.022243949761915e-05,-3.515421278921238e-05,0.9464125001000618,0.4784058696014674,-0.0033720926292532274,526
trend,GMKN,3.0,20,0.0015,1.5,3.484441510348546e-05,-0.0010126968795679536,1.0025398213586458,0.4795563648402582,0.00576798793303641,558
trend,YNDX,3.0,20,0.0015,2.0,6.928456087962331e-06,-2.3993289511858862e-05,1.015023231004802,0.47135480698303417,0.0017035790725286654,376
trend,GAZP,3.0,20,0.0015,2.0,0.00024616383688980115,-0.00032771656886798617,1.0374909161013743,0.48306203255609326,0.054149546170239156,390
trend,ROSN,3.0,20,0.0015,2.0,-2.3942985063474254e-05,-0.00019005132536220604,0.9921386205577996,0.4835744680851064,-0.004075401712919294,518
trend,SBER,3.0,20,0.0015,2.0,-0.0001213142536430345,-0.00033581779453895066,0.9818826647235076,0.493689559088674,-0.019884322839385682,521
trend,LKOH,3.0,20,0.0015,2.0,-1.5166846523251287e-05,-2.6365760148694406e-05,0.9464125305074306,0.4784058696014674,-0.002529072290032544,526
trend,GMKN,3.0,20,0.0015,2.0,2.6160743832992495e-05,-0.000759609270496342,1.0025426553967705,0.4795563648402582,0.004330532003465119,558
trend,YNDX,3.0,20,0.0015,2.5,5.542787041568076e-06,-1.919467004585229e-05,1.0150233152919268,0.47135480698303417,0.001362868709530432,376
trend,GAZP,3.0,20,0.0015,2.5,0.0001969353459168044,-0.0002621805175305747,1.0374926773459736,0.48306203255609326,0.043320577632369496,390
trend,ROSN,3.0,20,0.0015,2.5,-1.9153178630992862e-05,-0.0001520437555154741,0.9921390245625162,0.4835744680851064,-0.003260115511654326,518
trend,SBER,3.0,20,0.0015,2.5,-9.704569151569586e-05,-0.0002686579811905787,0.9818840054883554,0.493689559088674,-0.015906522130093578,521
trend,LKOH,3.0,20,0.0015,2.5,-1.2133485330578786e-05,-2.109265638639002e-05,0.9464125487519378,0.4784058696014674,-0.0020232591847049205,526
trend,GMKN,3.0,20,0.0015,2.5,2.0941762668647e-05,-0.0006077289940021879,1.0025443560019758,0.4795563648402582,0.0034666053084829113,558
trend,YNDX,3.0,20,0.002,1.5,1.2317063662559136e-05,-4.265440474626736e-05,1.0150229032230587,0.47135480698303417,0.003028537905712108,376
trend,GAZP,3.0,20,0.002,1.5,0.0004375876296840442,-0.0005825444761942133,1.0374840671274925,0.48306203255609326,0.09625772760316023,390
trend,ROSN,3.0,20,0.002,1.5,-4.25757582526165e-05,-0.00033784573210760005,0.9921370495641186,0.4835744680851064,-0.007246937574924735,518
trend,SBER,3.0,20,0.002,1.5,-0.00021571913747997495,-0.0005969770393342566,0.9818774503656464,0.493689559088674,-0.03535799663662551,521
trend,LKOH,3.0,20,0.002,1.5,-2.6963212603869913e-05,-4.68720453632443e-05,0.9464124595571822,0.4784058696014674,-0.004496116825707573,526
trend,GMKN,3.0,20,0.002,1.5,4.6394194939569644e-05,-0.0013500572381340836,1.0025360432319956,0.4795563648402582,0.0076798865981575,558
trend,YNDX,3.0,20,0.002,2.0,9.237879863510656e-06,-3.1990945915327806e-05,1.0150230905266158,0.47135480698303417,0.0022714236202384572,376
trend,GAZP,3.0,20,0.002,2.0,0.0003282065680669799,-0.00043693525250243503,1.0374879807663375,0.48306203255609326,0.07219678136096915,390
trend,ROSN,3.0,20,0.002,2.0,-3.1927339530946064e-05,-0.00025339428064230507,0.9921379472483444,0.4835744680851064,-0.005434440771207046,518
trend,SBER,3.0,20,0.002,2.0,-0.00016176820239122147,-0.000447746654326453,0.9818804300517676,0.493689559088674,-0.026515030714834076,521
trend,LKOH,3.0,20,0.002,2.0,-2.022243949761915e-05,-3.515421278921238e-05,0.9464125001000617,0.4784058696014674,-0.0033720926292532274,526
trend,GMKN,3.0,20,0.002,2.0,3.484441510348546e-05,-0.0010126968795679536,1.0025398213586458,0.4795563648402582,0.005767987933036429,558
trend,YNDX,3.0,20,0.002,2.5,7.390343306656888e-06,-2.5592825063314173e-05,1.015023202909129,0.47135480698303417,0.001817148587800481,376
trend,GAZP,3.0,20,0.002,2.5,0.0002625728585474718,-0.0003495611124385567,1.037490329027104,0.48306203255609326,0.05775909778871156,390
trend,ROSN,3.0,20,0.002,2.5,-2.553972158325646e-05,-0.00020272021586009714,0.9921384858927343,0.4835744680851064,-0.004347186652472691,518
trend,SBER,3.0,20,0.002,2.5,-0.00012940440888842275,-0.0003582039827570993,0.9818822177955256,0.493689559088674,-0.021210360414423014,521
trend,LKOH,3.0,20,0.002,2.5,-1.617796601949273e-05,-2.8123456039863548e-05,0.9464125244259425,0.4784058696014674,-0.0026976765081761916,526
trend,GMKN,3.0,20,0.002,2.5,2.7898941153958745e-05,-0.0008102314105740138,1.0025420885587575,0.4795563648402582,0.004618265378919932,558
trend,YNDX,3.0,25,0.001,1.5,7.856455197297052e-06,-2.4650155699301735e-05,1.0170731091889467,0.47903014416775885,0.0017161326337482607,348
trend,GAZP,3.0,25,0.001,1.5,4.783214190262619e-05,-0.00031138183497758654,1.0066522540118863,0.48697966166128115,0.009091834613692817,380
trend,ROSN,3.0,25,0.001,1.5,-0.0001467269590669229,-0.00025942806383716377,0.9540819168244944,0.4858757062146893,-0.02240448298471631,492
trend,SBER,3.0,25,0.001,1.5,-0.00012678296246337872,-0.00034962264150839584,0.9827755725948002,0.4959266802443992,-0.018443840916983225,496
trend,LKOH,3.0,25,0.001,1.5,-4.639146879759082e-06,-1.5079960838160211e-05,0.9843762968090525,0.4826368452030606,-0.0006826290288112313,506
trend,GMKN,3.0,25,0.001,1.5,0.00039276391977738356,-0.0005667692704597327,1.0362923732501488,0.4830128668497904,0.05678240852644161,530
trend,YNDX,3.0,25,0.001,2.0,5.89236759296341e-06,-1.8487662118871206e-05,1.0170732291131295,0.47903014416775885,0.001287105197219316,348
trend,GAZP,3.0,25,0.001,2.0,3.5882887941429686e-05,-0.00023354462138103216,1.006654046149494,0.48697966166128115,0.006820545132369772,380
trend,ROSN,3.0,25,0.001,2.0,-0.00011004590764429611,-0.0001945763667505762,0.9540817579397013,0.4858757062146893,-0.01680346734528635,492
trend,SBER,3.0,25,0.001,2.0,-9.508191970086788e-05,-0.0002622258022978441,0.9827769111846157,0.4959266802443992,-0.013832109354214505,496
trend,LKOH,3.0,25,0.001,2.0,-3.4793520673481737e-06,-1.1309984209617596e-05,0.9843763287947231,0.4826368452030606,-0.0005119705808285967,506
trend,GMKN,3.0,25,0.001,2.0,0.000294577246949812,-0.0004251018083641922,1.0362969658902812,0.4830128668497904,0.04258742908049945,530
trend,YNDX,3.0,25,0.001,2.5,4.713906647690891e-06,-1.4790151460331025e-05,1.0170733010678235,0.47903014416775885,0.0010296869042818227,348
trend,GAZP,3.0,25,0.001,2.5,2.8710525443731427e-05,-0.0001868396549103979,1.0066551214735562,0.48697966166128115,0.005457237301585538,380
trend,ROSN,3.0,25,0.001,2.5,-8.80370565022881e-05,-0.00015566364651620201,0.9540816626146983,0.4858757062146893,-0.013442824324673934,492
trend,SBER,3.0,25,0.001,2.5,-7.606299060369803e-05,-0.00020978487611178487,0.982777714323318,0.4959266802443992,-0.011065317224869656,496
trend,LKOH,3.0,25,0.001,2.5,-2.7834777694968338e-06,-9.047993886679428e-06,0.9843763479861565,0.4826368452030606,-0.000409575893087306,506
trend,GMKN,3.0,25,0.001,2.5,0.00023566386413653717,-0.0003400933778604509,1.0362997217249887,0.4830128668497904,0.03407024203215142,530
trend,YNDX,3.0,25,0.0015,1.5,1.1784578015650027e-05,-3.69750521724832e-05,1.0170728693417346,0.47903014416775885,0.002574176062841046,348
trend,GAZP,3.0,25,0.0015,1.5,7.171308622822004e-05,-0.0004670397739813259,1.006648669996012,0.48697966166128115,0.013631075124138189,380
trend,ROSN,3.0,25,0.0015,1.5,-0.00022008768493797515,-0.0003891208211548314,0.9540822346307813,0.4858757062146893,-0.033606304006413054,492
trend,SBER,3.0,25,0.0015,1.5,-0.00019019565030398145,-0.0005243986793689315,0.9827728953202375,0.4959266802443992,-0.02766884642186816,496
trend,LKOH,3.0,25,0.0015,1.5,-6.958752689745218e-06,-2.2619886932639943e-05,0.9843762328379015,0.4826368452030606,-0.0010239483063165578,506
trend,GMKN,3.0,25,0.0015,1.5,0.0005891286380816929,-0.0008500544917331432,1.036283189536052,0.4830128668497904,0.08517112015057916,530
trend,YNDX,3.0,25,0.0015,2.0,8.838492450813362e-06,-2.7731391153640317e-05,1.0170730492269997,0.47903014416775885,0.0019306449215217457,348
trend,GAZP,3.0,25,0.0015,2.0,5.380457345149914e-05,-0.00035029838068645347,1.0066513579755008,0.48697966166128115,0.010227062051200364,380
trend,ROSN,3.0,25,0.0015,2.0,-0.0001650673126654123,-0.0002918525827456664,0.9540819962714786,0.4858757062146893,-0.025204964523650328,492
trend,SBER,3.0,25,0.0015,2.0,-0.0001426348091958518,-0.0003933188559882561,0.9827749032880262,0.4959266802443992,-0.020749899504777656,496
trend,LKOH,3.0,25,0.0015,2.0,-5.219046309123954e-06,-1.6964945757091954e-05,0.984376280816241,0.4826368452030606,-0.000767958550495668,506
trend,GMKN,3.0,25,0.0015,2.0,0.00044185617818226497,-0.0006375967883890388,1.036290077125867,0.4830128668497904,0.06387974240020798,530
trend,YNDX,3.0,25,0.0015,2.5,7.070822251042941e-06,-2.218516189456121e-05,1.0170731571585736,0.47903014416775885,0.0015445221168929064,348
trend,GAZP,3.0,25,0.0015,2.5,4.305314285302231e-05,-0.00028024760910028146,1.0066529708565553,0.48697966166128115,0.008183452357525196,380
trend,ROSN,3.0,25,0.0015,2.5,-0.00013205459357223948,-0.00023348781049092882,0.954081853269109,0.4858757062146893,-0.02016408513853225,492
trend,SBER,3.0,25,0.0015,2.5,-0.00011410212123408314,-0.0003146646114750018,0.9827761080345234,0.4959266802443992,-0.016599086592098224,496
trend,LKOH,3.0,25,0.0015,2.5,-4.175228307423673e-06,-1.357197127327403e-05,0.9843763096033133,0.4826368452030606,-0.0006143655543562613,506
trend,GMKN,3.0,25,0.0015,2.5,0.00035348959553060944,-0.0005101042738681061,1.0362942102435484,0.4830128668497904,0.05110446660843171,530
trend,YNDX,3.0,25,0.002,1.5,1.5712630979436426e-05,-4.929982772905461e-05,1.01707262949606,0.47903014416775885,0.0034322042331482983,348
trend,GAZP,3.0,25,0.002,1.5,9.557061179421567e-05,-0.0006226757310709985,1.006645086325894,0.48697966166128115,0.018165864245227058,380
trend,ROSN,3.0,25,0.002,1.5,-0.00029344657452590184,-0.0005187993969869575,0.9540825524860017,0.4858757062146893,-0.04480784463671536,492
trend,SBER,3.0,25,0.002,1.5,-0.00025362247236748736,-0.000699151198451875,0.9827702179190806,0.4959266802443992,-0.036895908112817094,496
trend,LKOH,3.0,25,0.002,1.5,-9.27838007946935e-06,-3.015977681064541e-05,0.9843761688670043,0.4826368452030606,-0.0013652707591868495,506
trend,GMKN,3.0,25,0.002,1.5,0.0007854818386756612,-0.0011332734514735154,1.0362740079097073,0.4830128668497904,0.11355816664387967,530
trend,YNDX,3.0,25,0.002,2.0,1.1784578015650027e-05,-3.69750521724832e-05,1.0170728693417346,0.47903014416775885,0.002574176062841046,348
trend,GAZP,3.0,25,0.002,2.0,7.171308622822004e-05,-0.0004670397739813259,1.006648669996012,0.48697966166128115,0.013631075124138211,380
trend,ROSN,3.0,25,0.002,2.0,-0.00022008768493797515,-0.0003891208211548314,0.9540822346307813,0.4858757062146893,-0.03360630400641306,492
trend,SBER,3.0,25,0.002,2.0,-0.00019019565030398145,-0.0005243986793689315,0.9827728953202375,0.4959266802443992,-0.027668846421868145,496
trend,LKOH,3.0,25,0.002,2.0,-6.958752689745218e-06,-2.2619886932639943e-05,0.9843762328379014,0.4826368452030606,-0.0010239483063165572,506
trend,GMKN,3.0,25,0.002,2.0,0.0005891286380816929,-0.0008500544917331432,1.036283189536052,0.4830128668497904,0.08517112015057916,530
trend,YNDX,3.0,25,0.002,2.5,9.42771270717735e-06,-2.958012879872296e-05,1.0170730132498775,0.47903014416775885,0.0020593518364269373,348
trend,GAZP,3.0,25,0.002,2.5,5.738732983551209e-05,-0.0003736476485883822,1.0066508203640432,0.48697966166128115,0.010908064975400715,380
trend,ROSN,3.0,25,0.002,2.5,-0.000176071469744854,-0.0003113068686183551,0.9540820439411369,0.4858757062146893,-0.02688524503663687,492
trend,SBER,3.0,25,0.002,2.5,-0.00015214634132398874,-0.00041953587905729783,0.9827745017001648,0.4959266802443992,-0.022133596352052903,496
trend,LKOH,3.0,25,0.002,2.5,-5.566986614136127e-06,-1.8095935621742498e-05,0.9843762712205618,0.4826368452030606,-0.0008191563587678937,506
trend,GMKN,3.0,25,0.002,2.5,0.0004713111881049503,-0.0006800913110460716,1.0362886995139433,0.4830128668497904,0.06813809282996519,530
trend,YNDX,3.0,30,0.001,1.5,6.783377195951346e-06,-3.2930537253617054e-05,1.013805570022884,0.48153967007069914,0.0013321636284337626,328
trend,GAZP,3.0,30,0.001,1.5,0.0002720776489109067,-0.0003453810025330073,1.0330185230454505,0.49645390070921985,0.047064115016574495,360
trend,ROSN,3.0,30,0.001,1.5,-0.00015916178764519007,-0.0003109891187980107,0.955565987300077,0.48788456302749794,-0.02166645625445461,470
trend,SBER,3.0,30,0.001,1.5,-3.102855013570327e-05,-0.00038373218595799674,0.9962332641563327,0.4956544298871449,-0.004024977316854772,476
trend,LKOH,3.0,30,0.001,1.5,-2.338761202769213e-05,-3.7060938817390365e-05,0.932992788880925,0.48538622129436326,-0.003051619523447834,489
trend,GMKN,3.0,30,0.001,1.5,9.338392368118953e-05,-0.0006282615164426852,1.0077249342483967,0.4836899791231733,0.012184749958392603,504
trend,YNDX,3.0,30,0.001,2.0,5.087564648009746e-06,-2.4697994482791863e-05,1.0138056825133845,0.48153967007069914,0.0009991289567950487,328
trend,GAZP,3.0,30,0.001,2.0,0.00020406197405509197,-0.0002590461697506985,1.033020337784423,0.49645390070921985,0.035298732754707296,360
trend,ROSN,3.0,30,0.001,2.0,-0.00011937199522904507,-0.00023324984145933758,0.9555658016098025,0.48788456302749794,-0.016249931286287787,470
trend,SBER,3.0,30,0.001,2.0,-2.3264007282808308e-05,-0.00028781004689149015,0.9962345439260984,0.4956544298871449,-0.0030177723806910773,476
trend,LKOH,3.0,30,0.001,2.0,-1.7540728408649287e-05,-2.7795804306673944e-05,0.9329928644433465,0.48538622129436326,-0.0022887171723124117,489
trend,GMKN,3.0,30,0.001,2.0,7.005192907882929e-05,-0.000471228348376207,1.007726725549108,0.4836899791231733,0.009140387405897335,504
trend,YNDX,3.0,30,0.001,2.5,4.070066958794527e-06,-1.97584395268402e-05,1.0138057500078024,0.48153967007069914,0.0007993061584535821,328
trend,GAZP,3.0,30,0.001,2.5,0.00016325137280936985,-0.00020724193656918022,1.033021426648052,0.49645390070921985,0.028239296455527793,360
trend,ROSN,3.0,30,0.001,2.5,-9.549791031626675e-05,-0.000186603714422362,0.9555656902036582,0.48788456302749794,-0.012999987791475638,470
trend,SBER,3.0,30,0.001,2.5,-1.8607651253832458e-05,-0.0002302532732386675,0.9962353117616651,0.4956544298871449,-0.0024137568107157233,476
trend,LKOH,3.0,30,0.001,2.5,-1.4032592033030866e-05,-2.223669153844643e-05,0.9329929097807748,0.48538622129436326,-0.0018309749521156597,489
trend,GMKN,3.0,30,0.001,2.5,5.604825649241363e-05,-0.0003769981409256218,1.0077278003705716,0.4836899791231733,0.007313185867996488,504
trend,YNDX,3.0,30,0.0015,1.5,1.0174938789297983e-05,-4.9395439712274225e-05,1.0138053450426179,0.48153967007069914,0.0019982205006478892,328
trend,GAZP,3.0,30,0.0015,1.5,0.00040810151804993033,-0.0005180298355247359,1.033014893694019,0.49645390070921985,0.07059358554746673,360
trend,ROSN,3.0,30,0.0015,1.5,-0.00023874006310053986,-0.00046645167065484383,0.9555663587307518,0.48788456302749794,-0.032499327947255574,470
trend,SBER,3.0,30,0.0015,1.5,-4.6572446177672866e-05,-0.0005755546517808297,0.9962307044524605,0.4956544298871449,-0.0060413083639565815,476
trend,LKOH,3.0,30,0.0015,1.5,-3.508134048990641e-05,-5.5591007453670294e-05,0.932992637755927,0.48538622129436326,-0.0045774191662186344,489
trend,GMKN,3.0,30,0.0015,1.5,0.00014001993707424276,-0.0009422634449157696,1.0077213519034323,0.4836899791231733,0.01826982477481342,504
trend,YNDX,3.0,30,0.0015,2.0,7.631275532160586e-06,-3.704678575355835e-05,1.0138055137777253,0.48153967007069914,0.0014986794053740758,328
trend,GAZP,3.0,30,0.0015,2.0,0.0003060845514493149,-0.00038854581475478156,1.0330176156917796,0.49645390070921985,0.052946644429911725,360
trend,ROSN,3.0,30,0.0015,2.0,-0.0001790565201932326,-0.0003498567570553446,0.9555660801514797,0.48788456302749794,-0.024374696459741288,470
trend,SBER,3.0,30,0.0015,2.0,-3.491267286359623e-05,-0.00043169052887315207,0.9962326242509079,0.4956544298871449,-0.004528819933007861,476
trend,LKOH,3.0,30,0.0015,2.0,-2.631104899020187e-05,-4.169348102456283e-05,0.9329927510996948,0.48538622129436326,-0.0034330700665795083,489
trend,GMKN,3.0,30,0.0015,2.0,0.0001050464241050264,-0.0007067700490677176,1.0077240386300992,0.4836899791231733,0.013706474961510891,504
trend,YNDX,3.0,30,0.0015,2.5,6.105054716876168e-06,-2.9637527468540092e-05,1.0138056150190544,0.48153967007069914,0.0011989502586188282,328
trend,GAZP,3.0,30,0.0015,2.5,0.00024487167809805754,-0.000310847902773026,1.0330192489359784,0.49645390070921985,0.0423580138554087,360
trend,ROSN,3.0,30,0.0015,2.5,-0.0001432459230477079,-0.0002798940480057688,0.955565913021962,0.48788456302749794,-0.019499853396087,470
trend,SBER,3.0,30,0.0015,2.5,-2.792214057623088e-05,-0.0003453642028643511,0.9962337760708124,0.4956544298871449,-0.0036220184947715634,476
trend,LKOH,3.0,30,0.0015,2.5,-2.1048860131100966e-05,-3.335489302858097e-05,0.9329928191058996,0.48538622129436326,-0.0027464587853729162,489
trend,GMKN,3.0,30,0.0015,2.5,8.405224482199714e-05,-0.0005654508257532109,1.0077256507584225,0.4836899791231733,0.010967150942310305,504
trend,YNDX,3.0,30,0.002,1.5,1.3566415711707691e-05,-6.586009806319737e-05,1.0138051200633322,0.48153967007069914,0.002664260744640028,328
trend,GAZP,3.0,30,0.002,1.5,0.0005441154066156972,-0.0006906508952290169,1.0330112645112344,0.49645390070921985,0.09412132963425614,360
trend,ROSN,3.0,30,0.002,1.5,-0.00031831659229031306,-0.0006218928875305618,0.9555667302282604,0.48788456302749794,-0.043331961923531816,470
trend,SBER,3.0,30,0.002,1.5,-6.213608899896528e-05,-0.0007673480373416863,0.9962281445294469,0.4956544298871449,-0.008060200933839454,476
trend,LKOH,3.0,30,0.002,1.5,-4.67750172503667e-05,-7.412080891266992e-05,0.9329924866307231,0.48538622129436326,-0.006103212062937183,489
trend,GMKN,3.0,30,0.002,1.5,0.00018661864585989285,-0.0012561795125380915,1.00771776990038,0.4836899791231733,0.024350032079846335,504
trend,YNDX,3.0,30,0.002,2.0,1.0174938789297983e-05,-4.9395439712274225e-05,1.0138053450426179,0.48153967007069914,0.001998220500647892,328
trend,GAZP,3.0,30,0.002,2.0,0.00040810151804993033,-0.0005180298355247359,1.033014893694019,0.49645390070921985,0.07059358554746673,360
trend,ROSN,3.0,30,0.002,2.0,-0.00023874006310053986,-0.00046645167065484383,0.9555663587307518,0.48788456302749794,-0.03249932794725557,470
trend,SBER,3.0,30,0.002,2.0,-4.6572446177672866e-05,-0.0005755546517808297,0.9962307044524606,0.4956544298871449,-0.006041308363956575,476
trend,LKOH,3.0,30,0.002,2.0,-3.508134048990641e-05,-5.5591007453670294e-05,0.9329926377559271,0.48538622129436326,-0.0045774191662186344,489
trend,GMKN,3.0,30,0.002,2.0,0.00014001993707424276,-0.0009422634449157696,1.0077213519034323,0.4836899791231733,0.018269824774813394,504
trend,YNDX,3.0,30,0.002,2.5,8.140011993784668e-06,-3.9516527530203405e-05,1.0138054800306597,0.48153967007069914,0.001598588372695485,328
trend,GAZP,3.0,30,0.002,2.5,0.00032648839373772276,-0.00041444386879130324,1.0330170712846376,0.49645390070921985,0.056476110316183804,360
trend,ROSN,3.0,30,0.002,2.5,-0.00019099330734628772,-0.00037317669990066804,0.9555661358643267,0.48788456302749794,-0.02599963345306672,470
trend,SBER,3.0,30,0.002,2.5,-3.724373891322852e-05,-0.00046046466213500725,0.9962322403010794,0.4956544298871449,-0.004831202349612509,476
trend,LKOH,3.0,30,0.002,2.5,-2.8065109616726147e-05,-4.4472998333433544e-05,0.9329927284309508,0.48538622129436326,-0.003661940190078417,489
trend,GMKN,3.0,30,0.002,2.5,0.00011204280532051136,-0.0007538725923650347,1.007723501269379,0.4836899791231733,0.01461936395101006,504
